bulit_area,zone_east,zone_north,zone_south,zone_west,construction_status,bhk_type,luxury_category,price_value
0.26957928802588993,0.0,1.0,0.0,0.0,0.0,3.0,1.0,2.71
0.40722761596548,1.0,0.0,0.0,0.0,2.0,3.0,1.0,4.0
0.11574973031283711,1.0,0.0,0.0,0.0,2.0,1.0,0.0,0.85
0.10679611650485438,0.0,0.0,1.0,0.0,0.0,1.0,1.0,0.97
0.12276159654800434,1.0,0.0,0.0,0.0,2.0,1.0,1.0,0.76
0.14811218985976268,0.0,1.0,0.0,0.0,2.0,2.0,1.0,2.1
0.261596548004315,1.0,0.0,0.0,0.0,1.0,3.0,1.0,2.79
0.13322545846817693,0.0,0.0,1.0,0.0,1.0,2.0,0.0,0.83
0.06752966558791801,1.0,0.0,0.0,0.0,2.0,0.0,1.0,0.4
0.1250269687162891,1.0,0.0,0.0,0.0,0.0,2.0,1.0,0.46
0.1696871628910464,1.0,0.0,0.0,0.0,3.0,2.0,1.0,0.72
0.133764832793959,1.0,0.0,0.0,0.0,2.0,2.0,0.0,0.95
0.2074433656957929,1.0,0.0,0.0,0.0,1.0,2.0,0.0,2.2
0.04832793959007551,1.0,0.0,0.0,0.0,0.0,0.0,0.0,0.33
0.10852211434735706,0.0,0.0,1.0,0.0,2.0,1.0,0.0,1.6
0.17011866235167206,0.0,0.0,1.0,0.0,4.0,2.0,0.0,1.0
0.15663430420711974,0.0,1.0,0.0,0.0,0.0,2.0,1.0,2.1
0.20010787486515644,1.0,0.0,0.0,0.0,1.0,3.0,1.0,4.09
0.5098166127292341,1.0,0.0,0.0,0.0,2.0,3.0,1.0,5.3
0.10809061488673138,1.0,0.0,0.0,0.0,0.0,2.0,0.0,1.75
0.22362459546925567,0.0,1.0,0.0,0.0,0.0,3.0,0.0,1.7
0.2764832793959007,1.0,0.0,0.0,0.0,2.0,3.0,2.0,4.5
0.1267529665587918,1.0,0.0,0.0,0.0,1.0,2.0,1.0,1.53
0.22524271844660196,1.0,0.0,0.0,0.0,3.0,3.0,1.0,3.18
0.4142394822006472,1.0,0.0,0.0,0.0,1.0,2.0,0.0,7.3
0.14153182308522116,0.0,1.0,0.0,0.0,2.0,1.0,1.0,1.0
0.11499460625674218,1.0,0.0,0.0,0.0,1.0,1.0,1.0,1.36
0.13732470334412084,0.0,1.0,0.0,0.0,1.0,1.0,1.0,1.14
0.17713052858683928,0.0,0.0,1.0,0.0,4.0,1.0,0.0,1.0
0.13851132686084144,0.0,0.0,0.0,1.0,3.0,2.0,1.0,1.4
0.3042071197411003,0.0,1.0,0.0,0.0,0.0,2.0,1.0,4.21
0.13635382955771305,0.0,0.0,1.0,0.0,3.0,1.0,1.0,0.6
0.14811218985976268,0.0,1.0,0.0,0.0,1.0,2.0,1.0,1.17
0.17777777777777778,0.0,0.0,1.0,0.0,2.0,2.0,1.0,1.25
0.1353829557713053,0.0,0.0,0.0,1.0,5.0,2.0,0.0,1.55
0.1376483279395901,0.0,1.0,0.0,0.0,0.0,2.0,0.0,0.48
0.09697950377562028,0.0,1.0,0.0,0.0,2.0,1.0,1.0,0.9
0.17562028047464942,0.0,0.0,0.0,1.0,1.0,2.0,1.0,2.08
0.13408845738942826,0.0,1.0,0.0,0.0,2.0,1.0,1.0,1.59
0.14261057173678535,1.0,0.0,0.0,0.0,2.0,2.0,1.0,1.85
0.06084142394822007,0.0,1.0,0.0,0.0,0.0,0.0,2.0,0.49
0.16310679611650486,0.0,0.0,0.0,1.0,3.0,2.0,1.0,0.78
0.06666666666666668,0.0,0.0,1.0,0.0,3.0,0.0,0.0,0.4
0.12233009708737866,1.0,0.0,0.0,0.0,0.0,2.0,1.0,1.1
0.18953613807982742,1.0,0.0,0.0,0.0,2.0,2.0,0.0,3.4
0.4042071197411003,1.0,0.0,0.0,0.0,0.0,3.0,0.0,4.5
0.15221143473570659,1.0,0.0,0.0,0.0,2.0,2.0,2.0,2.4
0.08727076591154262,1.0,0.0,0.0,0.0,0.0,2.0,1.0,0.36
0.13732470334412084,1.0,0.0,0.0,0.0,1.0,2.0,1.0,0.61
0.19827400215749733,0.0,1.0,0.0,0.0,2.0,2.0,1.0,1.9
0.1376483279395901,0.0,0.0,0.0,1.0,5.0,2.0,1.0,1.2
0.11035598705501617,0.0,0.0,1.0,0.0,1.0,1.0,1.0,0.76
0.24617044228694715,1.0,0.0,0.0,0.0,0.0,3.0,2.0,3.25
0.11413160733549083,0.0,0.0,1.0,0.0,0.0,2.0,1.0,0.49
0.19341963322545846,0.0,0.0,0.0,1.0,4.0,2.0,1.0,1.25
0.14163969795037756,0.0,0.0,0.0,1.0,0.0,2.0,0.0,0.75
0.19956850053937433,0.0,0.0,0.0,1.0,3.0,2.0,1.0,1.7
0.1413160733549083,0.0,1.0,0.0,0.0,2.0,1.0,0.0,0.95
0.12405609492988134,0.0,0.0,1.0,0.0,2.0,2.0,2.0,0.54
0.04897518878101403,0.0,0.0,1.0,0.0,2.0,0.0,1.0,0.26
0.05145631067961165,0.0,0.0,1.0,0.0,2.0,0.0,1.0,0.35
0.21035598705501618,1.0,0.0,0.0,0.0,2.0,3.0,1.0,2.3
0.14973031283710897,0.0,1.0,0.0,0.0,2.0,2.0,0.0,1.6
0.12696871628910464,0.0,1.0,0.0,0.0,3.0,2.0,0.0,0.8
0.262891046386192,1.0,0.0,0.0,0.0,0.0,3.0,1.0,4.5
0.09320388349514563,0.0,0.0,1.0,0.0,3.0,1.0,0.0,0.25
0.2872707659115426,0.0,0.0,0.0,1.0,1.0,3.0,2.0,4.44
0.15879180151024813,0.0,0.0,1.0,0.0,2.0,2.0,0.0,0.6
0.18953613807982742,1.0,0.0,0.0,0.0,0.0,2.0,0.0,1.65
0.18910463861920174,0.0,0.0,0.0,1.0,0.0,2.0,0.0,0.96
0.7661272923408846,1.0,0.0,0.0,0.0,2.0,3.0,2.0,5.2
0.11434735706580368,0.0,0.0,0.0,1.0,3.0,2.0,2.0,1.02
0.2335490830636462,1.0,0.0,0.0,0.0,0.0,3.0,2.0,4.08
0.14196332254584682,0.0,0.0,1.0,0.0,0.0,2.0,0.0,1.35
0.1696871628910464,0.0,1.0,0.0,0.0,2.0,2.0,1.0,1.66
0.2518878101402373,0.0,0.0,0.0,1.0,0.0,3.0,2.0,7.14
0.1307443365695793,1.0,0.0,0.0,0.0,2.0,1.0,1.0,2.35
0.127831715210356,1.0,0.0,0.0,0.0,0.0,2.0,1.0,1.83
0.5256742179072276,1.0,0.0,0.0,0.0,0.0,3.0,2.0,4.7
0.1429341963322546,0.0,1.0,0.0,0.0,0.0,2.0,2.0,1.8
0.13732470334412084,1.0,0.0,0.0,0.0,1.0,1.0,1.0,1.3
0.10474649406688241,1.0,0.0,0.0,0.0,0.0,1.0,0.0,1.2
0.10787486515641856,0.0,0.0,1.0,0.0,3.0,1.0,1.0,0.39
0.4215749730312837,1.0,0.0,0.0,0.0,4.0,3.0,2.0,9.75
0.15566343042071198,1.0,0.0,0.0,0.0,2.0,2.0,0.0,1.36
0.1813376483279396,0.0,1.0,0.0,0.0,3.0,2.0,1.0,1.55
0.7417475728155339,1.0,0.0,0.0,0.0,3.0,3.0,0.0,7.5
0.13333333333333333,1.0,0.0,0.0,0.0,2.0,2.0,1.0,1.47
0.0778856526429342,0.0,0.0,1.0,0.0,0.0,0.0,1.0,0.25
0.10377562028047466,0.0,1.0,0.0,0.0,3.0,1.0,0.0,0.6
0.11132686084142396,1.0,0.0,0.0,0.0,1.0,2.0,0.0,0.45
0.15943905070118664,0.0,0.0,1.0,0.0,4.0,2.0,1.0,0.88
0.141747572815534,0.0,1.0,0.0,0.0,1.0,2.0,1.0,0.49
0.17130528586839266,1.0,0.0,0.0,0.0,0.0,2.0,1.0,0.8
0.12179072276159655,0.0,0.0,1.0,0.0,3.0,2.0,0.0,1.35
0.13861920172599784,0.0,1.0,0.0,0.0,0.0,2.0,1.0,1.1
0.04552319309600863,1.0,0.0,0.0,0.0,2.0,0.0,1.0,0.5
0.10474649406688241,1.0,0.0,0.0,0.0,0.0,2.0,2.0,1.3
0.14973031283710897,0.0,0.0,1.0,0.0,0.0,2.0,1.0,1.02
0.13085221143473572,0.0,1.0,0.0,0.0,2.0,1.0,1.0,1.05
0.0802588996763754,0.0,0.0,1.0,0.0,1.0,1.0,0.0,0.55
0.11909385113268608,1.0,0.0,0.0,0.0,2.0,1.0,1.0,0.92
0.38543689320388347,1.0,0.0,0.0,0.0,1.0,2.0,0.0,8.25
0.1627831715210356,1.0,0.0,0.0,0.0,1.0,2.0,1.0,2.8
0.26947141316073353,1.0,0.0,0.0,0.0,0.0,3.0,1.0,3.4
0.12653721682847896,0.0,1.0,0.0,0.0,1.0,1.0,1.0,1.29
0.14735706580366775,1.0,0.0,0.0,0.0,2.0,2.0,1.0,1.86
0.18338727076591155,0.0,1.0,0.0,0.0,1.0,2.0,1.0,1.95
0.13009708737864079,0.0,0.0,1.0,0.0,3.0,1.0,1.0,0.64
0.20323624595469256,0.0,0.0,0.0,1.0,3.0,3.0,2.0,6.25
0.12912621359223303,0.0,0.0,1.0,0.0,0.0,2.0,0.0,1.23
0.2075512405609493,1.0,0.0,0.0,0.0,0.0,3.0,1.0,3.7
0.19093851132686085,0.0,1.0,0.0,0.0,1.0,2.0,1.0,2.67
0.15188781014023733,0.0,1.0,0.0,0.0,1.0,2.0,1.0,1.54
0.1250269687162891,1.0,0.0,0.0,0.0,1.0,1.0,0.0,1.3
0.1306364617044229,1.0,0.0,0.0,0.0,4.0,1.0,1.0,0.8
0.27432578209277236,1.0,0.0,0.0,0.0,0.0,3.0,1.0,3.6
0.21477885652642936,1.0,0.0,0.0,0.0,0.0,3.0,1.0,3.29
0.09417475728155339,0.0,1.0,0.0,0.0,2.0,1.0,1.0,0.95
0.03581445523193096,0.0,0.0,1.0,0.0,3.0,0.0,0.0,0.12
0.2715210355987055,1.0,0.0,0.0,0.0,1.0,2.0,2.0,4.5
0.08921251348435816,0.0,0.0,1.0,0.0,2.0,1.0,0.0,0.53
0.18414239482200648,0.0,1.0,0.0,0.0,0.0,2.0,1.0,3.1
0.15372168284789645,1.0,0.0,0.0,0.0,1.0,2.0,1.0,1.46
0.17011866235167206,1.0,0.0,0.0,0.0,3.0,2.0,1.0,1.8
0.2335490830636462,1.0,0.0,0.0,0.0,0.0,3.0,1.0,3.2
0.10280474649406687,0.0,0.0,0.0,1.0,2.0,1.0,0.0,1.32
0.14077669902912623,0.0,0.0,0.0,1.0,1.0,2.0,1.0,0.96
0.12243797195253506,0.0,0.0,0.0,1.0,2.0,1.0,1.0,0.92
0.09859762675296657,0.0,0.0,1.0,0.0,0.0,1.0,1.0,0.33
0.1597626752966559,1.0,0.0,0.0,0.0,1.0,2.0,1.0,2.39
0.4961165048543689,1.0,0.0,0.0,0.0,3.0,3.0,2.0,4.8
0.26742179072276157,0.0,0.0,0.0,1.0,3.0,3.0,2.0,7.5
0.17971952535059332,0.0,0.0,1.0,0.0,0.0,2.0,2.0,3.2
0.13124811218985977,0.0,1.0,0.0,0.0,0.0,1.0,1.0,2.5
0.16936353829557713,0.0,1.0,0.0,0.0,0.0,2.0,2.0,1.11
0.3207119741100323,0.0,0.0,0.0,1.0,2.0,3.0,2.0,7.0
0.11833872707659115,1.0,0.0,0.0,0.0,2.0,1.0,1.0,1.5
0.10711974110032363,0.0,1.0,0.0,0.0,2.0,1.0,0.0,0.85
0.11618122977346279,0.0,1.0,0.0,0.0,2.0,1.0,1.0,0.72
0.1483279395900755,1.0,0.0,0.0,0.0,3.0,1.0,2.0,0.77
0.12427184466019417,1.0,0.0,0.0,0.0,2.0,1.0,0.0,0.75
0.12653721682847896,0.0,0.0,1.0,0.0,0.0,1.0,1.0,0.68
0.14973031283710897,0.0,0.0,1.0,0.0,4.0,2.0,2.0,1.85
0.0494066882416397,0.0,0.0,1.0,0.0,0.0,0.0,1.0,0.56
0.1372168284789644,0.0,1.0,0.0,0.0,0.0,2.0,1.0,1.33
0.5866235167206041,0.0,1.0,0.0,0.0,2.0,3.0,2.0,7.1
0.22826321467098168,1.0,0.0,0.0,0.0,1.0,3.0,1.0,3.0
0.11035598705501617,0.0,0.0,1.0,0.0,2.0,1.0,0.0,0.61
0.1655879180151025,0.0,1.0,0.0,0.0,2.0,1.0,1.0,1.08
0.09859762675296657,0.0,0.0,1.0,0.0,2.0,1.0,0.0,0.32
0.11574973031283711,0.0,1.0,0.0,0.0,0.0,2.0,1.0,1.08
0.09859762675296657,0.0,1.0,0.0,0.0,0.0,1.0,0.0,0.79
0.1336569579288026,0.0,0.0,1.0,0.0,2.0,2.0,0.0,1.54
0.13398058252427186,1.0,0.0,0.0,0.0,0.0,1.0,1.0,0.77
0.08586839266450916,0.0,0.0,0.0,1.0,2.0,1.0,1.0,0.64
0.39622437971952534,0.0,1.0,0.0,0.0,2.0,3.0,2.0,6.9
0.13387270765911544,0.0,0.0,1.0,0.0,1.0,2.0,1.0,1.75
0.5418554476806904,0.0,1.0,0.0,0.0,0.0,3.0,2.0,11.5
0.07648327939590074,1.0,0.0,0.0,0.0,3.0,0.0,1.0,0.35
0.23754045307443367,0.0,0.0,1.0,0.0,2.0,2.0,0.0,1.7
0.27939590075512405,1.0,0.0,0.0,0.0,4.0,3.0,2.0,4.5
0.47389428263214667,0.0,1.0,0.0,0.0,2.0,2.0,1.0,6.5
0.11186623516720604,0.0,1.0,0.0,0.0,0.0,1.0,1.0,1.2
0.15016181229773465,0.0,0.0,1.0,0.0,3.0,2.0,1.0,0.9
0.2543689320388349,0.0,1.0,0.0,0.0,0.0,3.0,1.0,2.9
0.18047464940668825,0.0,0.0,1.0,0.0,3.0,2.0,1.0,1.5
0.09320388349514563,0.0,0.0,0.0,1.0,3.0,2.0,1.0,0.65
0.15771305285868392,0.0,1.0,0.0,0.0,2.0,2.0,1.0,1.95
0.10852211434735706,1.0,0.0,0.0,0.0,0.0,2.0,0.0,1.6
0.3751887810140237,0.0,0.0,0.0,1.0,2.0,3.0,2.0,8.5
0.2300970873786408,1.0,0.0,0.0,0.0,1.0,3.0,2.0,2.08
0.09902912621359222,0.0,0.0,0.0,1.0,2.0,2.0,1.0,0.75
0.17454153182308524,0.0,0.0,0.0,1.0,0.0,2.0,2.0,0.89
0.13959007551240563,1.0,0.0,0.0,0.0,0.0,2.0,2.0,1.8
0.367529665587918,0.0,1.0,0.0,0.0,1.0,3.0,0.0,3.8
0.13042071197411004,1.0,0.0,0.0,0.0,0.0,1.0,1.0,1.85
0.12168284789644013,0.0,0.0,1.0,0.0,2.0,2.0,1.0,0.85
0.09784250269687164,0.0,1.0,0.0,0.0,1.0,1.0,1.0,0.82
0.1574973031283711,0.0,0.0,1.0,0.0,1.0,2.0,1.0,2.25
0.17497303128371092,0.0,0.0,1.0,0.0,1.0,2.0,1.0,2.04
0.16084142394822007,1.0,0.0,0.0,0.0,0.0,2.0,1.0,2.55
0.15382955771305287,0.0,1.0,0.0,0.0,2.0,2.0,0.0,1.87
0.2830636461704423,1.0,0.0,0.0,0.0,0.0,3.0,1.0,4.0
0.15598705501618124,0.0,0.0,1.0,0.0,3.0,2.0,1.0,1.05
0.1422869471413161,0.0,1.0,0.0,0.0,0.0,1.0,1.0,1.2
0.24261057173678535,1.0,0.0,0.0,0.0,0.0,3.0,1.0,4.0
0.23516720604099245,1.0,0.0,0.0,0.0,1.0,3.0,2.0,3.8
0.11628910463861919,0.0,0.0,1.0,0.0,0.0,1.0,0.0,0.68
0.11014023732470335,0.0,1.0,0.0,0.0,0.0,1.0,1.0,0.87
0.2296655879180151,0.0,1.0,0.0,0.0,2.0,2.0,1.0,2.5
0.4717367853290183,0.0,1.0,0.0,0.0,2.0,3.0,2.0,4.8
0.12297734627831716,1.0,0.0,0.0,0.0,2.0,1.0,0.0,1.9
0.1302049622437972,1.0,0.0,0.0,0.0,2.0,1.0,2.0,1.1
0.39622437971952534,0.0,1.0,0.0,0.0,0.0,3.0,2.0,5.5
0.17993527508090615,0.0,1.0,0.0,0.0,1.0,2.0,2.0,3.0
0.10916936353829557,1.0,0.0,0.0,0.0,2.0,1.0,1.0,1.3
0.16677454153182308,0.0,1.0,0.0,0.0,3.0,2.0,1.0,1.35
0.11057173678532903,1.0,0.0,0.0,0.0,2.0,1.0,0.0,1.35
0.21240560949298815,1.0,0.0,0.0,0.0,3.0,2.0,1.0,1.6
0.1644012944983819,1.0,0.0,0.0,0.0,1.0,2.0,1.0,2.13
0.08985976267529666,0.0,0.0,1.0,0.0,0.0,1.0,0.0,0.65
0.11434735706580368,0.0,1.0,0.0,0.0,1.0,1.0,1.0,0.95
0.14854368932038836,0.0,0.0,1.0,0.0,2.0,2.0,1.0,0.6
0.06882416396979504,1.0,0.0,0.0,0.0,0.0,0.0,1.0,0.6
0.20204962243797195,0.0,1.0,0.0,0.0,2.0,2.0,1.0,2.5
0.14379719525350595,0.0,0.0,0.0,1.0,2.0,2.0,1.0,1.13
0.12599784250269688,0.0,1.0,0.0,0.0,3.0,2.0,1.0,0.83
0.20215749730312838,0.0,1.0,0.0,0.0,1.0,2.0,0.0,1.2
0.16526429341963322,1.0,0.0,0.0,0.0,0.0,2.0,1.0,1.8
0.1632146709816613,1.0,0.0,0.0,0.0,1.0,2.0,1.0,1.26
0.2365695792880259,1.0,0.0,0.0,0.0,1.0,3.0,1.0,1.98
0.0960086299892125,0.0,1.0,0.0,0.0,2.0,1.0,1.0,0.72
0.04746494066882417,0.0,1.0,0.0,0.0,0.0,0.0,1.0,0.59
0.14573894282632147,0.0,0.0,0.0,1.0,3.0,1.0,1.0,0.65
0.39622437971952534,0.0,1.0,0.0,0.0,0.0,3.0,0.0,5.55
0.08338727076591154,0.0,0.0,0.0,1.0,4.0,1.0,1.0,0.7
0.14217907227615967,0.0,0.0,1.0,0.0,0.0,2.0,0.0,1.07
0.3422869471413161,1.0,0.0,0.0,0.0,0.0,3.0,1.0,3.6
0.42071197411003236,1.0,0.0,0.0,0.0,3.0,3.0,2.0,10.0
0.14811218985976268,0.0,0.0,0.0,1.0,3.0,1.0,1.0,2.0
0.16677454153182308,0.0,0.0,1.0,0.0,0.0,2.0,1.0,1.65
0.10604099244875945,1.0,0.0,0.0,0.0,2.0,1.0,1.0,0.7
0.1772384034519957,0.0,1.0,0.0,0.0,1.0,2.0,1.0,1.7
0.11477885652642936,0.0,0.0,1.0,0.0,1.0,1.0,1.0,0.49
0.14250269687162892,0.0,0.0,1.0,0.0,0.0,2.0,1.0,1.8
0.09406688241639699,0.0,1.0,0.0,0.0,0.0,1.0,1.0,0.53
0.1773462783171521,0.0,1.0,0.0,0.0,4.0,2.0,1.0,1.65
0.17918015102481122,0.0,0.0,1.0,0.0,3.0,2.0,0.0,1.2
0.18932038834951456,0.0,0.0,0.0,1.0,2.0,2.0,1.0,1.3
0.16494066882416397,0.0,1.0,0.0,0.0,0.0,2.0,2.0,1.88
0.13387270765911544,1.0,0.0,0.0,0.0,2.0,1.0,2.0,0.77
0.11823085221143473,1.0,0.0,0.0,0.0,3.0,1.0,0.0,1.99
0.18662351672060412,1.0,0.0,0.0,0.0,1.0,3.0,0.0,2.1
0.15145631067961166,1.0,0.0,0.0,0.0,1.0,2.0,1.0,0.49
0.10798274002157499,0.0,0.0,1.0,0.0,3.0,1.0,1.0,0.83
0.11186623516720604,1.0,0.0,0.0,0.0,2.0,1.0,1.0,0.68
0.11003236245954692,0.0,0.0,1.0,0.0,3.0,1.0,1.0,0.75
0.13570658036677455,0.0,0.0,1.0,0.0,1.0,1.0,1.0,0.68
0.1825242718446602,0.0,1.0,0.0,0.0,3.0,2.0,1.0,1.15
0.11574973031283711,0.0,1.0,0.0,0.0,2.0,1.0,1.0,1.3
0.11952535059331176,0.0,1.0,0.0,0.0,2.0,1.0,0.0,0.75
0.17130528586839266,0.0,0.0,1.0,0.0,2.0,2.0,0.0,0.54
0.09061488673139159,0.0,0.0,1.0,0.0,2.0,1.0,0.0,0.7
0.13344120819848976,0.0,0.0,1.0,0.0,2.0,2.0,0.0,1.63
0.13214670981661275,0.0,0.0,1.0,0.0,2.0,1.0,1.0,1.25
0.10388349514563108,0.0,0.0,1.0,0.0,1.0,1.0,1.0,0.7
0.09234088457389428,0.0,0.0,0.0,1.0,1.0,1.0,0.0,0.68
0.11672060409924487,0.0,1.0,0.0,0.0,2.0,1.0,0.0,1.2
0.09892125134843582,0.0,0.0,1.0,0.0,0.0,1.0,1.0,0.84
0.5866235167206041,0.0,1.0,0.0,0.0,0.0,3.0,1.0,8.4
0.11628910463861919,1.0,0.0,0.0,0.0,2.0,1.0,1.0,0.9
0.4825242718446602,0.0,1.0,0.0,0.0,0.0,3.0,0.0,7.43
0.17874865156418557,0.0,1.0,0.0,0.0,2.0,2.0,1.0,3.35
0.2091693635382956,1.0,0.0,0.0,0.0,0.0,3.0,1.0,3.5
0.06871628910463862,1.0,0.0,0.0,0.0,2.0,0.0,2.0,0.68
0.2451995685005394,0.0,1.0,0.0,0.0,1.0,2.0,1.0,4.39
0.14638619201726,0.0,0.0,1.0,0.0,2.0,2.0,0.0,0.7
0.17939590075512407,0.0,0.0,0.0,1.0,2.0,2.0,0.0,2.0
0.1429341963322546,0.0,1.0,0.0,0.0,1.0,2.0,1.0,1.54
0.19385113268608414,1.0,0.0,0.0,0.0,1.0,3.0,1.0,2.4
0.15242718446601944,1.0,0.0,0.0,0.0,1.0,2.0,1.0,1.44
0.16947141316073355,1.0,0.0,0.0,0.0,2.0,2.0,2.0,3.1
0.17065803667745416,0.0,0.0,0.0,1.0,1.0,2.0,1.0,2.59
0.15922330097087378,0.0,0.0,0.0,1.0,2.0,1.0,1.0,2.94
0.1696871628910464,0.0,1.0,0.0,0.0,2.0,2.0,1.0,1.7
0.2517799352750809,0.0,0.0,1.0,0.0,2.0,2.0,0.0,2.75
0.3436893203883495,0.0,1.0,0.0,0.0,1.0,2.0,1.0,5.38
0.161596548004315,1.0,0.0,0.0,0.0,0.0,2.0,1.0,1.26
0.2656957928802589,0.0,0.0,0.0,1.0,0.0,2.0,1.0,6.97
0.1638619201725998,0.0,0.0,0.0,1.0,2.0,2.0,1.0,2.3
0.10722761596548006,0.0,1.0,0.0,0.0,2.0,1.0,2.0,1.25
0.1250269687162891,0.0,0.0,1.0,0.0,2.0,1.0,2.0,0.94
0.17152103559870552,0.0,1.0,0.0,0.0,0.0,2.0,0.0,1.79
0.10496224379719526,1.0,0.0,0.0,0.0,0.0,1.0,1.0,0.65
0.368824163969795,0.0,1.0,0.0,0.0,0.0,3.0,2.0,3.4
0.12588996763754046,0.0,0.0,1.0,0.0,3.0,1.0,1.0,0.45
0.1209277238403452,0.0,1.0,0.0,0.0,2.0,2.0,1.0,2.45
0.17648327939590078,0.0,0.0,1.0,0.0,3.0,2.0,0.0,0.88
0.1348435814455232,0.0,0.0,1.0,0.0,3.0,2.0,1.0,0.83
0.1209277238403452,0.0,1.0,0.0,0.0,3.0,1.0,1.0,0.93
0.15091693635382958,1.0,0.0,0.0,0.0,4.0,1.0,0.0,0.75
0.1022653721682848,0.0,0.0,1.0,0.0,3.0,1.0,1.0,1.15
0.19600862998921253,0.0,1.0,0.0,0.0,1.0,2.0,1.0,3.55
0.2727076591154261,1.0,0.0,0.0,0.0,2.0,3.0,1.0,4.25
0.18932038834951456,1.0,0.0,0.0,0.0,0.0,2.0,1.0,2.0
0.09989212513484358,0.0,1.0,0.0,0.0,2.0,0.0,0.0,0.68
0.1378640776699029,0.0,0.0,1.0,0.0,2.0,2.0,0.0,0.6
0.2040992448759439,0.0,0.0,1.0,0.0,4.0,2.0,1.0,1.2
0.4825242718446602,0.0,1.0,0.0,0.0,0.0,3.0,2.0,11.5
0.12168284789644013,0.0,1.0,0.0,0.0,3.0,2.0,1.0,1.25
0.1707659115426106,1.0,0.0,0.0,0.0,0.0,2.0,1.0,1.75
0.16019417475728157,1.0,0.0,0.0,0.0,0.0,2.0,1.0,3.0
0.05889967637540453,0.0,0.0,1.0,0.0,2.0,0.0,0.0,0.51
0.05857605177993527,0.0,0.0,1.0,0.0,0.0,0.0,1.0,0.2
0.1492988133764833,0.0,1.0,0.0,0.0,1.0,2.0,1.0,0.91
0.05868392664509169,0.0,0.0,1.0,0.0,3.0,0.0,2.0,0.38
0.1376483279395901,0.0,0.0,1.0,0.0,0.0,2.0,0.0,1.16
0.13872707659115427,0.0,0.0,1.0,0.0,2.0,2.0,2.0,2.15
0.13279395900755125,0.0,1.0,0.0,0.0,2.0,1.0,1.0,1.5
0.11812297734627833,1.0,0.0,0.0,0.0,2.0,1.0,0.0,0.69
0.39557713052858684,1.0,0.0,0.0,0.0,2.0,3.0,1.0,6.85
0.17745415318230853,1.0,0.0,0.0,0.0,1.0,2.0,2.0,2.8
0.13495145631067962,1.0,0.0,0.0,0.0,1.0,2.0,1.0,2.2
0.11262135922330097,1.0,0.0,0.0,0.0,2.0,1.0,0.0,0.85
0.2348435814455232,0.0,1.0,0.0,0.0,2.0,2.0,1.0,3.2
0.04670981661272924,1.0,0.0,0.0,0.0,0.0,0.0,1.0,0.3
0.19029126213592235,0.0,0.0,1.0,0.0,2.0,2.0,2.0,1.3
0.07583603020496224,0.0,0.0,0.0,1.0,2.0,1.0,0.0,0.55
0.04692556634304207,0.0,0.0,0.0,1.0,3.0,0.0,1.0,0.35
0.07173678532901834,0.0,0.0,0.0,1.0,1.0,1.0,1.0,0.48
0.1853290183387271,0.0,0.0,1.0,0.0,0.0,2.0,0.0,1.55
0.2829557713052859,1.0,0.0,0.0,0.0,0.0,3.0,1.0,3.8
0.17562028047464942,0.0,1.0,0.0,0.0,2.0,2.0,1.0,3.3
0.07044228694714133,0.0,0.0,1.0,0.0,0.0,0.0,0.0,0.65
0.0,0.0,1.0,0.0,0.0,4.0,0.0,1.0,0.15
0.25976267529665586,0.0,1.0,0.0,0.0,4.0,2.0,1.0,2.72
0.10064724919093851,0.0,0.0,0.0,1.0,4.0,1.0,1.0,0.5
0.22653721682847897,1.0,0.0,0.0,0.0,0.0,2.0,1.0,2.6
0.28112189859762676,0.0,1.0,0.0,0.0,2.0,2.0,2.0,3.5
0.11574973031283711,0.0,1.0,0.0,0.0,1.0,1.0,1.0,0.9
0.14541531823085221,1.0,0.0,0.0,0.0,0.0,2.0,2.0,0.85
0.10873786407766992,1.0,0.0,0.0,0.0,1.0,1.0,0.0,1.35
0.15889967637540453,0.0,0.0,0.0,1.0,1.0,2.0,0.0,1.79
0.10496224379719526,0.0,0.0,1.0,0.0,2.0,1.0,0.0,0.66
0.17680690399137003,1.0,0.0,0.0,0.0,3.0,2.0,1.0,2.4
0.1401294498381877,0.0,1.0,0.0,0.0,3.0,1.0,2.0,0.96
0.10722761596548006,1.0,0.0,0.0,0.0,3.0,1.0,1.0,0.69
0.07044228694714133,0.0,0.0,1.0,0.0,0.0,0.0,1.0,0.52
0.15145631067961166,0.0,1.0,0.0,0.0,0.0,2.0,1.0,1.73
0.3714131607335491,1.0,0.0,0.0,0.0,4.0,3.0,1.0,6.0
0.14379719525350595,0.0,0.0,1.0,0.0,0.0,2.0,2.0,1.46
0.1854368932038835,0.0,1.0,0.0,0.0,2.0,2.0,1.0,2.0
0.22524271844660196,1.0,0.0,0.0,0.0,2.0,2.0,1.0,2.85
0.1132686084142395,1.0,0.0,0.0,0.0,0.0,2.0,0.0,1.1
0.11477885652642936,0.0,0.0,1.0,0.0,2.0,1.0,1.0,0.38
0.05102481121898598,1.0,0.0,0.0,0.0,4.0,0.0,1.0,0.31
0.19277238403451996,0.0,1.0,0.0,0.0,2.0,2.0,1.0,1.53
0.11585760517799354,0.0,1.0,0.0,0.0,2.0,1.0,1.0,0.72
0.1696871628910464,0.0,1.0,0.0,0.0,1.0,2.0,0.0,1.96
0.1325782092772384,1.0,0.0,0.0,0.0,1.0,2.0,0.0,0.49
0.3314994606256742,1.0,0.0,0.0,0.0,0.0,3.0,1.0,3.6
0.14854368932038836,0.0,0.0,1.0,0.0,2.0,2.0,1.0,0.99
0.1540453074433657,0.0,1.0,0.0,0.0,0.0,1.0,1.0,1.06
0.1347357065803668,0.0,0.0,1.0,0.0,3.0,2.0,1.0,0.65
0.12394822006472492,0.0,1.0,0.0,0.0,2.0,1.0,1.0,1.22
0.21715210355987055,0.0,0.0,1.0,0.0,2.0,2.0,1.0,1.22
0.059223300970873784,0.0,0.0,1.0,0.0,2.0,0.0,1.0,0.24
0.10679611650485438,0.0,0.0,1.0,0.0,1.0,1.0,1.0,0.67
0.12427184466019417,1.0,0.0,0.0,0.0,2.0,1.0,2.0,0.74
0.12200647249190938,0.0,0.0,1.0,0.0,2.0,1.0,0.0,0.61
0.4236245954692556,0.0,1.0,0.0,0.0,2.0,3.0,2.0,5.9
0.15706580366774542,0.0,1.0,0.0,0.0,0.0,2.0,1.0,1.58
0.1221143473570658,1.0,0.0,0.0,0.0,2.0,1.0,1.0,0.84
0.17648327939590078,0.0,0.0,0.0,1.0,2.0,2.0,0.0,0.78
0.12006472491909384,1.0,0.0,0.0,0.0,3.0,1.0,0.0,1.0
0.1632146709816613,1.0,0.0,0.0,0.0,1.0,2.0,1.0,1.68
0.2098166127292341,0.0,0.0,1.0,0.0,2.0,2.0,1.0,1.45
0.11715210355987055,0.0,1.0,0.0,0.0,1.0,1.0,1.0,1.27
0.13732470334412084,0.0,1.0,0.0,0.0,2.0,1.0,2.0,1.35
0.14757281553398058,0.0,0.0,1.0,0.0,2.0,2.0,1.0,1.35
0.37464940668824165,0.0,1.0,0.0,0.0,0.0,3.0,1.0,8.5
0.11434735706580368,1.0,0.0,0.0,0.0,2.0,1.0,0.0,1.44
0.1400215749730313,0.0,0.0,0.0,1.0,0.0,2.0,0.0,0.8
0.11790722761596548,1.0,0.0,0.0,0.0,2.0,1.0,0.0,0.69
0.08338727076591154,1.0,0.0,0.0,0.0,3.0,1.0,1.0,0.64
0.1098166127292341,0.0,0.0,0.0,1.0,2.0,2.0,1.0,0.62
0.13732470334412084,0.0,0.0,1.0,0.0,2.0,2.0,1.0,1.3
0.09061488673139159,0.0,0.0,1.0,0.0,3.0,1.0,1.0,0.55
0.11316073354908307,1.0,0.0,0.0,0.0,1.0,1.0,1.0,1.3
0.09838187702265372,0.0,0.0,0.0,1.0,2.0,1.0,0.0,1.1
0.2335490830636462,1.0,0.0,0.0,0.0,2.0,3.0,0.0,3.45
0.04832793959007551,0.0,0.0,1.0,0.0,3.0,0.0,0.0,0.25
0.296655879180151,0.0,1.0,0.0,0.0,0.0,3.0,0.0,5.4
0.15124056094929883,1.0,0.0,0.0,0.0,0.0,1.0,1.0,0.72
0.18220064724919094,1.0,0.0,0.0,0.0,0.0,2.0,1.0,1.55
0.11165048543689321,0.0,1.0,0.0,0.0,0.0,1.0,1.0,1.12
0.12923408845738943,0.0,0.0,1.0,0.0,2.0,1.0,1.0,1.4
0.2098166127292341,0.0,0.0,0.0,1.0,2.0,2.0,1.0,1.18
0.13678532901833873,0.0,0.0,1.0,0.0,2.0,1.0,1.0,0.6
0.15145631067961166,1.0,0.0,0.0,0.0,3.0,2.0,1.0,0.7
0.10614886731391585,1.0,0.0,0.0,0.0,3.0,1.0,1.0,0.69
0.09288025889967638,0.0,0.0,1.0,0.0,3.0,1.0,0.0,0.36
0.16429341963322547,0.0,1.0,0.0,0.0,2.0,2.0,0.0,1.25
0.13818770226537216,0.0,0.0,1.0,0.0,2.0,2.0,0.0,0.82
0.3207119741100323,1.0,0.0,0.0,0.0,1.0,2.0,1.0,4.3
0.1331175836030205,0.0,0.0,0.0,1.0,0.0,1.0,1.0,0.65
0.1319309600862999,1.0,0.0,0.0,0.0,0.0,2.0,1.0,2.1
0.2530744336569579,0.0,1.0,0.0,0.0,2.0,3.0,2.0,3.0
0.30798274002157494,1.0,0.0,0.0,0.0,3.0,3.0,1.0,4.79
0.1552319309600863,0.0,1.0,0.0,0.0,3.0,2.0,1.0,1.45
0.09482200647249192,0.0,1.0,0.0,0.0,0.0,1.0,0.0,0.88
0.30744336569579284,1.0,0.0,0.0,0.0,3.0,3.0,1.0,3.1
0.19600862998921253,0.0,1.0,0.0,0.0,1.0,2.0,2.0,3.6
0.21628910463861922,0.0,1.0,0.0,0.0,2.0,2.0,1.0,1.75
0.1855447680690399,0.0,0.0,0.0,1.0,0.0,2.0,0.0,1.2
0.1110032362459547,0.0,1.0,0.0,0.0,2.0,1.0,1.0,1.1
0.17583603020496225,0.0,0.0,1.0,0.0,0.0,2.0,0.0,1.4
0.1499460625674218,0.0,1.0,0.0,0.0,0.0,2.0,0.0,2.75
0.20204962243797195,1.0,0.0,0.0,0.0,3.0,3.0,2.0,1.8
0.11877022653721683,0.0,0.0,0.0,1.0,1.0,1.0,0.0,1.1
0.11574973031283711,0.0,1.0,0.0,0.0,1.0,1.0,1.0,0.87
0.14541531823085221,0.0,0.0,1.0,0.0,2.0,2.0,1.0,0.76
0.24919093851132687,1.0,0.0,0.0,0.0,1.0,3.0,1.0,3.2
0.13322545846817693,0.0,1.0,0.0,0.0,4.0,1.0,1.0,0.65
0.10755124056094931,0.0,0.0,1.0,0.0,3.0,1.0,1.0,0.72
0.1719525350593312,1.0,0.0,0.0,0.0,0.0,2.0,0.0,2.65
0.12114347357065805,0.0,0.0,1.0,0.0,0.0,1.0,1.0,0.79
0.1221143473570658,0.0,1.0,0.0,0.0,2.0,2.0,1.0,1.05
0.12578209277238403,0.0,1.0,0.0,0.0,0.0,1.0,1.0,1.45
0.18155339805825244,0.0,1.0,0.0,0.0,2.0,2.0,0.0,2.3
0.325782092772384,1.0,0.0,0.0,0.0,2.0,3.0,2.0,3.3
0.11963322545846819,1.0,0.0,0.0,0.0,2.0,1.0,2.0,1.15
0.2778856526429342,0.0,0.0,1.0,0.0,2.0,2.0,0.0,5.5
0.12200647249190938,1.0,0.0,0.0,0.0,1.0,2.0,1.0,1.0
0.13592233009708737,0.0,0.0,0.0,1.0,2.0,2.0,0.0,0.7
0.10960086299892124,0.0,1.0,0.0,0.0,1.0,2.0,1.0,1.0
0.14325782092772385,0.0,1.0,0.0,0.0,1.0,2.0,1.0,1.21
0.11035598705501617,0.0,1.0,0.0,0.0,3.0,1.0,1.0,1.25
0.12427184466019417,1.0,0.0,0.0,0.0,2.0,1.0,2.0,0.74
0.12793959007551242,0.0,0.0,0.0,1.0,0.0,1.0,1.0,1.08
0.1348435814455232,1.0,0.0,0.0,0.0,0.0,2.0,0.0,1.55
0.045307443365695796,1.0,0.0,0.0,0.0,2.0,0.0,1.0,0.38
0.2406688241639698,1.0,0.0,0.0,0.0,2.0,3.0,2.0,4.1
0.14617044228694714,1.0,0.0,0.0,0.0,2.0,2.0,0.0,2.0
0.2010787486515642,0.0,1.0,0.0,0.0,3.0,2.0,1.0,0.8
0.05393743257820928,0.0,0.0,1.0,0.0,1.0,0.0,1.0,0.7
0.12006472491909384,0.0,0.0,0.0,1.0,2.0,2.0,0.0,1.95
0.4124056094929881,0.0,1.0,0.0,0.0,3.0,3.0,2.0,5.9
0.17238403451995685,1.0,0.0,0.0,0.0,1.0,2.0,0.0,2.55
0.20032362459546926,1.0,0.0,0.0,0.0,0.0,2.0,1.0,2.62
0.5472491909385113,0.0,1.0,0.0,0.0,0.0,3.0,1.0,9.25
0.12308522114347359,1.0,0.0,0.0,0.0,1.0,2.0,2.0,0.85
0.09492988133764832,0.0,1.0,0.0,0.0,2.0,1.0,1.0,0.81
0.16925566343042073,0.0,1.0,0.0,0.0,2.0,2.0,0.0,1.57
0.11499460625674218,1.0,0.0,0.0,0.0,3.0,1.0,1.0,1.67
0.06299892125134843,1.0,0.0,0.0,0.0,4.0,0.0,0.0,0.37
0.1586839266450917,0.0,1.0,0.0,0.0,3.0,1.0,1.0,1.8
0.2559870550161812,0.0,1.0,0.0,0.0,1.0,2.0,1.0,2.97
0.10496224379719526,0.0,1.0,0.0,0.0,2.0,1.0,1.0,1.4
0.24951456310679612,0.0,1.0,0.0,0.0,2.0,3.0,1.0,1.8
0.18058252427184468,0.0,0.0,0.0,1.0,1.0,2.0,1.0,2.28
0.2646170442286947,1.0,0.0,0.0,0.0,3.0,3.0,0.0,5.5
0.20895361380798275,0.0,1.0,0.0,0.0,1.0,3.0,0.0,2.12
0.1533980582524272,1.0,0.0,0.0,0.0,2.0,2.0,0.0,0.9
0.4357065803667745,0.0,1.0,0.0,0.0,2.0,3.0,2.0,5.0
0.14444444444444446,0.0,0.0,1.0,0.0,2.0,2.0,0.0,0.69
0.12200647249190938,0.0,1.0,0.0,0.0,0.0,1.0,1.0,0.65
0.3174757281553398,0.0,0.0,0.0,1.0,0.0,3.0,2.0,7.88
0.17152103559870552,1.0,0.0,0.0,0.0,0.0,2.0,2.0,1.9
0.15361380798274002,1.0,0.0,0.0,0.0,2.0,2.0,0.0,1.34
0.29568500539374326,0.0,1.0,0.0,0.0,2.0,3.0,0.0,5.0
0.13171521035598707,0.0,0.0,1.0,0.0,0.0,1.0,0.0,0.75
0.29341963322545844,1.0,0.0,0.0,0.0,1.0,3.0,1.0,5.95
0.1505933117583603,1.0,0.0,0.0,0.0,2.0,2.0,1.0,2.4
0.09417475728155339,0.0,1.0,0.0,0.0,0.0,1.0,1.0,0.9
0.18166127292340886,0.0,0.0,1.0,0.0,2.0,2.0,1.0,0.72
0.10776699029126213,1.0,0.0,0.0,0.0,3.0,1.0,1.0,0.64
0.17648327939590078,1.0,0.0,0.0,0.0,1.0,2.0,2.0,2.25
0.2038834951456311,0.0,1.0,0.0,0.0,3.0,2.0,1.0,1.95
0.11024811218985978,0.0,0.0,0.0,1.0,3.0,2.0,1.0,1.02
0.2376483279395901,1.0,0.0,0.0,0.0,1.0,3.0,0.0,3.6
0.14390507011866235,0.0,1.0,0.0,0.0,3.0,2.0,1.0,0.78
0.09795037756202804,0.0,0.0,1.0,0.0,3.0,1.0,1.0,0.65
0.44865156418554475,0.0,1.0,0.0,0.0,0.0,3.0,1.0,8.88
0.061272923408845735,0.0,1.0,0.0,0.0,2.0,0.0,2.0,0.7
0.1533980582524272,1.0,0.0,0.0,0.0,2.0,2.0,0.0,0.84
0.2394822006472492,0.0,1.0,0.0,0.0,0.0,3.0,1.0,4.0
0.12060409924487595,0.0,1.0,0.0,0.0,1.0,1.0,2.0,1.78
0.2633225458468177,1.0,0.0,0.0,0.0,2.0,3.0,1.0,2.8
0.2897518878101402,1.0,0.0,0.0,0.0,0.0,2.0,2.0,5.2
0.1325782092772384,0.0,0.0,0.0,1.0,0.0,1.0,0.0,0.85
0.20539374325782095,0.0,0.0,0.0,1.0,0.0,2.0,0.0,1.9
0.44217907227615966,1.0,0.0,0.0,0.0,3.0,3.0,0.0,4.35
0.13732470334412084,1.0,0.0,0.0,0.0,1.0,1.0,0.0,1.27
0.15889967637540453,0.0,0.0,1.0,0.0,4.0,2.0,1.0,2.55
0.12567421790722763,1.0,0.0,0.0,0.0,0.0,1.0,1.0,0.62
0.15091693635382958,1.0,0.0,0.0,0.0,0.0,2.0,1.0,0.74
0.10722761596548006,1.0,0.0,0.0,0.0,3.0,1.0,1.0,0.99
0.09892125134843582,0.0,1.0,0.0,0.0,3.0,1.0,1.0,0.53
0.06310679611650485,0.0,0.0,1.0,0.0,1.0,1.0,1.0,0.55
0.17011866235167206,0.0,1.0,0.0,0.0,0.0,2.0,1.0,0.95
0.11887810140237326,0.0,0.0,1.0,0.0,3.0,1.0,1.0,0.56
0.16612729234088458,0.0,1.0,0.0,0.0,1.0,2.0,1.0,2.4
0.07702265372168285,1.0,0.0,0.0,0.0,0.0,1.0,1.0,0.5
0.30798274002157494,1.0,0.0,0.0,0.0,3.0,3.0,1.0,4.7
0.1487594390507012,0.0,1.0,0.0,0.0,1.0,2.0,0.0,1.11
0.12793959007551242,1.0,0.0,0.0,0.0,3.0,2.0,1.0,1.24
0.14196332254584682,0.0,1.0,0.0,0.0,4.0,1.0,1.0,0.9
0.23581445523193098,0.0,0.0,0.0,1.0,0.0,2.0,0.0,5.88
0.22276159654800431,0.0,1.0,0.0,0.0,0.0,2.0,2.0,3.2
0.113915857605178,0.0,1.0,0.0,0.0,1.0,1.0,1.0,0.73
0.13549083063646172,1.0,0.0,0.0,0.0,0.0,1.0,1.0,0.96
0.14951456310679612,0.0,0.0,1.0,0.0,2.0,2.0,1.0,0.69
0.13160733549083065,0.0,1.0,0.0,0.0,0.0,1.0,1.0,1.15
0.48985976267529663,1.0,0.0,0.0,0.0,0.0,3.0,2.0,4.6
0.2017259978425027,1.0,0.0,0.0,0.0,2.0,2.0,0.0,2.9
0.25210355987055016,1.0,0.0,0.0,0.0,1.0,3.0,1.0,3.5
0.11542610571736786,0.0,1.0,0.0,0.0,1.0,1.0,1.0,1.2
0.14908306364617044,0.0,0.0,1.0,0.0,1.0,1.0,1.0,1.35
0.2,0.0,0.0,1.0,0.0,1.0,2.0,1.0,2.8
0.2149946062567422,0.0,1.0,0.0,0.0,0.0,2.0,0.0,1.4
0.12988133764832796,1.0,0.0,0.0,0.0,3.0,1.0,1.0,0.72
0.13042071197411004,0.0,0.0,1.0,0.0,0.0,2.0,0.0,1.93
0.3327939590075512,1.0,0.0,0.0,0.0,3.0,3.0,1.0,3.05
0.15156418554476808,0.0,0.0,1.0,0.0,0.0,2.0,1.0,1.11
0.262891046386192,0.0,0.0,1.0,0.0,2.0,2.0,0.0,2.82
0.10053937432578208,0.0,0.0,1.0,0.0,0.0,1.0,1.0,1.1
0.12869471413160735,0.0,0.0,1.0,0.0,2.0,2.0,1.0,0.7
0.11035598705501617,0.0,0.0,1.0,0.0,2.0,1.0,1.0,0.39
0.1070118662351672,0.0,1.0,0.0,0.0,2.0,0.0,1.0,2.7
0.18263214670981662,0.0,0.0,1.0,0.0,1.0,2.0,0.0,1.59
0.1411003236245955,0.0,1.0,0.0,0.0,3.0,2.0,1.0,0.85
0.05199568500539374,1.0,0.0,0.0,0.0,1.0,0.0,1.0,0.38
0.2290183387270766,0.0,1.0,0.0,0.0,0.0,3.0,0.0,2.49
0.4285868392664509,0.0,1.0,0.0,0.0,0.0,3.0,1.0,7.36
0.19805825242718447,0.0,1.0,0.0,0.0,0.0,2.0,1.0,1.7
0.22977346278317154,0.0,0.0,1.0,0.0,3.0,2.0,1.0,2.1
0.06558791801510247,0.0,0.0,1.0,0.0,4.0,0.0,1.0,0.38
0.1719525350593312,0.0,0.0,1.0,0.0,0.0,2.0,2.0,2.79
0.4673139158576052,1.0,0.0,0.0,0.0,0.0,3.0,1.0,10.0
0.17270765911542613,0.0,1.0,0.0,0.0,0.0,2.0,1.0,1.55
0.14056094929881338,0.0,0.0,0.0,1.0,0.0,2.0,2.0,1.1
0.11499460625674218,1.0,0.0,0.0,0.0,1.0,1.0,1.0,1.21
0.1533980582524272,1.0,0.0,0.0,0.0,2.0,2.0,0.0,0.9
0.14368932038834953,1.0,0.0,0.0,0.0,2.0,2.0,0.0,0.8
0.11672060409924487,0.0,1.0,0.0,0.0,1.0,1.0,1.0,0.77
0.13279395900755125,1.0,0.0,0.0,0.0,1.0,2.0,1.0,1.45
0.23441208198489752,0.0,1.0,0.0,0.0,0.0,3.0,1.0,3.1
0.31607335490830635,1.0,0.0,0.0,0.0,2.0,3.0,2.0,5.25
0.06936353829557712,1.0,0.0,0.0,0.0,3.0,0.0,1.0,0.38
0.15706580366774542,0.0,0.0,1.0,0.0,0.0,2.0,1.0,1.4
0.13214670981661275,0.0,0.0,1.0,0.0,0.0,2.0,1.0,0.49
0.13851132686084144,0.0,0.0,1.0,0.0,1.0,2.0,0.0,2.2
0.1714131607335491,1.0,0.0,0.0,0.0,1.0,2.0,1.0,1.5
0.10496224379719526,1.0,0.0,0.0,0.0,0.0,2.0,1.0,1.95
0.12524271844660195,1.0,0.0,0.0,0.0,2.0,1.0,1.0,0.6
0.12588996763754046,0.0,0.0,0.0,1.0,0.0,1.0,0.0,1.3
0.15652642934196334,1.0,0.0,0.0,0.0,0.0,2.0,1.0,2.6
0.11920172599784251,1.0,0.0,0.0,0.0,0.0,1.0,1.0,1.1
0.09956850053937433,1.0,0.0,0.0,0.0,3.0,1.0,0.0,0.75
0.17411003236245956,1.0,0.0,0.0,0.0,1.0,2.0,2.0,2.15
0.1406688241639698,0.0,0.0,1.0,0.0,0.0,2.0,0.0,1.52
0.061812297734627826,1.0,0.0,0.0,0.0,1.0,0.0,1.0,0.68
0.13581445523193098,0.0,0.0,1.0,0.0,3.0,2.0,0.0,0.81
0.11725997842502697,0.0,1.0,0.0,0.0,3.0,1.0,1.0,1.55
0.1679611650485437,0.0,1.0,0.0,0.0,2.0,2.0,1.0,1.7
0.3316073354908306,0.0,0.0,1.0,0.0,0.0,2.0,1.0,3.75
0.31370010787486513,1.0,0.0,0.0,0.0,0.0,3.0,1.0,4.36
0.11402373247033443,1.0,0.0,0.0,0.0,2.0,1.0,1.0,0.9
0.1110032362459547,0.0,0.0,1.0,0.0,2.0,1.0,0.0,1.1
0.21833872707659116,0.0,1.0,0.0,0.0,2.0,2.0,1.0,1.9
0.1545846817691478,1.0,0.0,0.0,0.0,0.0,2.0,1.0,1.15
0.1528586839266451,0.0,1.0,0.0,0.0,1.0,2.0,1.0,1.99
0.12427184466019417,1.0,0.0,0.0,0.0,0.0,1.0,2.0,0.74
0.2451995685005394,1.0,0.0,0.0,0.0,1.0,3.0,2.0,3.79
0.12653721682847896,0.0,1.0,0.0,0.0,2.0,1.0,1.0,1.25
0.4076591154261057,0.0,1.0,0.0,0.0,1.0,3.0,1.0,5.0
0.12135922330097088,1.0,0.0,0.0,0.0,1.0,2.0,1.0,1.27
0.2196332254584682,1.0,0.0,0.0,0.0,0.0,3.0,2.0,1.8
0.16699029126213594,0.0,1.0,0.0,0.0,0.0,2.0,1.0,2.0
0.15091693635382958,0.0,0.0,1.0,0.0,2.0,1.0,0.0,0.65
0.12793959007551242,1.0,0.0,0.0,0.0,2.0,1.0,1.0,1.5
0.5648327939590075,0.0,1.0,0.0,0.0,2.0,3.0,2.0,6.45
0.09158576051779935,0.0,0.0,1.0,0.0,2.0,1.0,1.0,0.34
0.07357065803667745,0.0,0.0,1.0,0.0,0.0,0.0,0.0,0.23
0.25210355987055016,0.0,0.0,1.0,0.0,2.0,2.0,1.0,2.8
0.5866235167206041,0.0,1.0,0.0,0.0,2.0,3.0,2.0,8.1
0.11467098166127293,0.0,0.0,1.0,0.0,2.0,1.0,0.0,0.44
0.11380798274002157,1.0,0.0,0.0,0.0,3.0,1.0,1.0,0.95
0.04832793959007551,0.0,0.0,0.0,1.0,3.0,0.0,1.0,0.21
0.0760517799352751,0.0,0.0,1.0,0.0,2.0,1.0,0.0,0.65
0.26612729234088456,1.0,0.0,0.0,0.0,1.0,3.0,0.0,6.2
0.17313915857605178,1.0,0.0,0.0,0.0,0.0,2.0,0.0,0.82
0.11844660194174758,0.0,0.0,1.0,0.0,2.0,1.0,1.0,0.42
0.14552319309600864,0.0,0.0,1.0,0.0,0.0,1.0,0.0,0.57
0.09697950377562028,1.0,0.0,0.0,0.0,0.0,1.0,1.0,0.47
0.30798274002157494,1.0,0.0,0.0,0.0,3.0,3.0,1.0,4.5
0.13549083063646172,0.0,1.0,0.0,0.0,2.0,2.0,2.0,1.15
0.1650485436893204,0.0,1.0,0.0,0.0,2.0,2.0,0.0,2.15
0.09417475728155339,0.0,0.0,1.0,0.0,2.0,1.0,0.0,0.62
0.1378640776699029,0.0,0.0,1.0,0.0,2.0,2.0,1.0,0.52
0.19611650485436893,0.0,1.0,0.0,0.0,2.0,2.0,1.0,2.0
0.15307443365695794,1.0,0.0,0.0,0.0,2.0,2.0,1.0,1.25
0.12081984897518877,0.0,1.0,0.0,0.0,0.0,2.0,1.0,1.23
0.1303128371089536,0.0,0.0,0.0,1.0,1.0,1.0,0.0,1.17
0.15091693635382958,0.0,0.0,1.0,0.0,3.0,1.0,0.0,0.78
0.10604099244875945,0.0,0.0,0.0,1.0,4.0,1.0,0.0,0.4
0.14142394822006474,0.0,1.0,0.0,0.0,0.0,2.0,2.0,1.7
0.1057173678532902,1.0,0.0,0.0,0.0,1.0,1.0,1.0,0.41
0.18910463861920174,0.0,0.0,1.0,0.0,4.0,2.0,1.0,0.98
0.12653721682847896,0.0,1.0,0.0,0.0,2.0,1.0,1.0,1.15
0.16256742179072278,0.0,1.0,0.0,0.0,0.0,2.0,1.0,2.1
0.11844660194174758,0.0,0.0,1.0,0.0,0.0,1.0,1.0,0.68
0.09676375404530743,0.0,0.0,1.0,0.0,0.0,1.0,0.0,0.5
0.2764832793959007,1.0,0.0,0.0,0.0,2.0,3.0,2.0,4.68
0.11035598705501617,0.0,0.0,0.0,1.0,4.0,1.0,1.0,0.55
0.15296655879180152,1.0,0.0,0.0,0.0,1.0,1.0,1.0,1.5
0.23441208198489752,0.0,0.0,0.0,1.0,0.0,3.0,2.0,5.0
0.06558791801510247,1.0,0.0,0.0,0.0,2.0,0.0,1.0,0.65
0.22567421790722764,1.0,0.0,0.0,0.0,0.0,3.0,1.0,2.38
0.5070118662351671,0.0,1.0,0.0,0.0,2.0,3.0,0.0,5.5
0.08047464940668825,0.0,0.0,0.0,1.0,3.0,1.0,1.0,0.42
0.12653721682847896,0.0,1.0,0.0,0.0,2.0,1.0,1.0,1.85
0.15663430420711974,0.0,1.0,0.0,0.0,3.0,1.0,1.0,0.68
0.2790722761596548,0.0,0.0,0.0,1.0,0.0,2.0,2.0,1.1
0.22977346278317154,0.0,1.0,0.0,0.0,1.0,2.0,1.0,3.5
0.14638619201726,0.0,0.0,1.0,0.0,2.0,2.0,0.0,1.65
0.1057173678532902,1.0,0.0,0.0,0.0,0.0,1.0,1.0,0.96
0.2394822006472492,0.0,1.0,0.0,0.0,1.0,3.0,0.0,2.7
0.14282632146709817,1.0,0.0,0.0,0.0,1.0,2.0,1.0,2.8
0.11434735706580368,1.0,0.0,0.0,0.0,0.0,1.0,1.0,1.31
0.1855447680690399,0.0,0.0,0.0,1.0,0.0,2.0,1.0,1.22
0.22578209277238404,0.0,0.0,1.0,0.0,0.0,2.0,0.0,1.7
0.19083063646170442,0.0,0.0,1.0,0.0,0.0,2.0,2.0,0.62
0.2464940668824164,0.0,1.0,0.0,0.0,0.0,3.0,2.0,3.0
0.19665587918015104,0.0,0.0,1.0,0.0,1.0,2.0,1.0,2.0
0.14973031283710897,1.0,0.0,0.0,0.0,3.0,2.0,1.0,0.93
0.11521035598705501,1.0,0.0,0.0,0.0,2.0,1.0,0.0,0.69
0.05253505933117584,0.0,0.0,0.0,1.0,5.0,0.0,1.0,0.35
0.13807982740021577,1.0,0.0,0.0,0.0,4.0,1.0,0.0,1.2
0.21477885652642936,1.0,0.0,0.0,0.0,0.0,3.0,1.0,3.3
0.11628910463861919,1.0,0.0,0.0,0.0,2.0,2.0,1.0,1.28
0.15943905070118664,0.0,0.0,1.0,0.0,3.0,1.0,0.0,1.5
0.18522114347357066,1.0,0.0,0.0,0.0,3.0,2.0,0.0,1.5
0.1580366774541532,0.0,0.0,1.0,0.0,1.0,1.0,1.0,1.45
0.2559870550161812,0.0,1.0,0.0,0.0,0.0,3.0,1.0,2.8
0.12653721682847896,0.0,0.0,0.0,1.0,0.0,1.0,1.0,1.8
0.4969795037756203,0.0,1.0,0.0,0.0,2.0,3.0,1.0,5.1
0.30798274002157494,0.0,1.0,0.0,0.0,2.0,3.0,2.0,5.85
0.09665587918015103,1.0,0.0,0.0,0.0,2.0,1.0,0.0,0.98
0.06094929881337648,0.0,0.0,1.0,0.0,3.0,0.0,0.0,0.35
0.11574973031283711,0.0,0.0,1.0,0.0,1.0,2.0,2.0,1.29
0.113915857605178,1.0,0.0,0.0,0.0,3.0,1.0,0.0,0.7
0.18176914778856526,0.0,1.0,0.0,0.0,2.0,2.0,2.0,2.5
0.23807982740021577,1.0,0.0,0.0,0.0,0.0,3.0,1.0,4.0
0.15728155339805827,1.0,0.0,0.0,0.0,3.0,1.0,0.0,1.0
0.12977346278317153,0.0,1.0,0.0,0.0,2.0,2.0,1.0,1.65
0.12394822006472492,0.0,1.0,0.0,0.0,0.0,1.0,0.0,2.1
0.12891046386192018,0.0,0.0,0.0,1.0,2.0,2.0,1.0,0.8
0.15307443365695794,0.0,1.0,0.0,0.0,2.0,2.0,0.0,1.7
0.18295577130528587,0.0,0.0,1.0,0.0,0.0,2.0,1.0,0.85
0.07939590075512407,1.0,0.0,0.0,0.0,0.0,1.0,0.0,0.6
0.06720604099244876,0.0,0.0,0.0,1.0,3.0,0.0,1.0,0.45
0.1180151024811219,1.0,0.0,0.0,0.0,2.0,1.0,1.0,0.69
0.3344120819848975,1.0,0.0,0.0,0.0,2.0,3.0,1.0,3.3
0.3658036677454153,1.0,0.0,0.0,0.0,0.0,3.0,1.0,4.2
0.12427184466019417,1.0,0.0,0.0,0.0,2.0,1.0,0.0,0.75
0.11218985976267529,0.0,0.0,0.0,1.0,5.0,1.0,0.0,0.6
0.1691477885652643,0.0,1.0,0.0,0.0,0.0,2.0,1.0,1.6
0.13225458468176915,1.0,0.0,0.0,0.0,1.0,2.0,1.0,2.0
0.36796116504854365,1.0,0.0,0.0,0.0,3.0,3.0,1.0,2.9
0.18802588996763756,1.0,0.0,0.0,0.0,0.0,2.0,0.0,1.55
0.15469255663430423,0.0,1.0,0.0,0.0,2.0,1.0,0.0,0.7
0.11121898597626753,0.0,1.0,0.0,0.0,3.0,1.0,1.0,1.25
0.10604099244875945,0.0,1.0,0.0,0.0,3.0,2.0,0.0,0.82
0.10010787486515643,0.0,1.0,0.0,0.0,2.0,1.0,0.0,0.7
0.21510248112189861,0.0,0.0,0.0,1.0,2.0,3.0,2.0,3.0
0.07087378640776698,0.0,0.0,1.0,0.0,2.0,0.0,0.0,0.25
0.21283710895361382,0.0,0.0,0.0,1.0,2.0,2.0,1.0,4.2
0.17400215749730313,0.0,0.0,0.0,1.0,2.0,2.0,1.0,3.1
0.30204962243797195,0.0,1.0,0.0,0.0,1.0,3.0,2.0,2.54
0.13754045307443366,1.0,0.0,0.0,0.0,2.0,2.0,0.0,0.8
0.18392664509169365,0.0,0.0,1.0,0.0,0.0,2.0,0.0,0.57
0.1877022653721683,0.0,0.0,0.0,1.0,0.0,2.0,1.0,5.01
0.11887810140237326,1.0,0.0,0.0,0.0,2.0,1.0,0.0,0.69
0.1376483279395901,0.0,0.0,1.0,0.0,4.0,2.0,0.0,1.3
0.19795037756202805,0.0,0.0,0.0,1.0,3.0,2.0,0.0,1.1
0.11790722761596548,1.0,0.0,0.0,0.0,2.0,1.0,0.0,0.69
0.06817691477885654,1.0,0.0,0.0,0.0,0.0,0.0,1.0,0.49
0.1319309600862999,0.0,0.0,1.0,0.0,3.0,1.0,1.0,0.85
0.0993527508090615,1.0,0.0,0.0,0.0,2.0,1.0,2.0,0.75
0.2879180151024811,1.0,0.0,0.0,0.0,0.0,3.0,2.0,3.3
0.11067961165048543,0.0,1.0,0.0,0.0,1.0,1.0,1.0,1.25
0.15900755124056096,0.0,1.0,0.0,0.0,3.0,2.0,1.0,1.55
0.4825242718446602,0.0,1.0,0.0,0.0,0.0,3.0,1.0,11.5
0.14271844660194175,1.0,0.0,0.0,0.0,0.0,2.0,1.0,0.97
0.13570658036677455,0.0,0.0,0.0,1.0,2.0,1.0,1.0,0.99
0.12632146709816613,1.0,0.0,0.0,0.0,0.0,1.0,0.0,1.23
0.13527508090614887,1.0,0.0,0.0,0.0,2.0,1.0,1.0,1.27
0.07723840345199567,0.0,0.0,0.0,1.0,0.0,1.0,0.0,0.6
0.05080906148867314,0.0,0.0,1.0,0.0,0.0,0.0,1.0,0.5
0.41391585760517796,1.0,0.0,0.0,0.0,1.0,3.0,1.0,4.1
0.11693635382955772,0.0,0.0,0.0,1.0,0.0,1.0,0.0,1.25
0.22459546925566343,0.0,1.0,0.0,0.0,2.0,2.0,1.0,1.65
0.152319309600863,1.0,0.0,0.0,0.0,1.0,1.0,1.0,1.7
0.04638619201725998,0.0,1.0,0.0,0.0,0.0,0.0,1.0,0.62
0.11823085221143473,1.0,0.0,0.0,0.0,2.0,1.0,1.0,0.69
0.3017259978425027,1.0,0.0,0.0,0.0,4.0,3.0,1.0,4.15
0.13398058252427186,0.0,1.0,0.0,0.0,4.0,1.0,0.0,0.57
0.15264293419633226,1.0,0.0,0.0,0.0,1.0,2.0,1.0,1.21
0.34951456310679613,0.0,0.0,0.0,1.0,2.0,2.0,2.0,9.0
0.16148867313915857,0.0,0.0,0.0,1.0,3.0,2.0,1.0,0.95
0.15566343042071198,0.0,0.0,1.0,0.0,1.0,2.0,0.0,2.5
0.12427184466019417,1.0,0.0,0.0,0.0,2.0,1.0,1.0,0.7
0.16461704422869472,0.0,1.0,0.0,0.0,0.0,2.0,1.0,1.85
0.12988133764832796,0.0,0.0,1.0,0.0,2.0,1.0,1.0,0.92
0.26558791801510245,1.0,0.0,0.0,0.0,3.0,2.0,0.0,3.25
0.1283710895361381,0.0,0.0,1.0,0.0,2.0,1.0,0.0,1.25
0.19169363538295578,1.0,0.0,0.0,0.0,0.0,2.0,1.0,2.85
0.10733549083063645,0.0,0.0,1.0,0.0,0.0,1.0,2.0,0.72
0.08252427184466019,0.0,0.0,1.0,0.0,0.0,1.0,0.0,0.28
0.31359223300970873,0.0,1.0,0.0,0.0,1.0,3.0,1.0,3.5
0.31779935275080906,1.0,0.0,0.0,0.0,0.0,3.0,1.0,4.6
0.13818770226537216,0.0,1.0,0.0,0.0,0.0,1.0,1.0,0.72
0.17335490830636463,0.0,1.0,0.0,0.0,0.0,2.0,1.0,2.4
0.10679611650485438,0.0,0.0,1.0,0.0,0.0,1.0,1.0,0.91
0.17346278317152106,1.0,0.0,0.0,0.0,1.0,3.0,2.0,1.7
0.23441208198489752,0.0,1.0,0.0,0.0,2.0,3.0,0.0,1.85
0.1580366774541532,1.0,0.0,0.0,0.0,2.0,2.0,0.0,2.28
0.1376483279395901,0.0,1.0,0.0,0.0,1.0,2.0,1.0,1.2
0.1516720604099245,1.0,0.0,0.0,0.0,3.0,2.0,0.0,1.65
0.10388349514563108,1.0,0.0,0.0,0.0,0.0,1.0,1.0,1.32
0.19439050701186625,1.0,0.0,0.0,0.0,2.0,3.0,1.0,3.2
0.13009708737864079,0.0,0.0,0.0,1.0,1.0,2.0,0.0,1.07
0.18446601941747573,1.0,0.0,0.0,0.0,2.0,2.0,1.0,3.75
0.15760517799352752,0.0,0.0,1.0,0.0,1.0,2.0,1.0,1.6
0.05026968716289105,1.0,0.0,0.0,0.0,1.0,0.0,1.0,0.65
0.1388349514563107,1.0,0.0,0.0,0.0,0.0,2.0,1.0,1.25
0.1981661272923409,1.0,0.0,0.0,0.0,2.0,2.0,1.0,1.5
0.13171521035598707,1.0,0.0,0.0,0.0,0.0,2.0,1.0,1.85
0.12006472491909384,0.0,1.0,0.0,0.0,3.0,0.0,2.0,1.25
0.14854368932038836,0.0,1.0,0.0,0.0,0.0,2.0,0.0,1.58
0.4148867313915858,0.0,1.0,0.0,0.0,2.0,3.0,2.0,4.3
0.13398058252427186,1.0,0.0,0.0,0.0,0.0,2.0,0.0,2.25
0.1580366774541532,0.0,0.0,0.0,1.0,2.0,2.0,1.0,1.1
0.05587918015102481,0.0,0.0,0.0,1.0,3.0,1.0,2.0,0.49
0.1533980582524272,1.0,0.0,0.0,0.0,2.0,2.0,1.0,0.9
0.09956850053937433,0.0,1.0,0.0,0.0,0.0,1.0,1.0,0.7
0.11790722761596548,1.0,0.0,0.0,0.0,2.0,1.0,2.0,0.69
0.15070118662351673,0.0,0.0,1.0,0.0,0.0,2.0,0.0,1.07
0.2186623516720604,1.0,0.0,0.0,0.0,0.0,2.0,1.0,2.6
0.12427184466019417,1.0,0.0,0.0,0.0,0.0,1.0,0.0,0.74
0.14811218985976268,0.0,1.0,0.0,0.0,2.0,1.0,1.0,1.8
0.14627831715210357,0.0,0.0,1.0,0.0,3.0,2.0,1.0,1.25
0.14854368932038836,0.0,0.0,1.0,0.0,0.0,2.0,0.0,0.57
0.2451995685005394,0.0,1.0,0.0,0.0,2.0,2.0,2.0,2.6
0.23915857605177995,1.0,0.0,0.0,0.0,1.0,3.0,1.0,3.45
0.18640776699029127,0.0,0.0,1.0,0.0,1.0,2.0,0.0,2.2
0.1319309600862999,0.0,0.0,0.0,1.0,1.0,2.0,2.0,0.72
0.2919093851132686,0.0,0.0,1.0,0.0,2.0,2.0,0.0,1.6
0.15728155339805827,0.0,0.0,0.0,1.0,3.0,2.0,0.0,0.78
0.4285868392664509,0.0,1.0,0.0,0.0,0.0,3.0,2.0,7.7
0.1499460625674218,0.0,1.0,0.0,0.0,2.0,2.0,1.0,3.15
0.1568500539374326,1.0,0.0,0.0,0.0,1.0,2.0,0.0,1.85
0.11197411003236246,0.0,0.0,1.0,0.0,0.0,1.0,1.0,1.16
0.09741100323624596,0.0,0.0,1.0,0.0,0.0,1.0,0.0,0.5
0.05555555555555556,0.0,0.0,1.0,0.0,2.0,0.0,0.0,0.37
0.1505933117583603,0.0,0.0,1.0,0.0,2.0,1.0,0.0,1.2
0.15533980582524273,0.0,0.0,1.0,0.0,0.0,2.0,1.0,1.6
0.1783171521035599,0.0,1.0,0.0,0.0,0.0,1.0,2.0,1.2
0.12470334412081985,0.0,1.0,0.0,0.0,1.0,1.0,1.0,1.05
0.20097087378640777,0.0,0.0,0.0,1.0,0.0,1.0,0.0,5.01
0.1243797195253506,1.0,0.0,0.0,0.0,2.0,1.0,0.0,0.75
0.12114347357065805,1.0,0.0,0.0,0.0,4.0,1.0,1.0,0.73
0.1622437971952535,0.0,0.0,1.0,0.0,2.0,1.0,1.0,1.4
0.07098166127292341,1.0,0.0,0.0,0.0,0.0,0.0,1.0,0.6
0.15889967637540453,0.0,0.0,1.0,0.0,2.0,2.0,1.0,0.96
0.1174757281553398,1.0,0.0,0.0,0.0,1.0,1.0,1.0,0.84
0.18910463861920174,0.0,0.0,0.0,1.0,0.0,2.0,1.0,0.98
0.09838187702265372,0.0,0.0,0.0,1.0,2.0,1.0,1.0,0.97
0.15706580366774542,1.0,0.0,0.0,0.0,4.0,2.0,2.0,0.91
0.06742179072276161,0.0,0.0,1.0,0.0,2.0,0.0,1.0,0.28
0.040237324703344124,0.0,0.0,1.0,0.0,0.0,0.0,1.0,0.48
0.23441208198489752,0.0,1.0,0.0,0.0,1.0,3.0,0.0,2.86
0.20204962243797195,0.0,0.0,0.0,1.0,2.0,2.0,0.0,3.9
0.13171521035598707,0.0,0.0,1.0,0.0,3.0,1.0,0.0,0.53
0.15350593311758362,1.0,0.0,0.0,0.0,2.0,2.0,1.0,2.35
0.24185544768069042,1.0,0.0,0.0,0.0,0.0,3.0,2.0,3.45
0.07313915857605177,0.0,0.0,1.0,0.0,2.0,1.0,1.0,0.47
0.5138079827400216,0.0,1.0,0.0,0.0,2.0,3.0,2.0,8.0
0.11574973031283711,0.0,0.0,1.0,0.0,0.0,2.0,2.0,0.75
0.3207119741100323,1.0,0.0,0.0,0.0,2.0,2.0,2.0,8.5
0.1319309600862999,0.0,0.0,0.0,1.0,5.0,1.0,1.0,0.54
0.11877022653721683,1.0,0.0,0.0,0.0,2.0,1.0,2.0,0.88
0.562891046386192,1.0,0.0,0.0,0.0,2.0,3.0,1.0,6.8
0.1516720604099245,0.0,0.0,1.0,0.0,2.0,1.0,1.0,0.61
0.09967637540453075,1.0,0.0,0.0,0.0,2.0,1.0,1.0,1.15
0.27357065803667746,0.0,0.0,1.0,0.0,1.0,2.0,0.0,3.99
0.4609492988133765,0.0,1.0,0.0,0.0,0.0,3.0,0.0,7.43
0.23462783171521037,1.0,0.0,0.0,0.0,2.0,2.0,0.0,5.1
0.21833872707659116,0.0,1.0,0.0,0.0,0.0,2.0,1.0,1.95
0.06860841423948219,1.0,0.0,0.0,0.0,2.0,0.0,1.0,0.62
0.1482200647249191,1.0,0.0,0.0,0.0,2.0,1.0,1.0,0.64
0.0912621359223301,0.0,0.0,1.0,0.0,4.0,1.0,0.0,0.65
0.1215749730312837,1.0,0.0,0.0,0.0,0.0,1.0,2.0,1.19
0.1180151024811219,1.0,0.0,0.0,0.0,2.0,1.0,2.0,0.69
0.10258899676375405,0.0,0.0,1.0,0.0,0.0,2.0,0.0,0.6
0.13807982740021577,0.0,0.0,1.0,0.0,2.0,1.0,0.0,0.8
0.20528586839266452,1.0,0.0,0.0,0.0,1.0,3.0,2.0,3.1
0.11995685005393744,0.0,1.0,0.0,0.0,1.0,1.0,1.0,1.23
0.1761596548004315,0.0,1.0,0.0,0.0,2.0,2.0,1.0,2.5
0.08457389428263215,0.0,0.0,1.0,0.0,4.0,1.0,0.0,0.65
0.13430420711974111,1.0,0.0,0.0,0.0,2.0,1.0,1.0,0.58
0.11197411003236246,0.0,0.0,1.0,0.0,1.0,2.0,1.0,1.05
0.10841423948220064,0.0,0.0,1.0,0.0,3.0,1.0,0.0,0.41
0.17001078748651566,0.0,0.0,1.0,0.0,2.0,2.0,1.0,1.65
0.0494066882416397,0.0,0.0,1.0,0.0,0.0,0.0,1.0,0.53
0.1360302049622438,0.0,0.0,1.0,0.0,1.0,2.0,0.0,0.94
0.18295577130528587,0.0,0.0,1.0,0.0,2.0,2.0,2.0,1.5
0.16774541531823087,0.0,1.0,0.0,0.0,0.0,2.0,1.0,2.45
0.14207119741100324,1.0,0.0,0.0,0.0,1.0,2.0,1.0,1.49
0.15889967637540453,0.0,0.0,1.0,0.0,4.0,2.0,0.0,2.55
0.1533980582524272,1.0,0.0,0.0,0.0,2.0,2.0,0.0,0.9
0.2727076591154261,1.0,0.0,0.0,0.0,0.0,3.0,2.0,4.25
0.12513484358144553,0.0,1.0,0.0,0.0,2.0,1.0,1.0,1.0
0.12114347357065805,0.0,1.0,0.0,0.0,0.0,2.0,1.0,0.92
0.3422869471413161,0.0,1.0,0.0,0.0,1.0,2.0,1.0,5.29
0.26364617044228694,0.0,1.0,0.0,0.0,3.0,2.0,1.0,3.3
0.18964401294498384,0.0,1.0,0.0,0.0,1.0,2.0,1.0,1.86
0.10809061488673138,1.0,0.0,0.0,0.0,0.0,2.0,1.0,1.95
0.16494066882416397,0.0,0.0,0.0,1.0,3.0,2.0,1.0,0.9
0.13732470334412084,0.0,1.0,0.0,0.0,2.0,1.0,1.0,2.2
0.0855447680690399,0.0,1.0,0.0,0.0,0.0,0.0,2.0,0.63
0.1842502696871629,0.0,1.0,0.0,0.0,0.0,2.0,0.0,2.6
0.2942826321467098,1.0,0.0,0.0,0.0,2.0,3.0,1.0,3.9
0.08985976267529666,0.0,0.0,0.0,1.0,0.0,2.0,2.0,0.68
0.11618122977346279,0.0,0.0,1.0,0.0,2.0,1.0,1.0,1.19
0.7584681769147789,1.0,0.0,0.0,0.0,0.0,3.0,2.0,10.5
0.1255663430420712,1.0,0.0,0.0,0.0,1.0,1.0,1.0,1.46
0.11812297734627833,1.0,0.0,0.0,0.0,2.0,1.0,1.0,0.69
0.4825242718446602,0.0,1.0,0.0,0.0,0.0,3.0,1.0,7.5
0.16537216828478965,0.0,0.0,1.0,0.0,2.0,2.0,1.0,2.2
0.1,0.0,0.0,1.0,0.0,2.0,1.0,0.0,0.44
0.18047464940668825,0.0,0.0,1.0,0.0,2.0,2.0,0.0,0.9
0.1180151024811219,1.0,0.0,0.0,0.0,2.0,1.0,1.0,0.69
0.09255663430420713,0.0,0.0,0.0,1.0,5.0,1.0,1.0,0.65
0.1482200647249191,1.0,0.0,0.0,0.0,0.0,1.0,1.0,0.8
0.11272923408845739,1.0,0.0,0.0,0.0,2.0,1.0,2.0,0.95
0.4162891046386192,0.0,1.0,0.0,0.0,0.0,3.0,0.0,7.31
0.1331175836030205,1.0,0.0,0.0,0.0,1.0,1.0,1.0,0.63
0.11229773462783171,0.0,1.0,0.0,0.0,1.0,2.0,1.0,0.95
0.08176914778856526,0.0,0.0,1.0,0.0,0.0,1.0,1.0,0.55
0.42847896440129446,0.0,1.0,0.0,0.0,2.0,3.0,2.0,4.5
0.13807982740021577,1.0,0.0,0.0,0.0,2.0,1.0,2.0,0.7
0.1504854368932039,0.0,0.0,1.0,0.0,4.0,2.0,1.0,1.25
0.10755124056094931,0.0,1.0,0.0,0.0,1.0,1.0,1.0,0.89
0.10711974110032363,0.0,0.0,0.0,1.0,0.0,1.0,0.0,0.83
0.15091693635382958,0.0,1.0,0.0,0.0,2.0,2.0,1.0,0.65
0.1034519956850054,1.0,0.0,0.0,0.0,0.0,1.0,1.0,1.3
0.09417475728155339,0.0,1.0,0.0,0.0,2.0,1.0,1.0,0.85
0.1063646170442287,1.0,0.0,0.0,0.0,0.0,0.0,1.0,0.82
0.1378640776699029,0.0,0.0,1.0,0.0,0.0,2.0,1.0,0.65
0.1070118662351672,1.0,0.0,0.0,0.0,1.0,2.0,1.0,2.74
0.13149946062567422,0.0,0.0,1.0,0.0,0.0,1.0,1.0,0.62
0.15091693635382958,1.0,0.0,0.0,0.0,3.0,1.0,1.0,1.3
0.11941747572815534,0.0,0.0,1.0,0.0,1.0,1.0,0.0,1.6
0.08662351672060409,1.0,0.0,0.0,0.0,1.0,1.0,1.0,0.66
0.06008629989212514,0.0,1.0,0.0,0.0,2.0,0.0,1.0,0.67
0.059223300970873784,0.0,0.0,1.0,0.0,1.0,0.0,1.0,0.24
0.09417475728155339,0.0,1.0,0.0,0.0,2.0,1.0,1.0,0.85
0.127831715210356,1.0,0.0,0.0,0.0,2.0,1.0,1.0,1.96
0.040668824163969795,0.0,0.0,0.0,1.0,2.0,0.0,0.0,0.35
0.2045307443365696,0.0,1.0,0.0,0.0,2.0,2.0,1.0,2.89
0.11661272923408847,1.0,0.0,0.0,0.0,3.0,1.0,0.0,0.84
0.11823085221143473,1.0,0.0,0.0,0.0,3.0,1.0,0.0,1.37
0.14444444444444446,0.0,0.0,0.0,1.0,3.0,1.0,1.0,0.89
0.11574973031283711,0.0,1.0,0.0,0.0,1.0,1.0,1.0,1.16
0.12427184466019417,1.0,0.0,0.0,0.0,0.0,1.0,0.0,0.74
0.2772384034519957,0.0,1.0,0.0,0.0,1.0,3.0,1.0,4.0
0.14757281553398058,0.0,0.0,1.0,0.0,2.0,2.0,1.0,0.54
0.10938511326860842,1.0,0.0,0.0,0.0,3.0,1.0,1.0,0.55
0.14778856526429343,0.0,0.0,1.0,0.0,2.0,2.0,0.0,0.56
0.13085221143473572,1.0,0.0,0.0,0.0,1.0,2.0,1.0,0.93
0.1382955771305286,0.0,0.0,0.0,1.0,2.0,2.0,1.0,1.25
0.23441208198489752,0.0,1.0,0.0,0.0,1.0,2.0,0.0,3.46
0.23732470334412084,0.0,0.0,1.0,0.0,1.0,2.0,2.0,3.3
0.17454153182308524,0.0,0.0,0.0,1.0,2.0,2.0,0.0,1.8
0.12427184466019417,1.0,0.0,0.0,0.0,2.0,2.0,0.0,0.75
0.11574973031283711,0.0,0.0,1.0,0.0,0.0,1.0,1.0,0.65
0.1707659115426106,1.0,0.0,0.0,0.0,2.0,2.0,1.0,3.1
0.11704422869471412,0.0,0.0,0.0,1.0,3.0,1.0,1.0,0.7
0.15124056094929883,0.0,0.0,1.0,0.0,3.0,2.0,1.0,2.7
0.10884573894282631,0.0,0.0,1.0,0.0,2.0,2.0,1.0,0.72
0.12308522114347359,0.0,0.0,1.0,0.0,1.0,2.0,1.0,0.97
0.08727076591154262,0.0,0.0,1.0,0.0,4.0,1.0,0.0,0.58
0.21585760517799354,0.0,0.0,1.0,0.0,2.0,2.0,2.0,1.15
0.16116504854368932,0.0,0.0,1.0,0.0,2.0,2.0,1.0,1.5
0.13085221143473572,1.0,0.0,0.0,0.0,0.0,2.0,0.0,0.84
0.07723840345199567,0.0,0.0,0.0,1.0,5.0,0.0,0.0,0.35
0.16375404530744336,0.0,0.0,1.0,0.0,2.0,2.0,1.0,0.84
0.2544768069039913,1.0,0.0,0.0,0.0,1.0,3.0,2.0,2.45
0.2214670981661273,0.0,1.0,0.0,0.0,1.0,3.0,1.0,1.91
0.25674217907227614,0.0,0.0,0.0,1.0,0.0,2.0,0.0,7.07
0.1243797195253506,1.0,0.0,0.0,0.0,2.0,1.0,1.0,0.75
0.37713052858683926,1.0,0.0,0.0,0.0,2.0,3.0,1.0,5.8
0.15199568500539376,1.0,0.0,0.0,0.0,0.0,2.0,1.0,1.85
0.045307443365695796,0.0,0.0,1.0,0.0,0.0,0.0,0.0,0.49
0.1784250269687163,0.0,0.0,1.0,0.0,2.0,1.0,1.0,1.86
0.2110032362459547,0.0,0.0,0.0,1.0,0.0,2.0,1.0,3.5
0.13527508090614887,1.0,0.0,0.0,0.0,0.0,1.0,2.0,1.26
0.1104638619201726,1.0,0.0,0.0,0.0,3.0,1.0,1.0,0.98
0.12988133764832796,0.0,0.0,0.0,1.0,3.0,2.0,0.0,1.48
0.23160733549083065,0.0,1.0,0.0,0.0,1.0,2.0,1.0,1.92
0.06375404530744336,0.0,0.0,1.0,0.0,0.0,0.0,1.0,0.51
0.08338727076591154,0.0,1.0,0.0,0.0,2.0,0.0,0.0,0.56
0.17270765911542613,0.0,0.0,1.0,0.0,0.0,2.0,1.0,3.22
0.16774541531823087,0.0,0.0,0.0,1.0,2.0,2.0,1.0,2.25
0.19169363538295578,0.0,1.0,0.0,0.0,2.0,2.0,1.0,3.2
0.13732470334412084,0.0,1.0,0.0,0.0,2.0,1.0,1.0,1.45
0.11661272923408847,1.0,0.0,0.0,0.0,0.0,2.0,1.0,1.25
0.09417475728155339,0.0,1.0,0.0,0.0,2.0,1.0,1.0,0.93
0.04897518878101403,0.0,1.0,0.0,0.0,0.0,0.0,0.0,0.55
0.12049622437971952,0.0,0.0,1.0,0.0,3.0,1.0,1.0,0.75
0.3815533980582524,1.0,0.0,0.0,0.0,2.0,3.0,1.0,9.0
0.12017259978425027,1.0,0.0,0.0,0.0,3.0,1.0,0.0,0.78
0.1058252427184466,1.0,0.0,0.0,0.0,0.0,1.0,1.0,0.74
0.10960086299892124,0.0,0.0,0.0,1.0,0.0,1.0,0.0,1.35
0.1413160733549083,0.0,0.0,1.0,0.0,2.0,1.0,1.0,0.4
0.13818770226537216,0.0,0.0,1.0,0.0,0.0,2.0,0.0,0.75
0.1319309600862999,0.0,0.0,1.0,0.0,1.0,1.0,0.0,0.78
0.07529665587918016,1.0,0.0,0.0,0.0,1.0,0.0,1.0,0.6
0.3365695792880259,0.0,1.0,0.0,0.0,0.0,3.0,2.0,4.1
0.3361380798274002,0.0,0.0,0.0,1.0,0.0,2.0,0.0,7.66
0.18295577130528587,0.0,1.0,0.0,0.0,1.0,2.0,1.0,1.43
0.3758360302049622,1.0,0.0,0.0,0.0,1.0,3.0,0.0,9.0
0.11348435814455232,0.0,0.0,0.0,1.0,0.0,1.0,0.0,1.38
0.12535059331175838,0.0,1.0,0.0,0.0,1.0,1.0,1.0,1.09
0.3460625674217907,1.0,0.0,0.0,0.0,1.0,3.0,1.0,4.2
0.10744336569579288,1.0,0.0,0.0,0.0,1.0,1.0,1.0,1.18
0.14811218985976268,0.0,1.0,0.0,0.0,0.0,1.0,1.0,1.7
0.31607335490830635,1.0,0.0,0.0,0.0,0.0,3.0,1.0,3.29
0.10323624595469255,0.0,1.0,0.0,0.0,0.0,1.0,0.0,0.35
0.1696871628910464,0.0,1.0,0.0,0.0,1.0,2.0,1.0,1.99
0.11887810140237326,0.0,0.0,1.0,0.0,2.0,1.0,1.0,0.75
0.2745415318230852,0.0,1.0,0.0,0.0,0.0,3.0,1.0,3.35
0.13300970873786408,0.0,0.0,0.0,1.0,3.0,2.0,1.0,0.68
0.22200647249190938,0.0,1.0,0.0,0.0,0.0,3.0,0.0,2.09
0.39557713052858684,1.0,0.0,0.0,0.0,2.0,3.0,1.0,6.75
0.14606256742179075,0.0,0.0,1.0,0.0,0.0,2.0,2.0,1.81
0.05631067961165049,0.0,0.0,1.0,0.0,2.0,0.0,0.0,0.21
0.1482200647249191,1.0,0.0,0.0,0.0,2.0,1.0,0.0,0.74
0.42847896440129446,0.0,1.0,0.0,0.0,2.0,3.0,1.0,4.8
0.10442286947141316,0.0,1.0,0.0,0.0,1.0,1.0,0.0,1.0
0.1621359223300971,0.0,0.0,1.0,0.0,3.0,2.0,1.0,1.2
0.10474649406688241,1.0,0.0,0.0,0.0,0.0,1.0,1.0,1.09
0.13387270765911544,1.0,0.0,0.0,0.0,2.0,1.0,2.0,0.77
0.14854368932038836,1.0,0.0,0.0,0.0,1.0,2.0,1.0,1.83
0.13505933117583604,1.0,0.0,0.0,0.0,0.0,2.0,1.0,1.3
0.17162891046386192,1.0,0.0,0.0,0.0,0.0,2.0,1.0,1.44
0.12427184466019417,1.0,0.0,0.0,0.0,2.0,1.0,2.0,0.74
0.3492988133764833,1.0,0.0,0.0,0.0,0.0,3.0,1.0,3.65
0.1365695792880259,0.0,1.0,0.0,0.0,2.0,1.0,1.0,1.08
0.3238403451995685,1.0,0.0,0.0,0.0,2.0,3.0,1.0,4.5
0.13678532901833873,0.0,0.0,0.0,1.0,4.0,1.0,0.0,0.75
0.20841423948220067,1.0,0.0,0.0,0.0,4.0,2.0,1.0,3.4
0.13052858683926646,1.0,0.0,0.0,0.0,1.0,2.0,1.0,1.14
0.325782092772384,1.0,0.0,0.0,0.0,2.0,3.0,0.0,4.6
0.11121898597626753,0.0,0.0,1.0,0.0,2.0,1.0,1.0,0.42
0.05253505933117584,0.0,0.0,1.0,0.0,3.0,0.0,0.0,0.26
0.1347357065803668,0.0,1.0,0.0,0.0,2.0,1.0,1.0,1.0
0.4965480043149946,0.0,1.0,0.0,0.0,0.0,2.0,1.0,5.7
0.15447680690399138,1.0,0.0,0.0,0.0,2.0,2.0,1.0,1.85
0.13387270765911544,1.0,0.0,0.0,0.0,0.0,1.0,0.0,0.77
0.36666666666666664,1.0,0.0,0.0,0.0,0.0,3.0,2.0,3.5
0.2238403451995685,0.0,0.0,0.0,1.0,0.0,2.0,0.0,2.81
0.06170442286947141,0.0,0.0,1.0,0.0,2.0,0.0,0.0,0.45
0.20215749730312838,0.0,0.0,0.0,1.0,3.0,2.0,0.0,1.3
0.11359223300970875,1.0,0.0,0.0,0.0,0.0,2.0,1.0,1.52
0.20064724919093851,0.0,0.0,0.0,1.0,3.0,2.0,1.0,1.25
0.1632146709816613,0.0,0.0,0.0,1.0,3.0,2.0,0.0,3.25
0.10474649406688241,1.0,0.0,0.0,0.0,1.0,1.0,0.0,0.66
0.1406688241639698,1.0,0.0,0.0,0.0,2.0,1.0,1.0,0.75
0.1586839266450917,0.0,0.0,0.0,1.0,2.0,2.0,1.0,0.88
0.09784250269687164,0.0,1.0,0.0,0.0,2.0,1.0,0.0,1.2
0.12934196332254586,0.0,0.0,1.0,0.0,0.0,2.0,0.0,1.31
0.1243797195253506,1.0,0.0,0.0,0.0,2.0,1.0,0.0,0.74
0.12427184466019417,1.0,0.0,0.0,0.0,2.0,1.0,0.0,0.74
0.12707659115426106,0.0,0.0,1.0,0.0,4.0,1.0,0.0,0.9
0.1533980582524272,1.0,0.0,0.0,0.0,2.0,2.0,0.0,0.9
0.12599784250269688,0.0,1.0,0.0,0.0,3.0,1.0,2.0,0.83
0.18047464940668825,0.0,1.0,0.0,0.0,2.0,2.0,1.0,1.15
0.10172599784250269,0.0,0.0,1.0,0.0,3.0,1.0,1.0,0.79
0.24217907227615967,0.0,0.0,1.0,0.0,2.0,2.0,0.0,2.7
0.11844660194174758,1.0,0.0,0.0,0.0,0.0,1.0,0.0,0.68
0.1348435814455232,0.0,0.0,1.0,0.0,0.0,1.0,1.0,0.5
0.11467098166127293,0.0,0.0,1.0,0.0,1.0,2.0,1.0,0.54
0.11132686084142396,0.0,0.0,1.0,0.0,2.0,1.0,0.0,1.05
0.12578209277238403,0.0,0.0,1.0,0.0,4.0,2.0,0.0,1.7
0.11823085221143473,1.0,0.0,0.0,0.0,1.0,1.0,1.0,1.38
0.2483279395900755,1.0,0.0,0.0,0.0,2.0,2.0,2.0,4.24
0.13408845738942826,1.0,0.0,0.0,0.0,2.0,1.0,1.0,0.77
0.1644012944983819,0.0,1.0,0.0,0.0,2.0,2.0,1.0,1.8
0.10280474649406687,1.0,0.0,0.0,0.0,2.0,0.0,1.0,0.48
0.17130528586839266,0.0,0.0,1.0,0.0,2.0,2.0,0.0,0.68
0.15372168284789645,0.0,1.0,0.0,0.0,0.0,2.0,1.0,1.85
0.09967637540453075,1.0,0.0,0.0,0.0,1.0,1.0,0.0,0.75
0.12653721682847896,0.0,0.0,0.0,1.0,2.0,0.0,1.0,0.78
0.1133764832793959,1.0,0.0,0.0,0.0,3.0,1.0,1.0,0.85
0.20539374325782095,0.0,1.0,0.0,0.0,0.0,1.0,1.0,1.98
0.10140237324703344,0.0,0.0,0.0,1.0,2.0,1.0,0.0,0.65
0.5040992448759439,0.0,1.0,0.0,0.0,0.0,3.0,2.0,8.49
0.13807982740021577,0.0,0.0,0.0,1.0,3.0,2.0,1.0,0.75
0.07475728155339806,0.0,1.0,0.0,0.0,3.0,0.0,1.0,0.65
0.1303128371089536,0.0,1.0,0.0,0.0,2.0,2.0,0.0,1.42
0.23462783171521037,0.0,1.0,0.0,0.0,0.0,2.0,2.0,2.0
0.13279395900755125,1.0,0.0,0.0,0.0,5.0,1.0,2.0,0.76
0.09827400215749729,1.0,0.0,0.0,0.0,4.0,1.0,1.0,0.75
0.22977346278317154,0.0,1.0,0.0,0.0,1.0,3.0,1.0,2.0
0.15318230852211437,0.0,0.0,0.0,1.0,0.0,2.0,0.0,1.34
0.12793959007551242,0.0,0.0,1.0,0.0,2.0,1.0,1.0,0.97
0.15264293419633226,1.0,0.0,0.0,0.0,2.0,2.0,2.0,2.45
0.14843581445523193,1.0,0.0,0.0,0.0,1.0,2.0,1.0,2.0
0.12653721682847896,0.0,0.0,1.0,0.0,2.0,1.0,0.0,3.1
0.4017259978425027,1.0,0.0,0.0,0.0,2.0,3.0,0.0,9.0
0.04832793959007551,0.0,0.0,1.0,0.0,4.0,0.0,1.0,0.1
0.11779935275080905,0.0,0.0,1.0,0.0,3.0,1.0,0.0,0.65
0.11812297734627833,1.0,0.0,0.0,0.0,2.0,1.0,0.0,0.69
0.15555555555555556,0.0,1.0,0.0,0.0,0.0,2.0,1.0,2.13
0.18112189859762676,1.0,0.0,0.0,0.0,0.0,2.0,1.0,2.35
0.0656957928802589,0.0,0.0,0.0,1.0,2.0,1.0,0.0,0.5
0.1470334412081985,0.0,1.0,0.0,0.0,0.0,2.0,0.0,1.53
0.0760517799352751,0.0,0.0,0.0,1.0,3.0,1.0,0.0,0.6
0.045199568500539376,0.0,0.0,1.0,0.0,2.0,0.0,0.0,0.48
0.14670981661272925,0.0,1.0,0.0,0.0,1.0,2.0,1.0,1.89
0.1488673139158576,0.0,0.0,1.0,0.0,2.0,1.0,1.0,1.4
0.26256742179072273,0.0,1.0,0.0,0.0,3.0,2.0,1.0,2.85
0.32470334412081986,0.0,0.0,0.0,1.0,2.0,3.0,2.0,2.75
0.1209277238403452,0.0,1.0,0.0,0.0,2.0,2.0,1.0,2.2
0.10496224379719526,1.0,0.0,0.0,0.0,4.0,1.0,1.0,0.7
0.14433656957928803,0.0,0.0,1.0,0.0,2.0,2.0,0.0,0.79
0.09514563106796117,0.0,0.0,1.0,0.0,0.0,1.0,1.0,0.65
0.19665587918015104,0.0,1.0,0.0,0.0,1.0,2.0,0.0,1.5
0.12114347357065805,0.0,1.0,0.0,0.0,2.0,1.0,1.0,1.4
0.12427184466019417,1.0,0.0,0.0,0.0,0.0,1.0,1.0,0.74
0.13495145631067962,0.0,0.0,1.0,0.0,0.0,2.0,1.0,0.92
0.20258899676375405,0.0,1.0,0.0,0.0,0.0,3.0,1.0,2.38
0.18932038834951456,0.0,0.0,1.0,0.0,0.0,2.0,0.0,0.94
0.14314994606256742,0.0,0.0,1.0,0.0,0.0,2.0,1.0,2.42
0.1133764832793959,0.0,1.0,0.0,0.0,2.0,1.0,0.0,0.45
0.10787486515641856,0.0,0.0,1.0,0.0,1.0,1.0,0.0,0.42
0.12038834951456312,0.0,1.0,0.0,0.0,2.0,1.0,1.0,1.35
0.095361380798274,0.0,0.0,0.0,1.0,0.0,1.0,0.0,0.92
0.11348435814455232,1.0,0.0,0.0,0.0,2.0,1.0,2.0,0.84
0.23160733549083065,1.0,0.0,0.0,0.0,0.0,3.0,1.0,5.1
0.11887810140237326,0.0,0.0,1.0,0.0,1.0,1.0,1.0,1.13
0.13937432578209277,1.0,0.0,0.0,0.0,0.0,2.0,1.0,1.32
0.04832793959007551,0.0,0.0,1.0,0.0,2.0,0.0,1.0,0.3
0.166235167206041,0.0,1.0,0.0,0.0,1.0,1.0,0.0,1.32
0.21283710895361382,0.0,0.0,0.0,1.0,2.0,2.0,0.0,4.9
0.05825242718446602,0.0,1.0,0.0,0.0,0.0,0.0,1.0,0.46
0.13807982740021577,0.0,0.0,1.0,0.0,2.0,2.0,0.0,0.71
0.325782092772384,1.0,0.0,0.0,0.0,2.0,3.0,1.0,2.8
0.14638619201726,0.0,1.0,0.0,0.0,2.0,1.0,0.0,1.3
0.056957928802589,1.0,0.0,0.0,0.0,0.0,0.0,0.0,0.7
0.26623516720604096,0.0,0.0,0.0,1.0,1.0,2.0,1.0,2.6
0.5738942826321467,1.0,0.0,0.0,0.0,2.0,3.0,2.0,5.7
0.08187702265372168,0.0,0.0,0.0,1.0,2.0,1.0,0.0,0.5
0.10507011866235166,0.0,0.0,1.0,0.0,4.0,2.0,1.0,0.55
0.2559870550161812,0.0,1.0,0.0,0.0,1.0,3.0,2.0,3.12
0.14962243797195254,1.0,0.0,0.0,0.0,3.0,1.0,1.0,1.2
0.1912621359223301,0.0,1.0,0.0,0.0,3.0,2.0,1.0,1.5
0.133764832793959,0.0,1.0,0.0,0.0,0.0,2.0,1.0,1.65
0.17713052858683928,0.0,1.0,0.0,0.0,0.0,2.0,1.0,2.6
0.19579288025889968,1.0,0.0,0.0,0.0,0.0,2.0,1.0,2.11
0.13042071197411004,0.0,0.0,1.0,0.0,0.0,2.0,0.0,1.93
0.17065803667745416,0.0,1.0,0.0,0.0,1.0,1.0,0.0,1.5
0.1965480043149946,0.0,0.0,1.0,0.0,4.0,2.0,0.0,1.99
0.12125134843581445,1.0,0.0,0.0,0.0,2.0,1.0,1.0,0.82
0.17011866235167206,0.0,0.0,1.0,0.0,0.0,2.0,2.0,0.57
0.14347357065803668,0.0,1.0,0.0,0.0,1.0,1.0,0.0,1.12
0.061812297734627826,0.0,0.0,1.0,0.0,0.0,0.0,1.0,0.42
0.10474649406688241,0.0,1.0,0.0,0.0,0.0,1.0,1.0,2.0
0.15889967637540453,0.0,1.0,0.0,0.0,1.0,2.0,1.0,3.15
0.15124056094929883,0.0,0.0,0.0,1.0,0.0,2.0,0.0,1.5
0.2057173678532902,1.0,0.0,0.0,0.0,3.0,2.0,1.0,3.24
0.061812297734627826,0.0,1.0,0.0,0.0,2.0,0.0,1.0,0.68
0.06882416396979504,0.0,0.0,1.0,0.0,2.0,0.0,1.0,0.09
0.08651564185544769,0.0,0.0,1.0,0.0,0.0,1.0,0.0,0.6
0.15296655879180152,1.0,0.0,0.0,0.0,0.0,2.0,1.0,1.27
0.3559870550161812,1.0,0.0,0.0,0.0,2.0,3.0,2.0,3.4
0.19449838187702267,0.0,0.0,1.0,0.0,2.0,2.0,1.0,0.85
0.12189859762675298,1.0,0.0,0.0,0.0,0.0,1.0,1.0,1.08
0.12168284789644013,1.0,0.0,0.0,0.0,2.0,2.0,0.0,0.97
0.08878101402373248,0.0,0.0,1.0,0.0,4.0,1.0,1.0,0.46
0.14444444444444446,0.0,0.0,1.0,0.0,3.0,2.0,0.0,0.95
0.14271844660194175,0.0,0.0,0.0,1.0,0.0,2.0,0.0,0.84
0.19848975188781015,1.0,0.0,0.0,0.0,2.0,3.0,1.0,3.8
0.08327939590075512,1.0,0.0,0.0,0.0,0.0,1.0,1.0,0.7
0.0947141316073355,0.0,0.0,1.0,0.0,2.0,1.0,1.0,0.34
0.3099244875943905,1.0,0.0,0.0,0.0,1.0,3.0,1.0,2.7
0.16364617044228696,1.0,0.0,0.0,0.0,1.0,2.0,2.0,1.46
0.2290183387270766,0.0,0.0,0.0,1.0,2.0,2.0,1.0,2.75
0.1382955771305286,0.0,0.0,1.0,0.0,1.0,2.0,2.0,1.05
0.11898597626752966,0.0,0.0,1.0,0.0,4.0,1.0,1.0,0.6
0.13333333333333333,0.0,0.0,1.0,0.0,1.0,2.0,1.0,0.83
0.13171521035598707,1.0,0.0,0.0,0.0,2.0,2.0,1.0,0.63
0.17119741100323627,1.0,0.0,0.0,0.0,4.0,2.0,1.0,1.35
0.1685005393743258,0.0,1.0,0.0,0.0,0.0,2.0,1.0,1.77
0.15879180151024813,0.0,0.0,1.0,0.0,0.0,2.0,0.0,1.61
0.1389428263214671,0.0,0.0,0.0,1.0,4.0,1.0,2.0,0.4
0.27820927723840344,0.0,1.0,0.0,0.0,0.0,3.0,0.0,3.3
0.25501618122977343,0.0,1.0,0.0,0.0,2.0,2.0,1.0,3.2
0.08036677454153182,0.0,0.0,0.0,1.0,3.0,0.0,0.0,0.26
0.1057173678532902,0.0,0.0,0.0,1.0,1.0,1.0,0.0,0.78
0.17216828478964402,0.0,0.0,0.0,1.0,5.0,2.0,1.0,1.95
0.14897518878101404,0.0,1.0,0.0,0.0,3.0,1.0,1.0,0.48
0.15350593311758362,0.0,0.0,0.0,1.0,0.0,2.0,1.0,0.86
0.11305285868392664,0.0,1.0,0.0,0.0,0.0,1.0,1.0,0.74
0.11618122977346279,0.0,1.0,0.0,0.0,0.0,2.0,0.0,1.33
0.15221143473570659,0.0,0.0,0.0,1.0,1.0,2.0,0.0,2.79
0.44045307443365694,1.0,0.0,0.0,0.0,0.0,3.0,1.0,6.4
0.22049622437971952,1.0,0.0,0.0,0.0,0.0,3.0,1.0,3.3
0.13915857605177995,0.0,1.0,0.0,0.0,0.0,2.0,1.0,1.47
0.15728155339805827,0.0,0.0,1.0,0.0,3.0,1.0,0.0,1.2
0.39557713052858684,1.0,0.0,0.0,0.0,2.0,3.0,2.0,5.65
0.18932038834951456,1.0,0.0,0.0,0.0,0.0,3.0,2.0,5.2
0.1486515641855448,0.0,0.0,1.0,0.0,0.0,2.0,2.0,0.7
0.09406688241639699,0.0,0.0,1.0,0.0,3.0,1.0,1.0,0.55
0.11725997842502697,1.0,0.0,0.0,0.0,1.0,1.0,1.0,1.41
0.1262135922330097,0.0,0.0,1.0,0.0,1.0,3.0,0.0,1.38
0.14368932038834953,1.0,0.0,0.0,0.0,0.0,2.0,0.0,0.84
0.15091693635382958,0.0,0.0,0.0,1.0,3.0,1.0,1.0,0.7
0.15134843581445523,0.0,0.0,0.0,1.0,0.0,2.0,1.0,0.85
0.13408845738942826,0.0,1.0,0.0,0.0,2.0,1.0,0.0,1.58
0.15652642934196334,1.0,0.0,0.0,0.0,0.0,2.0,1.0,2.45
0.06548004314994607,1.0,0.0,0.0,0.0,3.0,0.0,0.0,0.6
0.1266450916936354,1.0,0.0,0.0,0.0,0.0,2.0,1.0,1.4
0.1250269687162891,0.0,0.0,1.0,0.0,4.0,2.0,0.0,1.2
0.21305285868392665,1.0,0.0,0.0,0.0,0.0,3.0,1.0,3.12
0.11542610571736786,0.0,0.0,1.0,0.0,3.0,2.0,2.0,1.1
0.12103559870550162,0.0,0.0,1.0,0.0,2.0,1.0,1.0,0.68
0.11585760517799354,1.0,0.0,0.0,0.0,0.0,1.0,1.0,0.85
0.18155339805825244,0.0,1.0,0.0,0.0,0.0,2.0,2.0,2.3
0.15264293419633226,0.0,0.0,1.0,0.0,0.0,2.0,1.0,1.45
0.10118662351672061,0.0,0.0,1.0,0.0,0.0,1.0,1.0,0.94
0.4825242718446602,0.0,1.0,0.0,0.0,1.0,3.0,0.0,7.16
0.4285868392664509,0.0,1.0,0.0,0.0,0.0,3.0,0.0,7.38
0.17130528586839266,0.0,0.0,1.0,0.0,3.0,2.0,1.0,0.81
0.19201725997842503,0.0,0.0,1.0,0.0,2.0,2.0,0.0,0.62
0.16752966558791801,0.0,1.0,0.0,0.0,2.0,2.0,2.0,1.1
0.15350593311758362,0.0,0.0,0.0,1.0,0.0,2.0,0.0,0.87
0.20949298813376485,1.0,0.0,0.0,0.0,1.0,2.0,2.0,3.5
0.10809061488673138,0.0,1.0,0.0,0.0,2.0,2.0,1.0,0.75
0.09417475728155339,0.0,0.0,1.0,0.0,0.0,1.0,1.0,1.1
0.1935275080906149,0.0,0.0,1.0,0.0,5.0,2.0,1.0,1.05
0.13807982740021577,1.0,0.0,0.0,0.0,4.0,1.0,2.0,0.8
0.11725997842502697,1.0,0.0,0.0,0.0,0.0,1.0,1.0,1.2
0.13042071197411004,1.0,0.0,0.0,0.0,4.0,1.0,0.0,0.71
0.10604099244875945,0.0,0.0,1.0,0.0,3.0,1.0,0.0,0.4
0.11823085221143473,0.0,1.0,0.0,0.0,3.0,1.0,1.0,0.97
0.16418554476806904,0.0,0.0,1.0,0.0,4.0,2.0,0.0,2.1
0.13387270765911544,1.0,0.0,0.0,0.0,0.0,1.0,1.0,0.77
0.2559870550161812,0.0,1.0,0.0,0.0,2.0,3.0,2.0,4.0
0.30733549083063644,0.0,1.0,0.0,0.0,1.0,3.0,2.0,3.2
0.07702265372168285,0.0,0.0,1.0,0.0,1.0,1.0,1.0,0.6
0.1394822006472492,0.0,1.0,0.0,0.0,0.0,2.0,1.0,2.45
0.14314994606256742,1.0,0.0,0.0,0.0,3.0,1.0,1.0,1.15
0.12988133764832796,1.0,0.0,0.0,0.0,1.0,1.0,1.0,1.15
0.12535059331175838,0.0,1.0,0.0,0.0,0.0,1.0,1.0,1.02
0.5103559870550162,1.0,0.0,0.0,0.0,2.0,3.0,1.0,6.4
0.06213592233009709,0.0,0.0,1.0,0.0,2.0,0.0,1.0,0.24
0.056957928802589,1.0,0.0,0.0,0.0,0.0,0.0,0.0,0.32
0.11725997842502697,1.0,0.0,0.0,0.0,2.0,1.0,1.0,1.0
0.1783171521035599,0.0,0.0,1.0,0.0,0.0,2.0,1.0,0.68
0.11639697950377562,0.0,0.0,1.0,0.0,2.0,1.0,1.0,0.95
0.12103559870550162,1.0,0.0,0.0,0.0,1.0,2.0,1.0,1.55
0.1302049622437972,0.0,1.0,0.0,0.0,2.0,1.0,1.0,1.18
0.09417475728155339,0.0,1.0,0.0,0.0,0.0,1.0,1.0,1.25
0.17885652642934197,0.0,0.0,0.0,1.0,5.0,2.0,0.0,1.9
0.3272923408845739,1.0,0.0,0.0,0.0,1.0,3.0,2.0,3.7
0.10668824163969795,0.0,0.0,1.0,0.0,0.0,1.0,1.0,0.46
0.11305285868392664,0.0,1.0,0.0,0.0,2.0,2.0,1.0,0.47
0.30733549083063644,0.0,1.0,0.0,0.0,1.0,3.0,2.0,6.6
0.10776699029126213,0.0,1.0,0.0,0.0,1.0,1.0,2.0,1.06
0.3499460625674218,1.0,0.0,0.0,0.0,0.0,2.0,2.0,5.15
0.1173678532901834,0.0,1.0,0.0,0.0,3.0,2.0,1.0,0.92
0.10787486515641856,1.0,0.0,0.0,0.0,3.0,1.0,0.0,0.7
0.1133764832793959,1.0,0.0,0.0,0.0,3.0,1.0,0.0,0.75
0.20852211434735707,0.0,1.0,0.0,0.0,3.0,2.0,1.0,0.8
0.1110032362459547,0.0,0.0,1.0,0.0,4.0,1.0,1.0,1.3
0.13549083063646172,0.0,1.0,0.0,0.0,4.0,1.0,1.0,0.52
0.14714131607335493,0.0,1.0,0.0,0.0,1.0,2.0,1.0,1.62
0.09795037756202804,1.0,0.0,0.0,0.0,0.0,1.0,1.0,0.85
0.14250269687162892,0.0,1.0,0.0,0.0,1.0,2.0,2.0,1.75
0.05609492988133765,0.0,0.0,0.0,1.0,2.0,0.0,1.0,0.24
0.2727076591154261,1.0,0.0,0.0,0.0,0.0,3.0,2.0,4.7
0.12653721682847896,0.0,1.0,0.0,0.0,0.0,1.0,2.0,1.2
0.40722761596548,1.0,0.0,0.0,0.0,2.0,3.0,1.0,3.7
0.12265372168284791,0.0,0.0,1.0,0.0,3.0,2.0,0.0,0.88
0.18932038834951456,0.0,0.0,0.0,1.0,3.0,2.0,1.0,1.65
0.24919093851132687,1.0,0.0,0.0,0.0,1.0,3.0,0.0,3.3
0.1568500539374326,0.0,0.0,1.0,0.0,1.0,2.0,0.0,1.25
0.13700107874865158,0.0,0.0,1.0,0.0,4.0,1.0,0.0,0.85
0.16936353829557713,1.0,0.0,0.0,0.0,1.0,2.0,1.0,2.52
0.17270765911542613,0.0,0.0,1.0,0.0,3.0,2.0,1.0,0.6
0.18932038834951456,0.0,1.0,0.0,0.0,3.0,1.0,0.0,2.5
0.11790722761596548,1.0,0.0,0.0,0.0,2.0,1.0,1.0,1.1
0.16752966558791801,0.0,1.0,0.0,0.0,4.0,1.0,1.0,0.89
0.13807982740021577,0.0,1.0,0.0,0.0,0.0,1.0,1.0,1.0
0.2689320388349514,0.0,0.0,1.0,0.0,2.0,2.0,1.0,1.65
0.09956850053937433,0.0,0.0,0.0,1.0,2.0,1.0,0.0,1.28
0.14196332254584682,0.0,0.0,1.0,0.0,2.0,1.0,1.0,0.9
0.11769147788565265,0.0,1.0,0.0,0.0,2.0,1.0,0.0,1.6
0.11175836030204964,1.0,0.0,0.0,0.0,2.0,2.0,0.0,1.48
0.1483279395900755,0.0,1.0,0.0,0.0,3.0,1.0,1.0,0.95
0.11240560949298814,0.0,0.0,0.0,1.0,5.0,1.0,1.0,0.43
0.40722761596548,0.0,1.0,0.0,0.0,0.0,3.0,1.0,4.5
0.3758360302049622,1.0,0.0,0.0,0.0,1.0,3.0,0.0,8.9
0.11218985976267529,0.0,1.0,0.0,0.0,0.0,1.0,2.0,0.5
0.45490830636461704,1.0,0.0,0.0,0.0,3.0,3.0,1.0,7.0
0.13505933117583604,1.0,0.0,0.0,0.0,2.0,2.0,0.0,1.4
0.325782092772384,1.0,0.0,0.0,0.0,2.0,3.0,1.0,4.4
0.4838187702265372,1.0,0.0,0.0,0.0,0.0,3.0,2.0,4.75
0.48414239482200644,1.0,0.0,0.0,0.0,2.0,3.0,2.0,11.0
0.11812297734627833,0.0,0.0,1.0,0.0,2.0,2.0,1.0,1.12
0.23462783171521037,1.0,0.0,0.0,0.0,0.0,2.0,1.0,4.75
0.1482200647249191,1.0,0.0,0.0,0.0,0.0,1.0,1.0,0.7
0.13225458468176915,1.0,0.0,0.0,0.0,2.0,1.0,1.0,0.8
0.10539374325782092,0.0,1.0,0.0,0.0,0.0,1.0,0.0,1.1
0.15318230852211437,1.0,0.0,0.0,0.0,0.0,2.0,1.0,1.65
0.15124056094929883,0.0,1.0,0.0,0.0,0.0,2.0,1.0,1.59
0.12179072276159655,0.0,0.0,0.0,1.0,5.0,1.0,1.0,1.1
0.33635382955771304,0.0,1.0,0.0,0.0,1.0,3.0,1.0,6.0
0.17454153182308524,0.0,1.0,0.0,0.0,2.0,2.0,1.0,2.7
0.1599784250269687,0.0,1.0,0.0,0.0,0.0,2.0,1.0,3.15
0.13279395900755125,0.0,0.0,1.0,0.0,2.0,2.0,2.0,1.4
0.2074433656957929,1.0,0.0,0.0,0.0,1.0,2.0,0.0,2.1
0.11024811218985978,0.0,0.0,1.0,0.0,2.0,1.0,0.0,1.14
0.20204962243797195,0.0,1.0,0.0,0.0,0.0,2.0,1.0,3.61
0.041963322545846816,0.0,0.0,0.0,1.0,3.0,0.0,1.0,0.2
0.13959007551240563,1.0,0.0,0.0,0.0,1.0,2.0,1.0,2.05
0.16429341963322547,1.0,0.0,0.0,0.0,1.0,2.0,1.0,1.19
0.11240560949298814,0.0,0.0,1.0,0.0,4.0,1.0,0.0,0.65
0.13754045307443366,1.0,0.0,0.0,0.0,2.0,2.0,1.0,0.9
0.15080906148867315,0.0,1.0,0.0,0.0,2.0,2.0,0.0,2.5
0.1632146709816613,0.0,0.0,0.0,1.0,3.0,2.0,0.0,3.3
0.12912621359223303,0.0,0.0,0.0,1.0,2.0,1.0,0.0,0.68
0.17184466019417477,1.0,0.0,0.0,0.0,0.0,2.0,1.0,1.99
0.229126213592233,0.0,0.0,0.0,1.0,2.0,2.0,1.0,2.75
0.2764832793959007,1.0,0.0,0.0,0.0,3.0,3.0,2.0,4.0
0.29341963322545844,1.0,0.0,0.0,0.0,1.0,3.0,1.0,6.0
0.15641855447680691,0.0,0.0,1.0,0.0,2.0,2.0,0.0,1.33
0.46245954692556634,1.0,0.0,0.0,0.0,0.0,3.0,1.0,4.6
0.3207119741100323,1.0,0.0,0.0,0.0,1.0,3.0,1.0,7.2
0.1719525350593312,0.0,0.0,1.0,0.0,0.0,0.0,0.0,3.0
0.1168284789644013,1.0,0.0,0.0,0.0,2.0,1.0,1.0,0.85
0.2727076591154261,1.0,0.0,0.0,0.0,0.0,3.0,2.0,4.5
0.10107874865156419,0.0,0.0,0.0,1.0,2.0,2.0,1.0,0.6
0.1319309600862999,0.0,1.0,0.0,0.0,3.0,1.0,1.0,1.3
0.1633225458468177,0.0,1.0,0.0,0.0,0.0,2.0,1.0,2.65
0.11240560949298814,0.0,0.0,1.0,0.0,2.0,0.0,1.0,0.32
0.13807982740021577,0.0,0.0,1.0,0.0,0.0,2.0,1.0,0.75
0.08209277238403453,0.0,1.0,0.0,0.0,0.0,0.0,1.0,0.66
0.16817691477885655,0.0,1.0,0.0,0.0,2.0,2.0,0.0,2.29
0.21251348435814457,0.0,1.0,0.0,0.0,3.0,2.0,1.0,3.29
0.11574973031283711,0.0,0.0,0.0,1.0,4.0,1.0,1.0,1.0
0.1696871628910464,0.0,0.0,0.0,1.0,3.0,2.0,1.0,1.75
0.27001078748651564,0.0,0.0,0.0,1.0,2.0,3.0,2.0,7.5
0.11089536138079828,0.0,0.0,0.0,1.0,0.0,1.0,0.0,0.47
0.14541531823085221,0.0,0.0,0.0,1.0,3.0,2.0,2.0,0.87
0.5787486515641855,1.0,0.0,0.0,0.0,2.0,3.0,1.0,7.0
0.4269687162891046,0.0,1.0,0.0,0.0,3.0,3.0,1.0,5.0
0.09708737864077671,0.0,1.0,0.0,0.0,3.0,0.0,1.0,0.43
0.16828478964401294,1.0,0.0,0.0,0.0,0.0,2.0,1.0,1.4
0.17648327939590078,0.0,0.0,1.0,0.0,4.0,2.0,0.0,0.75
0.21833872707659116,1.0,0.0,0.0,0.0,1.0,2.0,1.0,2.62
0.08608414239482201,0.0,0.0,1.0,0.0,2.0,1.0,1.0,0.64
0.08824163969795037,0.0,0.0,1.0,0.0,4.0,1.0,1.0,0.62
0.2975188781014024,1.0,0.0,0.0,0.0,1.0,3.0,0.0,3.5
0.12988133764832796,0.0,0.0,0.0,1.0,3.0,2.0,0.0,1.46
0.11305285868392664,1.0,0.0,0.0,0.0,0.0,1.0,0.0,0.45
0.13969795037756202,0.0,1.0,0.0,0.0,1.0,2.0,1.0,1.83
0.11035598705501617,0.0,1.0,0.0,0.0,0.0,2.0,1.0,1.25
0.12006472491909384,0.0,0.0,0.0,1.0,1.0,1.0,1.0,1.09
0.11294498381877022,1.0,0.0,0.0,0.0,2.0,2.0,1.0,0.78
0.4285868392664509,0.0,1.0,0.0,0.0,0.0,2.0,2.0,5.99
0.35329018338727075,1.0,0.0,0.0,0.0,1.0,2.0,0.0,5.7
0.19600862998921253,0.0,1.0,0.0,0.0,1.0,2.0,2.0,3.7
0.15026968716289105,0.0,1.0,0.0,0.0,2.0,1.0,0.0,1.3
0.16245954692556636,0.0,1.0,0.0,0.0,2.0,1.0,2.0,1.5
0.17335490830636463,0.0,0.0,0.0,1.0,4.0,2.0,0.0,2.1
0.1994606256742179,1.0,0.0,0.0,0.0,1.0,2.0,1.0,1.14
0.17173678532901834,1.0,0.0,0.0,0.0,2.0,2.0,0.0,1.95
0.20204962243797195,0.0,1.0,0.0,0.0,0.0,2.0,0.0,3.58
0.1133764832793959,0.0,1.0,0.0,0.0,4.0,1.0,1.0,0.9
0.13139158576051782,0.0,0.0,1.0,0.0,1.0,2.0,1.0,0.69
0.21758360302049623,0.0,1.0,0.0,0.0,4.0,3.0,1.0,1.1
0.15490830636461705,1.0,0.0,0.0,0.0,3.0,2.0,1.0,1.35
0.14368932038834953,1.0,0.0,0.0,0.0,2.0,2.0,0.0,0.85
0.10280474649406687,0.0,0.0,1.0,0.0,2.0,1.0,2.0,0.9
0.5689320388349515,1.0,0.0,0.0,0.0,2.0,3.0,0.0,9.0
0.10873786407766992,0.0,0.0,1.0,0.0,0.0,1.0,1.0,0.73
0.11262135922330097,1.0,0.0,0.0,0.0,2.0,1.0,1.0,1.18
0.10312837108953615,0.0,0.0,1.0,0.0,0.0,1.0,1.0,0.78
0.1110032362459547,0.0,0.0,1.0,0.0,2.0,1.0,0.0,0.42
0.06494066882416397,0.0,0.0,1.0,0.0,0.0,1.0,0.0,0.5
0.16936353829557713,1.0,0.0,0.0,0.0,0.0,2.0,1.0,2.52
0.05253505933117584,0.0,0.0,1.0,0.0,2.0,0.0,1.0,0.68
0.2312837108953614,1.0,0.0,0.0,0.0,1.0,2.0,0.0,4.0
0.12168284789644013,0.0,0.0,1.0,0.0,1.0,2.0,0.0,0.95
0.10420711974110033,0.0,0.0,1.0,0.0,3.0,1.0,1.0,0.59
0.08662351672060409,0.0,0.0,0.0,1.0,0.0,2.0,2.0,0.63
0.1678532901833873,0.0,0.0,0.0,1.0,0.0,2.0,1.0,1.1
0.052319309600863,1.0,0.0,0.0,0.0,2.0,0.0,0.0,0.59
0.15900755124056096,0.0,1.0,0.0,0.0,0.0,2.0,0.0,1.02
0.16019417475728157,0.0,1.0,0.0,0.0,1.0,2.0,1.0,1.15
0.040237324703344124,0.0,0.0,1.0,0.0,3.0,0.0,1.0,0.2
0.26558791801510245,0.0,1.0,0.0,0.0,1.0,2.0,2.0,3.2
0.368824163969795,0.0,1.0,0.0,0.0,2.0,3.0,1.0,2.99
0.3314994606256742,1.0,0.0,0.0,0.0,2.0,3.0,1.0,4.4
0.2588996763754045,1.0,0.0,0.0,0.0,1.0,2.0,1.0,3.0
0.1738942826321467,1.0,0.0,0.0,0.0,2.0,2.0,1.0,1.92
0.15253505933117584,0.0,0.0,1.0,0.0,4.0,2.0,0.0,1.62
0.12189859762675298,0.0,1.0,0.0,0.0,1.0,1.0,1.0,0.92
0.4609492988133765,1.0,0.0,0.0,0.0,0.0,3.0,0.0,4.1
0.1470334412081985,0.0,0.0,1.0,0.0,2.0,1.0,0.0,0.78
0.15091693635382958,0.0,0.0,0.0,1.0,4.0,2.0,1.0,0.62
0.1029126213592233,0.0,1.0,0.0,0.0,3.0,1.0,2.0,0.97
0.09967637540453075,1.0,0.0,0.0,0.0,2.0,1.0,1.0,0.65
0.12286947141316074,0.0,1.0,0.0,0.0,2.0,2.0,1.0,1.32
0.10949298813376485,0.0,0.0,1.0,0.0,2.0,1.0,1.0,0.46
0.3858683926645092,1.0,0.0,0.0,0.0,2.0,3.0,0.0,5.2
0.04778856526429342,0.0,0.0,0.0,1.0,5.0,0.0,1.0,0.25
0.3017259978425027,1.0,0.0,0.0,0.0,2.0,3.0,1.0,3.9
0.1517799352750809,0.0,1.0,0.0,0.0,2.0,2.0,1.0,1.8
0.14368932038834953,1.0,0.0,0.0,0.0,2.0,2.0,0.0,0.84
0.16763754045307444,1.0,0.0,0.0,0.0,1.0,2.0,1.0,2.9
0.18047464940668825,0.0,1.0,0.0,0.0,1.0,1.0,1.0,1.6
0.14811218985976268,0.0,0.0,1.0,0.0,2.0,2.0,1.0,2.15
0.5364617044228694,0.0,1.0,0.0,0.0,0.0,3.0,0.0,8.5
0.16429341963322547,0.0,0.0,1.0,0.0,1.0,2.0,0.0,1.36
0.04865156418554477,0.0,1.0,0.0,0.0,0.0,1.0,1.0,0.42
0.12653721682847896,0.0,1.0,0.0,0.0,2.0,1.0,1.0,1.5
0.16936353829557713,1.0,0.0,0.0,0.0,1.0,2.0,1.0,2.3
0.12200647249190938,1.0,0.0,0.0,0.0,4.0,1.0,2.0,0.7
0.09902912621359222,0.0,1.0,0.0,0.0,0.0,1.0,1.0,0.8
0.19600862998921253,0.0,1.0,0.0,0.0,1.0,2.0,1.0,3.56
0.15145631067961166,0.0,1.0,0.0,0.0,2.0,1.0,1.0,1.22
0.11143473570658036,0.0,0.0,0.0,1.0,0.0,1.0,2.0,0.9
0.21283710895361382,0.0,0.0,0.0,1.0,3.0,3.0,2.0,4.0
0.16806903991370012,1.0,0.0,0.0,0.0,0.0,2.0,1.0,3.75
0.13646170442286948,0.0,0.0,0.0,1.0,4.0,1.0,0.0,0.95
0.1366774541531823,1.0,0.0,0.0,0.0,2.0,2.0,1.0,0.92
0.435059331175836,0.0,1.0,0.0,0.0,4.0,3.0,2.0,3.13
0.5227615965480042,1.0,0.0,0.0,0.0,0.0,3.0,1.0,4.1
0.23613807982740023,1.0,0.0,0.0,0.0,1.0,2.0,1.0,2.5
0.3017259978425027,1.0,0.0,0.0,0.0,0.0,3.0,2.0,3.74
0.17594390507011867,0.0,0.0,1.0,0.0,2.0,2.0,1.0,2.65
0.14714131607335493,0.0,1.0,0.0,0.0,0.0,2.0,1.0,1.4
0.20215749730312838,0.0,1.0,0.0,0.0,1.0,2.0,1.0,2.0
0.133764832793959,1.0,0.0,0.0,0.0,0.0,2.0,2.0,2.3
0.19956850053937433,0.0,0.0,0.0,1.0,0.0,2.0,0.0,1.7
0.13096008629989214,1.0,0.0,0.0,0.0,1.0,1.0,1.0,1.52
0.21585760517799354,1.0,0.0,0.0,0.0,2.0,2.0,1.0,2.25
0.2754045307443366,1.0,0.0,0.0,0.0,0.0,2.0,1.0,3.84
0.1697950377562028,0.0,0.0,0.0,1.0,0.0,2.0,1.0,1.51
0.16537216828478965,0.0,1.0,0.0,0.0,1.0,2.0,0.0,1.85
0.1243797195253506,1.0,0.0,0.0,0.0,2.0,1.0,0.0,0.75
0.1488673139158576,0.0,0.0,0.0,1.0,2.0,2.0,1.0,2.1
0.133764832793959,0.0,1.0,0.0,0.0,1.0,1.0,1.0,0.42
0.1447680690399137,1.0,0.0,0.0,0.0,1.0,1.0,1.0,0.89
0.3207119741100323,1.0,0.0,0.0,0.0,1.0,3.0,1.0,4.19
0.10668824163969795,0.0,0.0,1.0,0.0,2.0,1.0,1.0,0.46
0.14811218985976268,0.0,1.0,0.0,0.0,2.0,1.0,1.0,1.71
0.21283710895361382,0.0,1.0,0.0,0.0,1.0,2.0,2.0,2.25
0.05091693635382956,0.0,0.0,1.0,0.0,2.0,0.0,1.0,0.1
0.06494066882416397,1.0,0.0,0.0,0.0,0.0,0.0,0.0,0.34
0.2058252427184466,1.0,0.0,0.0,0.0,1.0,2.0,1.0,2.2
0.18813376483279398,0.0,0.0,0.0,1.0,2.0,2.0,0.0,5.3
0.17464940668824164,0.0,1.0,0.0,0.0,1.0,1.0,0.0,1.45
0.12071197411003237,1.0,0.0,0.0,0.0,1.0,1.0,1.0,1.44
0.05544768069039914,0.0,1.0,0.0,0.0,0.0,1.0,0.0,0.66
0.28187702265372166,0.0,1.0,0.0,0.0,0.0,2.0,1.0,3.1
0.05210355987055016,1.0,0.0,0.0,0.0,1.0,0.0,1.0,0.57
0.14099244875943906,1.0,0.0,0.0,0.0,2.0,2.0,0.0,0.8
0.1255663430420712,1.0,0.0,0.0,0.0,1.0,1.0,1.0,1.44
0.15922330097087378,0.0,0.0,1.0,0.0,4.0,1.0,0.0,0.88
0.3174757281553398,1.0,0.0,0.0,0.0,1.0,2.0,1.0,1.8
0.3499460625674218,1.0,0.0,0.0,0.0,2.0,3.0,1.0,4.6
0.12427184466019417,1.0,0.0,0.0,0.0,2.0,1.0,0.0,0.74
0.11618122977346279,0.0,1.0,0.0,0.0,2.0,1.0,1.0,0.72
0.15889967637540453,0.0,0.0,1.0,0.0,0.0,2.0,1.0,0.97
0.3087378640776699,1.0,0.0,0.0,0.0,2.0,3.0,2.0,4.0
0.11521035598705501,1.0,0.0,0.0,0.0,3.0,1.0,1.0,0.86
0.18047464940668825,0.0,0.0,0.0,1.0,0.0,2.0,0.0,2.6
0.13171521035598707,0.0,0.0,1.0,0.0,0.0,1.0,0.0,0.62
0.20151024811218987,0.0,1.0,0.0,0.0,2.0,2.0,0.0,1.58
0.13042071197411004,1.0,0.0,0.0,0.0,0.0,2.0,1.0,0.82
0.18608414239482202,0.0,1.0,0.0,0.0,1.0,3.0,0.0,2.0
0.1719525350593312,0.0,0.0,1.0,0.0,0.0,2.0,1.0,2.81
0.13139158576051782,0.0,0.0,1.0,0.0,2.0,2.0,0.0,0.79
0.16925566343042073,0.0,0.0,1.0,0.0,2.0,2.0,0.0,3.6
0.14670981661272925,0.0,0.0,1.0,0.0,0.0,2.0,1.0,1.79
0.1378640776699029,1.0,0.0,0.0,0.0,1.0,2.0,0.0,0.61
0.10679611650485438,0.0,0.0,1.0,0.0,0.0,1.0,1.0,0.91
0.1632146709816613,0.0,0.0,1.0,0.0,0.0,2.0,0.0,0.54
0.21057173678532903,0.0,1.0,0.0,0.0,3.0,2.0,1.0,3.28
0.09956850053937433,0.0,1.0,0.0,0.0,2.0,1.0,1.0,1.05
0.05469255663430421,0.0,0.0,1.0,0.0,0.0,0.0,1.0,0.21
0.11089536138079828,0.0,0.0,1.0,0.0,2.0,1.0,0.0,0.42
0.19967637540453076,0.0,0.0,0.0,1.0,2.0,3.0,2.0,2.75
0.09417475728155339,0.0,1.0,0.0,0.0,2.0,2.0,1.0,2.45
0.18047464940668825,0.0,1.0,0.0,0.0,2.0,2.0,0.0,2.4
0.14368932038834953,0.0,0.0,1.0,0.0,2.0,2.0,1.0,0.68
0.13279395900755125,0.0,1.0,0.0,0.0,2.0,1.0,1.0,1.5
0.13915857605177995,0.0,0.0,1.0,0.0,2.0,2.0,0.0,1.6
0.13861920172599784,0.0,0.0,1.0,0.0,0.0,2.0,0.0,1.8
0.14735706580366775,0.0,0.0,1.0,0.0,1.0,2.0,0.0,2.0
0.05156418554476807,1.0,0.0,0.0,0.0,2.0,0.0,0.0,0.2
0.4285868392664509,1.0,0.0,0.0,0.0,0.0,3.0,2.0,5.5
0.21467098166127294,1.0,0.0,0.0,0.0,0.0,3.0,2.0,3.03
0.2715210355987055,0.0,1.0,0.0,0.0,0.0,3.0,2.0,3.35
0.12308522114347359,0.0,1.0,0.0,0.0,0.0,2.0,0.0,0.95
0.3530744336569579,0.0,1.0,0.0,0.0,0.0,3.0,1.0,6.5
0.23570658036677455,1.0,0.0,0.0,0.0,1.0,3.0,1.0,3.0
0.19514563106796118,0.0,1.0,0.0,0.0,1.0,2.0,2.0,2.6
0.1262135922330097,0.0,1.0,0.0,0.0,1.0,2.0,1.0,1.56
0.07982740021574974,0.0,0.0,0.0,1.0,0.0,1.0,0.0,0.65
0.2727076591154261,1.0,0.0,0.0,0.0,0.0,3.0,1.0,4.3
0.17853290183387271,0.0,0.0,0.0,1.0,0.0,1.0,1.0,4.5
0.14207119741100324,0.0,1.0,0.0,0.0,3.0,2.0,1.0,0.68
0.14811218985976268,0.0,1.0,0.0,0.0,2.0,2.0,1.0,1.6
0.13807982740021577,0.0,0.0,0.0,1.0,3.0,2.0,0.0,0.7
0.15156418554476808,0.0,0.0,1.0,0.0,0.0,2.0,1.0,0.96
0.09320388349514563,1.0,0.0,0.0,0.0,3.0,1.0,1.0,0.6
0.05771305285868393,0.0,1.0,0.0,0.0,1.0,0.0,1.0,0.55
0.2290183387270766,0.0,1.0,0.0,0.0,2.0,3.0,0.0,3.1
0.15070118662351673,0.0,0.0,1.0,0.0,3.0,2.0,1.0,1.4
0.1533980582524272,1.0,0.0,0.0,0.0,2.0,2.0,0.0,0.9
0.09967637540453075,1.0,0.0,0.0,0.0,3.0,1.0,1.0,0.75
0.4053937432578209,0.0,1.0,0.0,0.0,3.0,3.0,0.0,2.3
0.17745415318230853,0.0,0.0,0.0,1.0,0.0,2.0,1.0,5.07
0.12588996763754046,1.0,0.0,0.0,0.0,1.0,2.0,1.0,0.68
0.13732470334412084,0.0,1.0,0.0,0.0,3.0,2.0,1.0,0.7
0.17648327939590078,0.0,1.0,0.0,0.0,3.0,2.0,1.0,0.85
0.12103559870550162,1.0,0.0,0.0,0.0,1.0,2.0,2.0,1.74
0.15469255663430423,0.0,1.0,0.0,0.0,0.0,2.0,0.0,3.05
0.42125134843581447,0.0,1.0,0.0,0.0,2.0,3.0,1.0,5.0
0.19665587918015104,0.0,0.0,1.0,0.0,2.0,2.0,1.0,3.7
0.13991370010787488,0.0,0.0,1.0,0.0,2.0,1.0,0.0,1.15
0.11844660194174758,1.0,0.0,0.0,0.0,0.0,1.0,0.0,0.69
0.10507011866235166,0.0,1.0,0.0,0.0,1.0,1.0,1.0,1.25
0.19892125134843583,0.0,1.0,0.0,0.0,0.0,2.0,1.0,2.25
0.24638619201725998,1.0,0.0,0.0,0.0,5.0,3.0,1.0,1.0
0.38543689320388347,0.0,1.0,0.0,0.0,0.0,3.0,1.0,5.5
0.3866235167206041,1.0,0.0,0.0,0.0,1.0,3.0,1.0,3.7
0.22286947141316074,0.0,1.0,0.0,0.0,0.0,2.0,1.0,3.25
0.05080906148867314,0.0,0.0,1.0,0.0,0.0,0.0,0.0,0.52
0.12481121898597627,0.0,0.0,1.0,0.0,1.0,1.0,0.0,1.08
0.15026968716289105,0.0,0.0,1.0,0.0,4.0,1.0,1.0,0.85
0.38867313915857604,0.0,1.0,0.0,0.0,3.0,3.0,1.0,4.5
0.1533980582524272,1.0,0.0,0.0,0.0,2.0,2.0,0.0,0.9
0.13861920172599784,0.0,1.0,0.0,0.0,0.0,2.0,1.0,1.3
0.26623516720604096,1.0,0.0,0.0,0.0,0.0,3.0,1.0,2.3
0.160302049622438,1.0,0.0,0.0,0.0,3.0,2.0,0.0,3.45
0.15555555555555556,0.0,0.0,0.0,1.0,2.0,1.0,0.0,1.52
0.15889967637540453,0.0,1.0,0.0,0.0,2.0,2.0,1.0,1.54
0.12524271844660195,0.0,0.0,1.0,0.0,2.0,1.0,0.0,0.95
0.14099244875943906,0.0,0.0,1.0,0.0,2.0,2.0,1.0,0.89
0.1413160733549083,0.0,0.0,0.0,1.0,3.0,2.0,1.0,1.4
0.04638619201725998,0.0,1.0,0.0,0.0,0.0,0.0,0.0,0.61
0.2764832793959007,0.0,1.0,0.0,0.0,1.0,3.0,1.0,5.29
0.1470334412081985,1.0,0.0,0.0,0.0,2.0,2.0,1.0,1.25
0.41952535059331175,0.0,1.0,0.0,0.0,2.0,3.0,2.0,6.9
0.11272923408845739,1.0,0.0,0.0,0.0,0.0,2.0,1.0,0.78
0.13581445523193098,0.0,0.0,0.0,1.0,2.0,2.0,0.0,0.88
0.2620280474649406,1.0,0.0,0.0,0.0,3.0,3.0,1.0,2.5
0.22869471413160736,1.0,0.0,0.0,0.0,1.0,2.0,1.0,2.2
0.18694714131607337,1.0,0.0,0.0,0.0,1.0,2.0,1.0,1.31
0.11186623516720604,1.0,0.0,0.0,0.0,2.0,1.0,2.0,0.74
0.10798274002157499,1.0,0.0,0.0,0.0,3.0,1.0,1.0,0.98
0.1406688241639698,1.0,0.0,0.0,0.0,2.0,1.0,0.0,0.69
0.22243797195253506,1.0,0.0,0.0,0.0,1.0,3.0,2.0,2.34
0.1533980582524272,1.0,0.0,0.0,0.0,2.0,2.0,0.0,0.9
0.11488673139158576,1.0,0.0,0.0,0.0,2.0,1.0,0.0,0.79
0.15480043149946063,0.0,1.0,0.0,0.0,1.0,2.0,1.0,1.17
0.11434735706580368,1.0,0.0,0.0,0.0,2.0,1.0,1.0,1.42
0.1202804746494067,0.0,0.0,1.0,0.0,2.0,2.0,0.0,0.57
0.25339805825242717,0.0,1.0,0.0,0.0,0.0,2.0,1.0,1.25
0.23020496224379722,0.0,1.0,0.0,0.0,1.0,2.0,1.0,1.97
0.13300970873786408,0.0,0.0,1.0,0.0,2.0,2.0,0.0,0.49
0.06645091693635383,0.0,0.0,1.0,0.0,0.0,1.0,0.0,0.55
0.1853290183387271,1.0,0.0,0.0,0.0,2.0,2.0,1.0,3.6
0.14735706580366775,0.0,1.0,0.0,0.0,2.0,2.0,0.0,1.1
0.12653721682847896,0.0,0.0,1.0,0.0,2.0,2.0,1.0,0.46
0.23959007551240563,1.0,0.0,0.0,0.0,3.0,3.0,2.0,4.05
0.17648327939590078,0.0,1.0,0.0,0.0,3.0,2.0,2.0,1.1
0.16806903991370012,0.0,0.0,0.0,1.0,1.0,2.0,0.0,1.32
0.15728155339805827,0.0,0.0,1.0,0.0,2.0,2.0,0.0,1.42
0.14919093851132686,0.0,0.0,1.0,0.0,1.0,2.0,2.0,0.82
0.07357065803667745,0.0,0.0,1.0,0.0,0.0,1.0,1.0,0.64
0.0564185544768069,0.0,0.0,1.0,0.0,2.0,0.0,1.0,0.68
0.11941747572815534,0.0,1.0,0.0,0.0,2.0,1.0,2.0,1.3
0.14973031283710897,0.0,1.0,0.0,0.0,0.0,2.0,2.0,1.54
0.07173678532901834,1.0,0.0,0.0,0.0,0.0,0.0,0.0,0.4
0.05134843581445523,1.0,0.0,0.0,0.0,2.0,0.0,1.0,0.35
0.13106796116504854,1.0,0.0,0.0,0.0,0.0,2.0,1.0,0.48
0.09978425026968715,0.0,1.0,0.0,0.0,0.0,1.0,1.0,1.0
0.2652642934196332,0.0,1.0,0.0,0.0,2.0,3.0,0.0,5.1
0.11812297734627833,0.0,0.0,0.0,1.0,0.0,1.0,2.0,0.75
0.11909385113268608,1.0,0.0,0.0,0.0,1.0,2.0,1.0,1.32
0.21175836030204964,0.0,0.0,1.0,0.0,2.0,2.0,0.0,2.9
0.15889967637540453,0.0,0.0,0.0,1.0,4.0,2.0,1.0,0.9
0.16677454153182308,0.0,1.0,0.0,0.0,4.0,2.0,0.0,1.34
0.07249190938511327,0.0,1.0,0.0,0.0,2.0,0.0,1.0,0.69
0.15199568500539376,0.0,1.0,0.0,0.0,0.0,2.0,1.0,0.82
0.13042071197411004,0.0,0.0,1.0,0.0,1.0,3.0,2.0,0.59
0.23991370010787488,0.0,1.0,0.0,0.0,0.0,3.0,1.0,3.5
0.18694714131607337,0.0,1.0,0.0,0.0,1.0,2.0,1.0,3.67
0.2336569579288026,0.0,1.0,0.0,0.0,0.0,3.0,0.0,1.66
0.15296655879180152,0.0,0.0,1.0,0.0,0.0,2.0,1.0,1.33
0.227831715210356,1.0,0.0,0.0,0.0,4.0,2.0,1.0,3.75
0.0855447680690399,0.0,1.0,0.0,0.0,1.0,0.0,0.0,0.69
0.1110032362459547,0.0,0.0,1.0,0.0,0.0,3.0,1.0,0.82
0.133764832793959,0.0,1.0,0.0,0.0,2.0,1.0,1.0,0.77
0.18910463861920174,0.0,0.0,0.0,1.0,0.0,2.0,0.0,0.96
0.31531823085221145,1.0,0.0,0.0,0.0,3.0,2.0,1.0,2.2
0.1366774541531823,0.0,1.0,0.0,0.0,2.0,1.0,0.0,1.65
0.1470334412081985,0.0,0.0,1.0,0.0,2.0,1.0,0.0,0.9
0.32944983818770224,0.0,1.0,0.0,0.0,0.0,3.0,0.0,3.15
0.2879180151024811,1.0,0.0,0.0,0.0,4.0,2.0,1.0,3.6
0.113915857605178,0.0,0.0,1.0,0.0,0.0,3.0,0.0,0.46
0.10204962243797194,0.0,0.0,0.0,1.0,2.0,1.0,1.0,1.25
0.09676375404530743,1.0,0.0,0.0,0.0,0.0,1.0,1.0,0.98
0.2505933117583603,1.0,0.0,0.0,0.0,0.0,2.0,1.0,5.05
0.2017259978425027,0.0,1.0,0.0,0.0,2.0,2.0,1.0,3.85
0.2238403451995685,0.0,1.0,0.0,0.0,1.0,3.0,1.0,4.3
0.3207119741100323,0.0,0.0,0.0,1.0,0.0,2.0,2.0,7.0
0.13333333333333333,1.0,0.0,0.0,0.0,0.0,2.0,1.0,1.44
0.11574973031283711,0.0,1.0,0.0,0.0,2.0,1.0,1.0,0.71
0.13700107874865158,0.0,0.0,1.0,0.0,0.0,2.0,1.0,0.3
0.12168284789644013,0.0,0.0,1.0,0.0,0.0,1.0,2.0,0.68
0.18112189859762676,1.0,0.0,0.0,0.0,0.0,2.0,1.0,2.45
0.12524271844660195,0.0,1.0,0.0,0.0,4.0,1.0,1.0,0.52
0.12394822006472492,0.0,0.0,1.0,0.0,3.0,1.0,1.0,1.15
0.18166127292340886,0.0,0.0,1.0,0.0,0.0,2.0,0.0,0.6
0.2074433656957929,0.0,1.0,0.0,0.0,1.0,2.0,1.0,1.81
0.29913700107874863,0.0,1.0,0.0,0.0,0.0,3.0,2.0,5.09
0.11272923408845739,0.0,0.0,1.0,0.0,3.0,1.0,1.0,0.81
0.20431499460625674,1.0,0.0,0.0,0.0,3.0,2.0,1.0,2.9
0.15889967637540453,0.0,1.0,0.0,0.0,2.0,2.0,1.0,1.52
0.12319309600862999,0.0,0.0,0.0,1.0,2.0,1.0,0.0,1.2
0.37464940668824165,1.0,0.0,0.0,0.0,0.0,3.0,1.0,3.85
0.07464940668824163,0.0,0.0,1.0,0.0,3.0,1.0,1.0,0.45
0.21283710895361382,0.0,1.0,0.0,0.0,1.0,2.0,1.0,3.7
0.12944983818770228,0.0,0.0,1.0,0.0,2.0,2.0,0.0,0.79
0.161596548004315,0.0,0.0,1.0,0.0,2.0,2.0,0.0,1.3
0.14595469255663432,0.0,0.0,1.0,0.0,0.0,1.0,2.0,0.95
0.22567421790722764,0.0,1.0,0.0,0.0,0.0,3.0,1.0,1.88
0.05577130528586839,1.0,0.0,0.0,0.0,0.0,0.0,1.0,0.69
0.11531823085221143,0.0,1.0,0.0,0.0,2.0,1.0,0.0,0.9
0.11995685005393744,1.0,0.0,0.0,0.0,2.0,1.0,1.0,0.8
0.290722761596548,1.0,0.0,0.0,0.0,1.0,3.0,2.0,4.58
0.5125134843581446,0.0,1.0,0.0,0.0,0.0,3.0,1.0,8.71
0.09525350593311757,0.0,0.0,0.0,1.0,3.0,1.0,1.0,0.52
0.16494066882416397,0.0,1.0,0.0,0.0,0.0,2.0,2.0,1.88
0.11370010787486515,0.0,0.0,1.0,0.0,0.0,2.0,0.0,0.48
0.26299892125134844,0.0,1.0,0.0,0.0,0.0,3.0,1.0,3.2
0.10539374325782092,0.0,1.0,0.0,0.0,0.0,1.0,1.0,1.11
0.2238403451995685,0.0,1.0,0.0,0.0,1.0,3.0,0.0,4.3
0.09406688241639699,0.0,0.0,0.0,1.0,3.0,1.0,1.0,0.7
0.1483279395900755,1.0,0.0,0.0,0.0,2.0,2.0,0.0,1.01
0.5256742179072276,0.0,1.0,0.0,0.0,1.0,3.0,2.0,4.49
0.09341963322545846,0.0,1.0,0.0,0.0,1.0,1.0,1.0,0.4
0.1598705501618123,1.0,0.0,0.0,0.0,0.0,2.0,1.0,3.2
0.1057173678532902,0.0,0.0,1.0,0.0,1.0,1.0,1.0,0.62
0.2829557713052859,1.0,0.0,0.0,0.0,2.0,3.0,2.0,3.8
0.24088457389428264,0.0,1.0,0.0,0.0,0.0,3.0,1.0,3.91
0.2733549083063646,1.0,0.0,0.0,0.0,0.0,3.0,0.0,3.3
0.17583603020496225,0.0,0.0,1.0,0.0,0.0,2.0,1.0,0.55
0.10496224379719526,0.0,0.0,1.0,0.0,4.0,1.0,0.0,1.15
0.14444444444444446,0.0,1.0,0.0,0.0,3.0,1.0,2.0,0.9
0.14379719525350595,0.0,1.0,0.0,0.0,1.0,1.0,1.0,1.9
0.12060409924487595,0.0,1.0,0.0,0.0,1.0,2.0,0.0,1.46
0.1784250269687163,1.0,0.0,0.0,0.0,1.0,2.0,1.0,2.16
0.18985976267529667,1.0,0.0,0.0,0.0,2.0,2.0,2.0,3.79
0.2365695792880259,0.0,0.0,0.0,1.0,0.0,2.0,1.0,5.92
0.11413160733549083,0.0,0.0,0.0,1.0,2.0,1.0,2.0,1.45
0.13732470334412084,0.0,0.0,0.0,1.0,2.0,2.0,0.0,0.7
0.06709816612729233,0.0,0.0,1.0,0.0,2.0,1.0,0.0,0.3
0.11812297734627833,1.0,0.0,0.0,0.0,2.0,1.0,1.0,0.69
0.08360302049622437,0.0,0.0,0.0,1.0,4.0,1.0,2.0,0.17
0.06742179072276161,1.0,0.0,0.0,0.0,2.0,0.0,0.0,0.4
0.11725997842502697,1.0,0.0,0.0,0.0,3.0,1.0,0.0,1.24
0.2114347357065804,1.0,0.0,0.0,0.0,0.0,2.0,0.0,2.8
0.06936353829557712,0.0,0.0,1.0,0.0,2.0,1.0,1.0,0.35
0.1825242718446602,0.0,0.0,0.0,1.0,2.0,2.0,0.0,2.3
0.12599784250269688,0.0,0.0,0.0,1.0,3.0,1.0,2.0,1.51
0.09061488673139159,0.0,1.0,0.0,0.0,4.0,1.0,1.0,0.7
0.2559870550161812,0.0,0.0,0.0,1.0,2.0,3.0,2.0,3.5
0.11855447680690398,1.0,0.0,0.0,0.0,0.0,1.0,0.0,0.69
0.1365695792880259,1.0,0.0,0.0,0.0,2.0,2.0,0.0,2.22
0.12038834951456312,0.0,1.0,0.0,0.0,2.0,1.0,1.0,1.3
0.14056094929881338,0.0,0.0,1.0,0.0,2.0,2.0,0.0,0.58
0.25361380798274,1.0,0.0,0.0,0.0,3.0,3.0,2.0,5.3
0.1180151024811219,1.0,0.0,0.0,0.0,2.0,1.0,1.0,0.69
0.21477885652642936,1.0,0.0,0.0,0.0,0.0,3.0,1.0,3.41
0.2336569579288026,1.0,0.0,0.0,0.0,0.0,3.0,1.0,2.3
0.15544768069039916,0.0,1.0,0.0,0.0,2.0,2.0,1.0,2.0
0.12934196332254586,0.0,1.0,0.0,0.0,1.0,1.0,1.0,0.9
0.22804746494066883,0.0,1.0,0.0,0.0,1.0,2.0,0.0,3.3
0.20280474649406688,0.0,0.0,1.0,0.0,0.0,2.0,0.0,1.65
0.2764832793959007,1.0,0.0,0.0,0.0,1.0,3.0,1.0,3.16
0.13624595469255665,0.0,1.0,0.0,0.0,1.0,1.0,1.0,0.94
0.2451995685005394,0.0,1.0,0.0,0.0,0.0,3.0,0.0,3.26
0.13387270765911544,1.0,0.0,0.0,0.0,0.0,1.0,0.0,0.77
0.1878101402373247,1.0,0.0,0.0,0.0,2.0,2.0,1.0,3.2
0.20215749730312838,1.0,0.0,0.0,0.0,0.0,2.0,1.0,2.25
0.14444444444444446,0.0,0.0,1.0,0.0,3.0,2.0,0.0,1.6
0.11359223300970875,0.0,0.0,1.0,0.0,1.0,0.0,0.0,0.62
0.32675296655879177,1.0,0.0,0.0,0.0,2.0,3.0,1.0,5.5
0.11769147788565265,0.0,1.0,0.0,0.0,1.0,1.0,1.0,1.0
0.1638619201725998,0.0,0.0,1.0,0.0,2.0,2.0,0.0,0.76
0.5040992448759439,0.0,1.0,0.0,0.0,0.0,3.0,2.0,8.5
0.1516720604099245,1.0,0.0,0.0,0.0,2.0,2.0,0.0,1.32
0.5689320388349515,1.0,0.0,0.0,0.0,0.0,3.0,2.0,5.65
0.2790722761596548,1.0,0.0,0.0,0.0,0.0,3.0,1.0,2.4
0.13117583603020497,0.0,1.0,0.0,0.0,1.0,1.0,1.0,1.23
0.11823085221143473,1.0,0.0,0.0,0.0,2.0,1.0,1.0,0.69
0.14681769147788565,0.0,0.0,0.0,1.0,2.0,2.0,2.0,1.9
0.0725997842502697,0.0,0.0,1.0,0.0,0.0,0.0,1.0,0.65
0.18975188781014024,0.0,1.0,0.0,0.0,2.0,2.0,1.0,0.95
0.09417475728155339,0.0,1.0,0.0,0.0,2.0,1.0,1.0,1.2
0.24476806903991372,1.0,0.0,0.0,0.0,0.0,3.0,1.0,4.1
0.16375404530744336,0.0,0.0,0.0,1.0,0.0,2.0,2.0,1.05
0.09309600862998921,0.0,0.0,1.0,0.0,1.0,2.0,1.0,0.42
0.2451995685005394,0.0,1.0,0.0,0.0,1.0,3.0,1.0,3.31
0.1599784250269687,0.0,1.0,0.0,0.0,0.0,2.0,1.0,2.95
0.14217907227615967,0.0,0.0,1.0,0.0,2.0,2.0,1.0,1.15
0.1504854368932039,0.0,0.0,1.0,0.0,4.0,2.0,0.0,1.01
0.5148867313915857,0.0,1.0,0.0,0.0,0.0,3.0,1.0,5.65
0.29223300970873783,0.0,1.0,0.0,0.0,2.0,2.0,1.0,3.7
0.24476806903991372,1.0,0.0,0.0,0.0,0.0,3.0,1.0,4.1
0.13732470334412084,0.0,0.0,1.0,0.0,0.0,1.0,1.0,0.68
0.09482200647249192,0.0,1.0,0.0,0.0,2.0,1.0,0.0,1.25
0.13743257820927723,1.0,0.0,0.0,0.0,1.0,2.0,1.0,2.05
0.11618122977346279,1.0,0.0,0.0,0.0,0.0,1.0,0.0,1.41
0.16677454153182308,1.0,0.0,0.0,0.0,1.0,2.0,1.0,1.61
0.11628910463861919,0.0,0.0,1.0,0.0,0.0,1.0,0.0,0.72
0.15674217907227617,0.0,1.0,0.0,0.0,2.0,2.0,0.0,1.2
0.13581445523193098,0.0,0.0,0.0,1.0,2.0,2.0,1.0,0.65
0.1912621359223301,0.0,1.0,0.0,0.0,0.0,2.0,1.0,2.43
0.24617044228694715,1.0,0.0,0.0,0.0,1.0,3.0,1.0,3.18
0.24314994606256743,0.0,1.0,0.0,0.0,0.0,2.0,2.0,1.92
0.12653721682847896,0.0,0.0,0.0,1.0,2.0,1.0,0.0,1.7
0.3537216828478964,1.0,0.0,0.0,0.0,2.0,3.0,2.0,10.0
0.08004314994606257,0.0,0.0,1.0,0.0,3.0,1.0,0.0,0.28
0.10755124056094931,0.0,0.0,1.0,0.0,0.0,1.0,2.0,1.1
0.07745415318230853,1.0,0.0,0.0,0.0,2.0,0.0,0.0,0.45
0.0691477885652643,1.0,0.0,0.0,0.0,1.0,0.0,1.0,0.53
0.04908306364617044,0.0,1.0,0.0,0.0,1.0,0.0,0.0,0.53
0.19039913700107877,1.0,0.0,0.0,0.0,4.0,2.0,1.0,1.15
0.17971952535059332,0.0,0.0,1.0,0.0,0.0,2.0,0.0,3.19
0.1376483279395901,0.0,1.0,0.0,0.0,2.0,2.0,1.0,1.6
0.17562028047464942,0.0,1.0,0.0,0.0,1.0,2.0,0.0,1.06
0.12362459546925567,0.0,1.0,0.0,0.0,2.0,2.0,1.0,1.1
0.1319309600862999,1.0,0.0,0.0,0.0,3.0,1.0,1.0,1.4
0.11434735706580368,0.0,0.0,1.0,0.0,2.0,1.0,0.0,2.0
0.5648327939590075,0.0,1.0,0.0,0.0,2.0,3.0,0.0,7.1
0.20960086299892125,0.0,0.0,1.0,0.0,2.0,2.0,0.0,0.72
0.2335490830636462,1.0,0.0,0.0,0.0,0.0,3.0,1.0,4.6
0.37464940668824165,0.0,1.0,0.0,0.0,0.0,3.0,1.0,5.5
0.11693635382955772,0.0,0.0,1.0,0.0,3.0,1.0,0.0,0.4
0.17820927723840346,1.0,0.0,0.0,0.0,1.0,2.0,1.0,2.26
0.21952535059331177,1.0,0.0,0.0,0.0,0.0,3.0,1.0,3.03
0.11143473570658036,0.0,0.0,1.0,0.0,2.0,1.0,1.0,0.66
0.2727076591154261,1.0,0.0,0.0,0.0,2.0,3.0,2.0,4.0
0.09848975188781015,0.0,1.0,0.0,0.0,0.0,1.0,1.0,0.5
0.14973031283710897,0.0,0.0,1.0,0.0,4.0,2.0,1.0,2.2
0.13085221143473572,0.0,0.0,1.0,0.0,2.0,2.0,1.0,0.64
0.16580366774541533,0.0,0.0,1.0,0.0,3.0,2.0,1.0,1.25
0.10474649406688241,0.0,0.0,1.0,0.0,4.0,1.0,0.0,0.9
0.15307443365695794,0.0,0.0,0.0,1.0,0.0,2.0,1.0,1.2
0.13840345199568502,0.0,0.0,1.0,0.0,0.0,2.0,2.0,0.77
0.26677454153182306,0.0,0.0,1.0,0.0,2.0,2.0,0.0,3.0
0.13516720604099244,0.0,0.0,1.0,0.0,2.0,2.0,2.0,0.54
0.18791801510248113,0.0,1.0,0.0,0.0,2.0,2.0,2.0,1.77
0.11574973031283711,0.0,0.0,1.0,0.0,2.0,1.0,1.0,0.66
0.12254584681769148,0.0,0.0,1.0,0.0,1.0,2.0,0.0,1.0
0.13203883495145632,1.0,0.0,0.0,0.0,0.0,1.0,0.0,1.9
0.17400215749730313,1.0,0.0,0.0,0.0,4.0,2.0,1.0,2.74
0.16289104638619203,1.0,0.0,0.0,0.0,3.0,2.0,1.0,1.8
0.14455231930960089,0.0,0.0,0.0,1.0,0.0,2.0,1.0,1.75
0.13236245954692558,1.0,0.0,0.0,0.0,2.0,2.0,1.0,0.95
0.1645091693635383,0.0,0.0,0.0,1.0,0.0,2.0,0.0,1.06
0.09805825242718447,0.0,0.0,1.0,0.0,0.0,1.0,1.0,0.64
0.14724919093851133,1.0,0.0,0.0,0.0,0.0,1.0,1.0,0.46
0.10485436893203884,0.0,1.0,0.0,0.0,0.0,1.0,1.0,0.9
0.12761596548004317,0.0,0.0,1.0,0.0,2.0,1.0,0.0,0.85
0.5098166127292341,1.0,0.0,0.0,0.0,1.0,3.0,1.0,4.3
0.1290183387270766,0.0,0.0,1.0,0.0,0.0,1.0,0.0,0.58
0.13754045307443366,0.0,0.0,1.0,0.0,0.0,2.0,1.0,0.65
0.22103559870550163,1.0,0.0,0.0,0.0,2.0,2.0,1.0,3.0
0.16526429341963322,0.0,0.0,1.0,0.0,3.0,2.0,1.0,1.35
0.13149946062567422,0.0,1.0,0.0,0.0,0.0,2.0,1.0,1.01
0.21941747572815534,0.0,1.0,0.0,0.0,2.0,2.0,1.0,1.72
0.13807982740021577,1.0,0.0,0.0,0.0,1.0,2.0,1.0,1.92
0.14444444444444446,0.0,0.0,1.0,0.0,2.0,2.0,1.0,0.63
0.4809061488673139,1.0,0.0,0.0,0.0,1.0,3.0,1.0,7.0
0.0855447680690399,0.0,1.0,0.0,0.0,0.0,0.0,1.0,0.62
0.09018338727076591,0.0,0.0,1.0,0.0,1.0,1.0,0.0,0.45
0.10388349514563108,0.0,0.0,1.0,0.0,1.0,2.0,0.0,0.87
0.15889967637540453,1.0,0.0,0.0,0.0,0.0,2.0,1.0,2.5
0.295361380798274,0.0,1.0,0.0,0.0,0.0,3.0,1.0,2.94
0.13807982740021577,1.0,0.0,0.0,0.0,2.0,1.0,0.0,0.58
0.0494066882416397,0.0,0.0,1.0,0.0,0.0,0.0,1.0,0.62
0.33635382955771304,0.0,1.0,0.0,0.0,3.0,3.0,1.0,5.1
0.10819848975188781,0.0,1.0,0.0,0.0,0.0,1.0,1.0,1.1
0.30043149946062564,1.0,0.0,0.0,0.0,3.0,3.0,2.0,6.0
0.16957928802588998,0.0,1.0,0.0,0.0,1.0,2.0,2.0,2.85
0.18230852211434737,1.0,0.0,0.0,0.0,1.0,2.0,0.0,2.68
0.2202804746494067,0.0,0.0,1.0,0.0,0.0,2.0,1.0,2.4
0.18856526429341963,0.0,0.0,0.0,1.0,2.0,2.0,1.0,3.3
0.0960086299892125,0.0,1.0,0.0,0.0,3.0,1.0,1.0,0.85
0.16245954692556636,1.0,0.0,0.0,0.0,0.0,2.0,1.0,1.1
0.3422869471413161,1.0,0.0,0.0,0.0,0.0,3.0,2.0,3.65
0.1133764832793959,1.0,0.0,0.0,0.0,2.0,1.0,2.0,1.35
0.13743257820927723,1.0,0.0,0.0,0.0,0.0,2.0,1.0,1.93
0.13516720604099244,0.0,0.0,1.0,0.0,2.0,2.0,1.0,1.35
0.1411003236245955,1.0,0.0,0.0,0.0,1.0,1.0,1.0,1.18
0.05577130528586839,0.0,1.0,0.0,0.0,0.0,0.0,1.0,0.57
0.11844660194174758,1.0,0.0,0.0,0.0,3.0,2.0,0.0,0.82
0.1110032362459547,1.0,0.0,0.0,0.0,1.0,1.0,1.0,1.3
0.2559870550161812,0.0,1.0,0.0,0.0,1.0,3.0,0.0,2.22
0.11359223300970875,0.0,1.0,0.0,0.0,2.0,1.0,1.0,0.67
0.2388349514563107,0.0,0.0,0.0,1.0,2.0,3.0,2.0,6.75
0.21035598705501618,1.0,0.0,0.0,0.0,2.0,3.0,2.0,3.5
0.11402373247033443,1.0,0.0,0.0,0.0,1.0,1.0,1.0,0.48
0.1540453074433657,1.0,0.0,0.0,0.0,3.0,1.0,1.0,0.9
0.1209277238403452,0.0,0.0,0.0,1.0,2.0,1.0,0.0,0.75
0.07065803667745416,0.0,0.0,1.0,0.0,2.0,0.0,1.0,0.23
0.367529665587918,0.0,1.0,0.0,0.0,1.0,3.0,2.0,3.9
0.09795037756202804,0.0,1.0,0.0,0.0,2.0,1.0,1.0,1.0
0.40701186623516716,0.0,1.0,0.0,0.0,0.0,3.0,0.0,7.5
0.19492988133764833,0.0,1.0,0.0,0.0,1.0,2.0,1.0,1.32
0.13732470334412084,0.0,1.0,0.0,0.0,1.0,1.0,2.0,1.01
0.0727076591154261,0.0,0.0,1.0,0.0,2.0,0.0,1.0,0.67
0.26677454153182306,1.0,0.0,0.0,0.0,2.0,3.0,1.0,3.1
0.10898166127292341,1.0,0.0,0.0,0.0,0.0,1.0,0.0,1.75
0.2831715210355987,1.0,0.0,0.0,0.0,0.0,3.0,1.0,4.0
0.13807982740021577,0.0,0.0,1.0,0.0,2.0,1.0,0.0,0.85
0.1,0.0,1.0,0.0,0.0,2.0,1.0,1.0,0.82
0.0919093851132686,0.0,1.0,0.0,0.0,4.0,0.0,1.0,0.38
0.17583603020496225,0.0,0.0,0.0,1.0,2.0,2.0,1.0,0.8
0.06882416396979504,0.0,1.0,0.0,0.0,4.0,1.0,1.0,0.26
0.13149946062567422,1.0,0.0,0.0,0.0,0.0,2.0,1.0,1.7
0.11003236245954692,1.0,0.0,0.0,0.0,2.0,1.0,0.0,0.76
0.5070118662351671,0.0,1.0,0.0,0.0,2.0,3.0,1.0,7.0
0.13171521035598707,0.0,1.0,0.0,0.0,4.0,1.0,0.0,0.6
0.0924487594390507,1.0,0.0,0.0,0.0,3.0,1.0,1.0,0.55
0.14433656957928803,0.0,0.0,1.0,0.0,2.0,2.0,0.0,0.79
0.14368932038834953,1.0,0.0,0.0,0.0,2.0,2.0,0.0,0.85
0.0947141316073355,0.0,0.0,1.0,0.0,3.0,1.0,1.0,0.55
0.0843581445523193,0.0,0.0,0.0,1.0,3.0,0.0,0.0,0.58
0.36073354908306365,1.0,0.0,0.0,0.0,2.0,3.0,2.0,4.3
0.17270765911542613,0.0,0.0,1.0,0.0,0.0,2.0,1.0,3.25
0.26245954692556633,0.0,0.0,0.0,1.0,2.0,2.0,0.0,2.9
0.2149946062567422,1.0,0.0,0.0,0.0,0.0,2.0,1.0,3.1
0.12772384034519957,0.0,0.0,1.0,0.0,2.0,1.0,0.0,0.95
0.11359223300970875,0.0,0.0,0.0,1.0,3.0,2.0,1.0,0.65
0.12826321467098167,1.0,0.0,0.0,0.0,2.0,1.0,1.0,1.4
0.3099244875943905,1.0,0.0,0.0,0.0,4.0,3.0,1.0,3.5
0.1262135922330097,0.0,0.0,1.0,0.0,1.0,1.0,0.0,1.38
0.05285868392664509,0.0,0.0,1.0,0.0,2.0,0.0,1.0,0.68
0.1145631067961165,1.0,0.0,0.0,0.0,3.0,1.0,0.0,0.83
0.10161812297734629,0.0,1.0,0.0,0.0,0.0,2.0,1.0,0.98
0.13700107874865158,0.0,0.0,1.0,0.0,2.0,2.0,0.0,0.52
0.0802588996763754,0.0,0.0,1.0,0.0,0.0,2.0,1.0,0.58
0.0494066882416397,0.0,0.0,1.0,0.0,3.0,0.0,1.0,0.41
0.09072276159654802,0.0,0.0,0.0,1.0,2.0,1.0,1.0,0.65
0.18608414239482202,0.0,0.0,0.0,1.0,2.0,2.0,0.0,5.5
0.28586839266450914,1.0,0.0,0.0,0.0,0.0,2.0,1.0,1.75
0.14088457389428263,0.0,0.0,0.0,1.0,2.0,2.0,1.0,1.55
0.10852211434735706,1.0,0.0,0.0,0.0,1.0,1.0,1.0,0.45
0.15350593311758362,1.0,0.0,0.0,0.0,0.0,2.0,1.0,2.4
0.12470334412081985,0.0,0.0,1.0,0.0,0.0,1.0,1.0,0.86
0.20086299892125137,1.0,0.0,0.0,0.0,1.0,3.0,1.0,3.9
0.10183387270765912,0.0,1.0,0.0,0.0,0.0,1.0,1.0,0.86
0.11229773462783171,0.0,0.0,1.0,0.0,3.0,1.0,0.0,0.42
0.11229773462783171,0.0,0.0,1.0,0.0,3.0,1.0,0.0,0.65
0.05048543689320389,1.0,0.0,0.0,0.0,2.0,0.0,1.0,0.28
0.29460625674217905,0.0,0.0,0.0,1.0,2.0,3.0,2.0,7.3
0.19385113268608414,0.0,1.0,0.0,0.0,4.0,2.0,1.0,1.3
0.0912621359223301,0.0,1.0,0.0,0.0,1.0,1.0,1.0,0.59
0.07907227615965481,0.0,0.0,1.0,0.0,3.0,1.0,1.0,0.3
0.13527508090614887,0.0,0.0,1.0,0.0,2.0,2.0,0.0,0.58
0.15911542610571738,1.0,0.0,0.0,0.0,0.0,2.0,1.0,1.92
0.1533980582524272,1.0,0.0,0.0,0.0,2.0,2.0,1.0,0.9
0.28942826321467097,1.0,0.0,0.0,0.0,4.0,3.0,2.0,4.25
0.2544768069039913,0.0,0.0,1.0,0.0,1.0,2.0,0.0,3.3
0.19805825242718447,0.0,1.0,0.0,0.0,0.0,2.0,2.0,1.86
0.15728155339805827,0.0,0.0,1.0,0.0,3.0,1.0,1.0,1.35
0.13171521035598707,0.0,1.0,0.0,0.0,2.0,1.0,1.0,0.78
0.15264293419633226,0.0,1.0,0.0,0.0,3.0,2.0,1.0,1.55
0.227831715210356,0.0,0.0,0.0,1.0,2.0,2.0,1.0,1.8
0.14811218985976268,0.0,1.0,0.0,0.0,1.0,1.0,1.0,1.7
0.14056094929881338,0.0,0.0,1.0,0.0,4.0,2.0,0.0,0.84
0.14368932038834953,0.0,1.0,0.0,0.0,1.0,1.0,1.0,1.25
0.12308522114347359,0.0,0.0,0.0,1.0,4.0,1.0,0.0,0.8
0.11855447680690398,0.0,0.0,1.0,0.0,2.0,2.0,1.0,1.15
0.11423948220064725,0.0,0.0,1.0,0.0,1.0,1.0,1.0,0.91
0.14541531823085221,1.0,0.0,0.0,0.0,2.0,2.0,1.0,1.5
0.11531823085221143,1.0,0.0,0.0,0.0,2.0,1.0,1.0,1.23
0.16375404530744336,0.0,1.0,0.0,0.0,3.0,2.0,1.0,0.75
0.1668824163969795,1.0,0.0,0.0,0.0,0.0,2.0,0.0,1.7
0.17508090614886732,0.0,0.0,1.0,0.0,1.0,2.0,2.0,1.88
0.0725997842502697,0.0,0.0,1.0,0.0,3.0,0.0,1.0,0.4
0.19255663430420714,1.0,0.0,0.0,0.0,1.0,2.0,1.0,1.3
0.3207119741100323,1.0,0.0,0.0,0.0,3.0,3.0,2.0,6.25
0.1696871628910464,0.0,1.0,0.0,0.0,1.0,2.0,1.0,1.65
0.05242718446601942,0.0,1.0,0.0,0.0,0.0,0.0,1.0,0.47
0.15350593311758362,1.0,0.0,0.0,0.0,2.0,2.0,0.0,0.89
0.10906148867313917,0.0,1.0,0.0,0.0,4.0,1.0,1.0,0.62
0.1243797195253506,1.0,0.0,0.0,0.0,0.0,2.0,1.0,1.06
0.24573894282632147,0.0,1.0,0.0,0.0,1.0,2.0,1.0,3.3
0.2029126213592233,0.0,1.0,0.0,0.0,1.0,3.0,1.0,2.0
0.19805825242718447,0.0,0.0,1.0,0.0,2.0,2.0,1.0,3.65
0.10118662351672061,1.0,0.0,0.0,0.0,0.0,0.0,1.0,1.2
0.38543689320388347,0.0,1.0,0.0,0.0,0.0,3.0,2.0,4.25
0.17583603020496225,0.0,0.0,1.0,0.0,2.0,2.0,1.0,0.56
0.23441208198489752,0.0,0.0,1.0,0.0,1.0,2.0,1.0,1.95
0.14681769147788565,0.0,0.0,1.0,0.0,0.0,2.0,1.0,1.31
0.17971952535059332,0.0,0.0,1.0,0.0,2.0,2.0,0.0,0.82
0.11413160733549083,0.0,0.0,0.0,1.0,2.0,1.0,0.0,1.38
0.13106796116504854,0.0,1.0,0.0,0.0,2.0,2.0,1.0,1.15
0.08921251348435816,1.0,0.0,0.0,0.0,3.0,1.0,1.0,0.63
0.16429341963322547,0.0,0.0,1.0,0.0,0.0,2.0,0.0,1.73
0.368824163969795,1.0,0.0,0.0,0.0,2.0,3.0,1.0,3.5
0.23441208198489752,0.0,0.0,0.0,1.0,1.0,2.0,1.0,3.0
0.16936353829557713,1.0,0.0,0.0,0.0,0.0,2.0,2.0,2.3
0.1348435814455232,0.0,0.0,1.0,0.0,3.0,1.0,1.0,1.25
0.2423948220064725,1.0,0.0,0.0,0.0,0.0,3.0,2.0,2.66
0.1435814455231931,0.0,0.0,1.0,0.0,3.0,1.0,1.0,1.0
0.11920172599784251,0.0,1.0,0.0,0.0,2.0,1.0,1.0,0.74
0.16245954692556636,1.0,0.0,0.0,0.0,1.0,2.0,1.0,1.54
0.11423948220064725,1.0,0.0,0.0,0.0,0.0,1.0,1.0,1.2
0.17766990291262136,0.0,1.0,0.0,0.0,0.0,2.0,1.0,1.75
0.10970873786407767,1.0,0.0,0.0,0.0,0.0,1.0,1.0,0.75
0.10485436893203884,0.0,0.0,1.0,0.0,0.0,2.0,0.0,0.75
0.12114347357065805,0.0,1.0,0.0,0.0,0.0,1.0,1.0,2.0
0.17508090614886732,0.0,0.0,1.0,0.0,0.0,2.0,1.0,1.4
0.1686084142394822,1.0,0.0,0.0,0.0,1.0,2.0,1.0,1.26
0.14250269687162892,0.0,0.0,1.0,0.0,0.0,2.0,1.0,1.4
0.25339805825242717,0.0,0.0,0.0,1.0,2.0,2.0,1.0,0.64
0.12049622437971952,0.0,1.0,0.0,0.0,1.0,1.0,1.0,1.65
0.0725997842502697,0.0,0.0,0.0,1.0,4.0,0.0,2.0,0.45
0.15501618122977348,1.0,0.0,0.0,0.0,3.0,2.0,1.0,0.84
0.12308522114347359,0.0,1.0,0.0,0.0,0.0,1.0,1.0,1.3
0.21510248112189861,0.0,0.0,0.0,1.0,1.0,2.0,2.0,3.49
0.3728155339805825,1.0,0.0,0.0,0.0,4.0,3.0,2.0,2.9
0.4016181229773463,0.0,1.0,0.0,0.0,0.0,3.0,1.0,6.25
0.12977346278317153,1.0,0.0,0.0,0.0,2.0,1.0,1.0,2.45
0.11316073354908307,1.0,0.0,0.0,0.0,0.0,1.0,0.0,1.3
0.29406688241639695,1.0,0.0,0.0,0.0,2.0,3.0,2.0,3.8
0.175512405609493,1.0,0.0,0.0,0.0,0.0,2.0,0.0,1.62
0.041963322545846816,0.0,0.0,0.0,1.0,3.0,0.0,1.0,0.2
0.09546925566343042,0.0,0.0,1.0,0.0,3.0,1.0,1.0,0.6
0.11240560949298814,1.0,0.0,0.0,0.0,3.0,1.0,1.0,0.75
0.12319309600862999,0.0,0.0,1.0,0.0,3.0,1.0,1.0,0.71
0.2365695792880259,1.0,0.0,0.0,0.0,1.0,3.0,1.0,3.45
0.11477885652642936,0.0,0.0,1.0,0.0,2.0,1.0,1.0,0.38
0.05533980582524272,0.0,0.0,0.0,1.0,0.0,0.0,2.0,0.36
0.07702265372168285,0.0,0.0,0.0,1.0,3.0,1.0,1.0,0.46
0.2010787486515642,0.0,1.0,0.0,0.0,0.0,2.0,2.0,3.25
0.2727076591154261,1.0,0.0,0.0,0.0,0.0,3.0,2.0,4.6
0.11057173678532903,0.0,1.0,0.0,0.0,1.0,1.0,0.0,0.49
0.14617044228694714,1.0,0.0,0.0,0.0,2.0,1.0,1.0,1.0
0.2360302049622438,0.0,0.0,0.0,1.0,1.0,2.0,0.0,3.0
0.14379719525350595,1.0,0.0,0.0,0.0,2.0,2.0,0.0,0.85
0.15026968716289105,0.0,0.0,1.0,0.0,4.0,2.0,1.0,0.83
0.34444444444444444,0.0,1.0,0.0,0.0,0.0,3.0,2.0,2.58
0.3215749730312837,1.0,0.0,0.0,0.0,2.0,3.0,2.0,3.3
0.10420711974110033,0.0,1.0,0.0,0.0,0.0,1.0,1.0,0.46
0.1912621359223301,0.0,0.0,0.0,1.0,2.0,2.0,0.0,1.85
0.1306364617044229,0.0,0.0,0.0,1.0,0.0,1.0,0.0,1.05
0.3422869471413161,0.0,1.0,0.0,0.0,2.0,3.0,1.0,5.48
0.11823085221143473,1.0,0.0,0.0,0.0,2.0,1.0,1.0,1.42
0.0924487594390507,0.0,1.0,0.0,0.0,0.0,1.0,1.0,0.7
0.23096008629989215,0.0,1.0,0.0,0.0,1.0,3.0,2.0,2.32
0.1568500539374326,0.0,0.0,1.0,0.0,0.0,2.0,1.0,2.22
0.17119741100323627,1.0,0.0,0.0,0.0,3.0,2.0,1.0,2.3
0.05857605177993527,0.0,0.0,1.0,0.0,2.0,0.0,1.0,0.23
0.10496224379719526,0.0,1.0,0.0,0.0,0.0,1.0,0.0,1.03
0.15641855447680691,0.0,1.0,0.0,0.0,2.0,2.0,0.0,2.5
0.22319309600863,0.0,0.0,1.0,0.0,2.0,2.0,1.0,9.5
0.12427184466019417,1.0,0.0,0.0,0.0,2.0,1.0,0.0,0.74
0.2897518878101402,1.0,0.0,0.0,0.0,0.0,2.0,1.0,5.3
0.42006472491909386,0.0,1.0,0.0,0.0,2.0,2.0,0.0,3.8
0.046062567421790726,0.0,0.0,1.0,0.0,0.0,0.0,0.0,0.65
0.1703344120819849,0.0,0.0,1.0,0.0,1.0,2.0,1.0,0.85
0.1215749730312837,0.0,1.0,0.0,0.0,1.0,2.0,1.0,1.35
0.1668824163969795,0.0,0.0,1.0,0.0,3.0,2.0,1.0,1.4
0.1483279395900755,0.0,1.0,0.0,0.0,2.0,2.0,2.0,2.05
0.18317152103559872,0.0,0.0,0.0,1.0,0.0,2.0,0.0,5.06
0.13182308522114347,0.0,1.0,0.0,0.0,0.0,2.0,0.0,1.5
0.08727076591154262,0.0,0.0,1.0,0.0,4.0,1.0,1.0,0.47
0.14088457389428263,0.0,0.0,1.0,0.0,2.0,2.0,1.0,1.62
0.15361380798274002,0.0,0.0,0.0,1.0,2.0,2.0,0.0,0.69
0.17130528586839266,1.0,0.0,0.0,0.0,0.0,2.0,1.0,0.8
0.11240560949298814,0.0,1.0,0.0,0.0,2.0,1.0,1.0,0.98
0.1632146709816613,0.0,0.0,1.0,0.0,0.0,2.0,1.0,0.55
0.14153182308522116,0.0,0.0,1.0,0.0,0.0,2.0,1.0,2.45
0.14163969795037756,0.0,0.0,0.0,1.0,0.0,2.0,1.0,0.74
0.2919093851132686,1.0,0.0,0.0,0.0,0.0,3.0,1.0,3.0
0.16494066882416397,0.0,0.0,0.0,1.0,2.0,2.0,0.0,1.4
0.14595469255663432,0.0,0.0,1.0,0.0,2.0,2.0,0.0,0.58
0.26677454153182306,0.0,0.0,1.0,0.0,2.0,2.0,0.0,3.0
0.113915857605178,0.0,0.0,1.0,0.0,0.0,1.0,1.0,0.46
0.1598705501618123,0.0,0.0,1.0,0.0,3.0,1.0,0.0,0.77
0.1533980582524272,1.0,0.0,0.0,0.0,2.0,2.0,0.0,0.9
0.1325782092772384,0.0,0.0,0.0,1.0,2.0,2.0,0.0,1.8
0.18327939590075512,0.0,1.0,0.0,0.0,2.0,2.0,1.0,3.0
0.18036677454153183,0.0,1.0,0.0,0.0,0.0,2.0,0.0,3.2
0.14811218985976268,0.0,0.0,0.0,1.0,0.0,2.0,1.0,2.7
0.14368932038834953,1.0,0.0,0.0,0.0,2.0,2.0,0.0,0.84
0.19093851132686085,0.0,1.0,0.0,0.0,4.0,3.0,1.0,2.0
0.1634304207119741,0.0,0.0,0.0,1.0,0.0,1.0,0.0,2.06
0.12653721682847896,0.0,0.0,0.0,1.0,0.0,1.0,0.0,1.6
0.24455231930960086,0.0,1.0,0.0,0.0,1.0,3.0,1.0,2.67
0.14207119741100324,0.0,0.0,1.0,0.0,0.0,2.0,0.0,1.36
0.2559870550161812,0.0,1.0,0.0,0.0,2.0,3.0,0.0,3.3
0.1714131607335491,1.0,0.0,0.0,0.0,0.0,2.0,1.0,3.35
0.15782092772384035,0.0,0.0,1.0,0.0,1.0,2.0,1.0,1.7
0.4501618122977346,0.0,1.0,0.0,0.0,3.0,3.0,0.0,6.3
0.14217907227615967,0.0,0.0,1.0,0.0,2.0,2.0,0.0,0.81
0.19018338727076592,1.0,0.0,0.0,0.0,1.0,2.0,2.0,2.59
0.16289104638619203,1.0,0.0,0.0,0.0,1.0,2.0,1.0,3.1
0.1243797195253506,1.0,0.0,0.0,0.0,0.0,1.0,0.0,0.75
0.11531823085221143,0.0,1.0,0.0,0.0,2.0,1.0,1.0,0.53
0.5648327939590075,0.0,1.0,0.0,0.0,0.0,3.0,2.0,6.7
0.1516720604099245,0.0,1.0,0.0,0.0,2.0,1.0,1.0,1.4
0.5070118662351671,0.0,1.0,0.0,0.0,2.0,3.0,1.0,7.0
0.17357065803667746,1.0,0.0,0.0,0.0,3.0,2.0,0.0,2.05
0.09741100323624596,0.0,0.0,0.0,1.0,2.0,1.0,2.0,0.65
0.3182308522114347,0.0,1.0,0.0,0.0,4.0,2.0,1.0,3.1
0.09644012944983818,0.0,1.0,0.0,0.0,3.0,1.0,1.0,0.63
0.060733549083063644,0.0,1.0,0.0,0.0,0.0,0.0,1.0,0.66
0.05598705501618123,0.0,0.0,1.0,0.0,0.0,0.0,0.0,0.7
0.11272923408845739,1.0,0.0,0.0,0.0,2.0,1.0,0.0,0.72
0.3946062567421791,1.0,0.0,0.0,0.0,2.0,3.0,2.0,5.37
0.547680690399137,1.0,0.0,0.0,0.0,1.0,3.0,1.0,8.19
0.21898597626752966,0.0,0.0,0.0,1.0,3.0,2.0,0.0,1.45
0.13009708737864079,0.0,0.0,1.0,0.0,1.0,1.0,1.0,1.2
0.15264293419633226,1.0,0.0,0.0,0.0,2.0,2.0,1.0,2.5
0.2988133764832794,0.0,1.0,0.0,0.0,1.0,2.0,2.0,2.3
0.11855447680690398,1.0,0.0,0.0,0.0,0.0,1.0,0.0,0.69
0.13333333333333333,1.0,0.0,0.0,0.0,1.0,1.0,1.0,1.4
0.12588996763754046,0.0,0.0,1.0,0.0,2.0,1.0,0.0,0.55
0.3048543689320388,1.0,0.0,0.0,0.0,1.0,3.0,1.0,4.5
0.13398058252427186,0.0,0.0,1.0,0.0,0.0,2.0,0.0,1.27
0.16936353829557713,1.0,0.0,0.0,0.0,4.0,2.0,1.0,1.85
0.11574973031283711,0.0,0.0,0.0,1.0,4.0,1.0,1.0,0.65
0.1411003236245955,0.0,0.0,1.0,0.0,3.0,2.0,0.0,1.3
0.14271844660194175,0.0,0.0,0.0,1.0,0.0,2.0,1.0,0.77
0.1604099244875944,0.0,0.0,1.0,0.0,0.0,2.0,2.0,2.85
0.11035598705501617,0.0,1.0,0.0,0.0,0.0,1.0,2.0,0.83
0.1250269687162891,0.0,1.0,0.0,0.0,0.0,1.0,0.0,2.6
0.13322545846817693,0.0,0.0,1.0,0.0,4.0,2.0,0.0,0.95
0.2607335490830636,1.0,0.0,0.0,0.0,2.0,3.0,1.0,3.25
0.12869471413160735,0.0,1.0,0.0,0.0,1.0,1.0,1.0,1.7
0.1099244875943905,0.0,1.0,0.0,0.0,0.0,2.0,1.0,1.07
0.11305285868392664,0.0,0.0,0.0,1.0,0.0,1.0,2.0,0.77
0.12384034519956852,0.0,1.0,0.0,0.0,0.0,1.0,1.0,1.46
0.26623516720604096,0.0,0.0,0.0,1.0,1.0,2.0,1.0,2.8
0.11618122977346279,1.0,0.0,0.0,0.0,0.0,1.0,1.0,0.86
0.6659115426105717,1.0,0.0,0.0,0.0,0.0,3.0,0.0,6.8
0.1341963322545847,0.0,0.0,0.0,1.0,4.0,2.0,2.0,1.8
0.10916936353829557,1.0,0.0,0.0,0.0,2.0,1.0,1.0,1.62
0.18565264293419634,0.0,1.0,0.0,0.0,3.0,2.0,0.0,0.95
0.18101402373247033,0.0,1.0,0.0,0.0,0.0,2.0,1.0,3.0
0.10043149946062568,0.0,1.0,0.0,0.0,0.0,1.0,1.0,0.45
0.09741100323624596,0.0,0.0,0.0,1.0,4.0,2.0,1.0,0.58
0.10021574973031283,0.0,1.0,0.0,0.0,2.0,1.0,0.0,0.75
0.052319309600863,1.0,0.0,0.0,0.0,0.0,0.0,1.0,0.55
0.7661272923408846,1.0,0.0,0.0,0.0,2.0,3.0,1.0,5.5
0.24476806903991372,1.0,0.0,0.0,0.0,0.0,3.0,2.0,3.8
0.17648327939590078,0.0,0.0,0.0,1.0,2.0,2.0,1.0,0.79
0.12427184466019417,1.0,0.0,0.0,0.0,2.0,1.0,0.0,0.74
0.170873786407767,0.0,1.0,0.0,0.0,1.0,2.0,0.0,0.71
0.12740021574973032,0.0,1.0,0.0,0.0,4.0,1.0,1.0,0.85
0.16763754045307444,1.0,0.0,0.0,0.0,0.0,2.0,1.0,2.29
0.15825242718446603,0.0,1.0,0.0,0.0,0.0,2.0,0.0,2.06
0.09967637540453075,0.0,0.0,1.0,0.0,3.0,1.0,0.0,0.49
0.09417475728155339,0.0,0.0,1.0,0.0,0.0,2.0,1.0,0.96
0.11423948220064725,0.0,0.0,1.0,0.0,0.0,1.0,1.0,0.46
0.1133764832793959,0.0,0.0,1.0,0.0,3.0,1.0,1.0,0.7
0.1168284789644013,1.0,0.0,0.0,0.0,2.0,2.0,1.0,0.89
0.20873786407766992,1.0,0.0,0.0,0.0,0.0,2.0,1.0,2.2
0.368824163969795,0.0,1.0,0.0,0.0,2.0,3.0,1.0,5.6
0.3713052858683927,1.0,0.0,0.0,0.0,0.0,3.0,1.0,9.5
0.12513484358144553,1.0,0.0,0.0,0.0,1.0,1.0,1.0,1.51
0.18446601941747573,1.0,0.0,0.0,0.0,1.0,2.0,1.0,1.02
0.11240560949298814,0.0,1.0,0.0,0.0,1.0,1.0,1.0,0.9
0.17745415318230853,0.0,1.0,0.0,0.0,0.0,2.0,2.0,2.35
0.10625674217907227,1.0,0.0,0.0,0.0,0.0,1.0,1.0,1.5
0.14724919093851133,0.0,1.0,0.0,0.0,2.0,0.0,1.0,2.5
0.22340884573894285,1.0,0.0,0.0,0.0,0.0,2.0,1.0,1.5
0.08090614886731393,0.0,0.0,0.0,1.0,0.0,2.0,1.0,0.65
0.10172599784250269,0.0,1.0,0.0,0.0,2.0,1.0,1.0,0.5
0.04929881337648328,1.0,0.0,0.0,0.0,3.0,0.0,0.0,0.23
0.11887810140237326,0.0,1.0,0.0,0.0,2.0,1.0,1.0,1.04
0.2074433656957929,0.0,0.0,1.0,0.0,2.0,2.0,0.0,3.0
0.10420711974110033,0.0,0.0,1.0,0.0,3.0,1.0,0.0,0.63
0.15598705501618124,0.0,0.0,1.0,0.0,0.0,2.0,1.0,0.82
0.1366774541531823,0.0,0.0,0.0,1.0,2.0,2.0,1.0,0.6
0.1719525350593312,1.0,0.0,0.0,0.0,0.0,2.0,1.0,2.45
0.12060409924487595,1.0,0.0,0.0,0.0,0.0,2.0,0.0,1.6
0.10496224379719526,0.0,1.0,0.0,0.0,0.0,1.0,0.0,1.15
0.10496224379719526,0.0,1.0,0.0,0.0,0.0,1.0,1.0,1.18
0.2727076591154261,1.0,0.0,0.0,0.0,0.0,3.0,1.0,4.25
0.12060409924487595,0.0,1.0,0.0,0.0,1.0,1.0,2.0,1.81
0.11995685005393744,1.0,0.0,0.0,0.0,4.0,1.0,0.0,1.33
0.10097087378640776,0.0,1.0,0.0,0.0,0.0,1.0,1.0,0.47
0.1533980582524272,1.0,0.0,0.0,0.0,2.0,2.0,0.0,0.9
0.12071197411003237,0.0,0.0,1.0,0.0,0.0,1.0,1.0,1.15
0.18047464940668825,0.0,1.0,0.0,0.0,2.0,2.0,1.0,2.3
0.21758360302049623,0.0,1.0,0.0,0.0,0.0,3.0,0.0,1.82
0.23441208198489752,1.0,0.0,0.0,0.0,2.0,3.0,1.0,3.5
0.13807982740021577,1.0,0.0,0.0,0.0,0.0,2.0,0.0,1.1
0.19083063646170442,1.0,0.0,0.0,0.0,1.0,3.0,1.0,2.6
0.06580366774541532,0.0,0.0,1.0,0.0,2.0,1.0,0.0,0.3
0.15221143473570659,1.0,0.0,0.0,0.0,3.0,1.0,1.0,1.3
0.21725997842502698,1.0,0.0,0.0,0.0,2.0,2.0,0.0,2.65
0.15922330097087378,0.0,0.0,1.0,0.0,1.0,2.0,1.0,2.39
0.13300970873786408,0.0,0.0,0.0,1.0,4.0,1.0,1.0,1.1
0.12060409924487595,0.0,1.0,0.0,0.0,1.0,1.0,2.0,1.79
0.18122977346278318,0.0,1.0,0.0,0.0,0.0,2.0,2.0,3.15
0.17777777777777778,1.0,0.0,0.0,0.0,0.0,2.0,1.0,1.77
0.12222222222222223,0.0,1.0,0.0,0.0,1.0,1.0,1.0,0.89
0.18284789644012947,0.0,0.0,0.0,1.0,3.0,2.0,0.0,6.0
0.3295577130528587,1.0,0.0,0.0,0.0,2.0,3.0,2.0,4.6
0.038403451995685005,0.0,1.0,0.0,0.0,1.0,0.0,1.0,0.42
0.11618122977346279,0.0,0.0,1.0,0.0,2.0,2.0,0.0,0.69
0.1388349514563107,0.0,1.0,0.0,0.0,0.0,1.0,1.0,0.97
0.11402373247033443,0.0,1.0,0.0,0.0,0.0,1.0,1.0,1.3
0.15889967637540453,0.0,0.0,0.0,1.0,3.0,2.0,0.0,1.8
0.1842502696871629,0.0,0.0,1.0,0.0,0.0,2.0,1.0,2.25
0.15102481121898598,1.0,0.0,0.0,0.0,3.0,2.0,0.0,1.25
0.24045307443365696,0.0,1.0,0.0,0.0,1.0,2.0,1.0,1.85
0.23171521035598708,1.0,0.0,0.0,0.0,0.0,2.0,1.0,1.3
0.12653721682847896,0.0,0.0,1.0,0.0,0.0,1.0,1.0,0.8
0.1366774541531823,0.0,0.0,1.0,0.0,0.0,1.0,1.0,0.44
0.11930960086299891,1.0,0.0,0.0,0.0,3.0,1.0,1.0,0.95
0.10377562028047466,0.0,0.0,0.0,1.0,2.0,1.0,1.0,0.8
0.08673139158576051,0.0,1.0,0.0,0.0,2.0,1.0,1.0,0.45
0.13732470334412084,0.0,0.0,1.0,0.0,2.0,2.0,0.0,0.82
0.1110032362459547,0.0,0.0,1.0,0.0,2.0,1.0,1.0,0.55
0.12286947141316074,0.0,0.0,1.0,0.0,0.0,1.0,1.0,1.65
0.0779935275080906,0.0,0.0,0.0,1.0,5.0,1.0,0.0,0.35
0.11467098166127293,0.0,1.0,0.0,0.0,0.0,1.0,1.0,1.1
0.2451995685005394,1.0,0.0,0.0,0.0,0.0,3.0,1.0,2.8
0.11628910463861919,1.0,0.0,0.0,0.0,2.0,1.0,0.0,1.48
0.12276159654800434,1.0,0.0,0.0,0.0,3.0,1.0,0.0,1.0
0.10496224379719526,0.0,0.0,1.0,0.0,3.0,1.0,1.0,0.42
0.14314994606256742,1.0,0.0,0.0,0.0,1.0,2.0,1.0,1.33
0.11434735706580368,1.0,0.0,0.0,0.0,2.0,1.0,0.0,0.79
0.12740021574973032,1.0,0.0,0.0,0.0,1.0,1.0,1.0,1.27
0.17335490830636463,0.0,0.0,0.0,1.0,4.0,2.0,0.0,0.64
0.09061488673139159,1.0,0.0,0.0,0.0,3.0,1.0,1.0,0.65
0.1540453074433657,1.0,0.0,0.0,0.0,3.0,1.0,1.0,0.65
0.3559870550161812,1.0,0.0,0.0,0.0,2.0,3.0,2.0,3.49
0.218554476806904,0.0,1.0,0.0,0.0,2.0,2.0,1.0,4.0
0.05048543689320389,1.0,0.0,0.0,0.0,0.0,0.0,1.0,0.3
0.16019417475728157,0.0,1.0,0.0,0.0,0.0,2.0,1.0,1.85
0.2559870550161812,0.0,1.0,0.0,0.0,1.0,2.0,1.0,2.79
0.5903991370010787,0.0,1.0,0.0,0.0,0.0,3.0,1.0,11.0
0.2919093851132686,0.0,0.0,0.0,1.0,2.0,2.0,1.0,3.9
0.3499460625674218,1.0,0.0,0.0,0.0,3.0,3.0,2.0,4.8
0.21823085221143473,1.0,0.0,0.0,0.0,4.0,2.0,1.0,2.1
0.14271844660194175,0.0,1.0,0.0,0.0,2.0,2.0,1.0,2.15
0.11024811218985978,0.0,0.0,1.0,0.0,2.0,1.0,1.0,1.2
0.18090614886731393,0.0,0.0,0.0,1.0,2.0,1.0,1.0,1.88
0.2553398058252427,0.0,1.0,0.0,0.0,1.0,2.0,2.0,3.32
0.11823085221143473,1.0,0.0,0.0,0.0,1.0,2.0,2.0,1.05
0.15350593311758362,1.0,0.0,0.0,0.0,2.0,2.0,0.0,0.9
0.059978425026968714,0.0,0.0,0.0,1.0,3.0,0.0,1.0,0.61
0.13505933117583604,1.0,0.0,0.0,0.0,3.0,1.0,0.0,0.9
0.10852211434735706,1.0,0.0,0.0,0.0,2.0,1.0,1.0,0.78
0.17907227615965482,0.0,1.0,0.0,0.0,0.0,1.0,0.0,1.7
0.12653721682847896,0.0,0.0,1.0,0.0,2.0,1.0,1.0,0.55
0.043581445523193096,0.0,0.0,1.0,0.0,2.0,0.0,0.0,0.22
0.2843581445523193,0.0,1.0,0.0,0.0,0.0,2.0,1.0,2.41
0.15037756202804747,0.0,0.0,1.0,0.0,1.0,2.0,2.0,1.43
0.15598705501618124,1.0,0.0,0.0,0.0,2.0,1.0,1.0,0.78
0.06375404530744336,0.0,0.0,1.0,0.0,2.0,0.0,1.0,0.51
0.12653721682847896,1.0,0.0,0.0,0.0,4.0,1.0,0.0,0.8
0.20215749730312838,0.0,0.0,0.0,1.0,4.0,2.0,0.0,3.2
0.1919093851132686,0.0,1.0,0.0,0.0,0.0,2.0,0.0,3.29
0.42847896440129446,0.0,1.0,0.0,0.0,2.0,3.0,2.0,4.6
0.11229773462783171,0.0,1.0,0.0,0.0,2.0,1.0,1.0,1.5
0.17518878101402374,0.0,1.0,0.0,0.0,3.0,2.0,1.0,1.2
0.18910463861920174,0.0,0.0,0.0,1.0,0.0,2.0,1.0,0.96
0.13171521035598707,0.0,0.0,1.0,0.0,2.0,1.0,1.0,0.62
0.18522114347357066,0.0,0.0,0.0,1.0,3.0,2.0,0.0,5.0
0.15242718446601944,0.0,0.0,1.0,0.0,0.0,2.0,0.0,0.62
0.06429341963322546,0.0,1.0,0.0,0.0,1.0,0.0,1.0,0.6
0.40722761596548,0.0,1.0,0.0,0.0,0.0,3.0,1.0,8.95
0.147680690399137,0.0,1.0,0.0,0.0,3.0,1.0,1.0,0.85
0.2,0.0,0.0,1.0,0.0,2.0,2.0,1.0,0.99
0.10949298813376485,1.0,0.0,0.0,0.0,2.0,1.0,1.0,0.81
0.17411003236245956,1.0,0.0,0.0,0.0,0.0,2.0,1.0,1.19
0.37292340884573894,1.0,0.0,0.0,0.0,0.0,3.0,2.0,4.6
0.1174757281553398,1.0,0.0,0.0,0.0,0.0,1.0,1.0,1.8
0.18327939590075512,0.0,1.0,0.0,0.0,0.0,2.0,1.0,2.1
0.11024811218985978,0.0,0.0,1.0,0.0,2.0,1.0,0.0,0.45
0.19848975188781015,0.0,0.0,1.0,0.0,1.0,2.0,1.0,2.21
0.1859762675296656,0.0,0.0,0.0,1.0,2.0,2.0,1.0,0.8
0.36893203883495146,0.0,0.0,0.0,1.0,2.0,3.0,2.0,6.09
0.13754045307443366,1.0,0.0,0.0,0.0,0.0,2.0,1.0,1.95
0.10107874865156419,0.0,0.0,0.0,1.0,3.0,2.0,0.0,0.58
0.04617044228694714,0.0,1.0,0.0,0.0,3.0,1.0,1.0,0.38
0.15555555555555556,0.0,0.0,1.0,0.0,2.0,2.0,1.0,0.59
0.23613807982740023,1.0,0.0,0.0,0.0,0.0,2.0,1.0,2.4
0.06375404530744336,0.0,1.0,0.0,0.0,1.0,0.0,1.0,0.62
0.16903991370010787,0.0,0.0,0.0,1.0,3.0,1.0,1.0,0.75
0.08155339805825243,0.0,0.0,0.0,1.0,0.0,1.0,1.0,0.67
0.13732470334412084,0.0,1.0,0.0,0.0,1.0,2.0,0.0,1.75
0.10776699029126213,0.0,1.0,0.0,0.0,1.0,1.0,0.0,1.08
0.12599784250269688,0.0,0.0,1.0,0.0,2.0,1.0,0.0,0.86
0.14811218985976268,0.0,0.0,0.0,1.0,0.0,2.0,0.0,0.78
0.14379719525350595,1.0,0.0,0.0,0.0,3.0,2.0,0.0,0.73
0.1919093851132686,0.0,1.0,0.0,0.0,0.0,2.0,0.0,3.4
0.4285868392664509,0.0,1.0,0.0,0.0,0.0,3.0,1.0,4.33
0.07044228694714133,0.0,0.0,1.0,0.0,0.0,0.0,1.0,0.58
0.1058252427184466,1.0,0.0,0.0,0.0,1.0,2.0,1.0,1.4
0.11143473570658036,0.0,1.0,0.0,0.0,2.0,1.0,1.0,1.3
0.10086299892125136,0.0,0.0,0.0,1.0,2.0,1.0,1.0,0.47
0.11585760517799354,0.0,0.0,1.0,0.0,0.0,2.0,1.0,0.49
0.2651564185544768,0.0,1.0,0.0,0.0,1.0,3.0,1.0,3.4
0.14207119741100324,0.0,0.0,1.0,0.0,3.0,2.0,0.0,0.98
0.15156418554476808,1.0,0.0,0.0,0.0,2.0,2.0,1.0,1.85
0.15026968716289105,1.0,0.0,0.0,0.0,1.0,2.0,1.0,2.12
0.12988133764832796,0.0,1.0,0.0,0.0,2.0,1.0,1.0,0.9
0.13797195253505934,0.0,1.0,0.0,0.0,0.0,1.0,1.0,1.4
0.15879180151024813,0.0,1.0,0.0,0.0,2.0,2.0,1.0,1.47
0.1719525350593312,0.0,0.0,1.0,0.0,0.0,2.0,0.0,2.95
0.18694714131607337,1.0,0.0,0.0,0.0,0.0,2.0,0.0,1.6
0.22200647249190938,0.0,1.0,0.0,0.0,0.0,3.0,1.0,2.09
0.132470334412082,1.0,0.0,0.0,0.0,0.0,2.0,1.0,1.62
0.10086299892125136,0.0,0.0,1.0,0.0,2.0,1.0,1.0,0.75
0.11143473570658036,1.0,0.0,0.0,0.0,2.0,1.0,1.0,2.1
0.12427184466019417,1.0,0.0,0.0,0.0,2.0,1.0,2.0,0.7
0.5099244875943905,1.0,0.0,0.0,0.0,0.0,3.0,2.0,6.7
0.48414239482200644,1.0,0.0,0.0,0.0,2.0,3.0,2.0,6.2
0.12114347357065805,0.0,1.0,0.0,0.0,2.0,2.0,1.0,0.88
0.13592233009708737,1.0,0.0,0.0,0.0,3.0,2.0,2.0,0.7
0.11855447680690398,1.0,0.0,0.0,0.0,2.0,1.0,1.0,0.69
0.09417475728155339,0.0,0.0,1.0,0.0,2.0,1.0,0.0,0.33
0.15037756202804747,0.0,0.0,1.0,0.0,3.0,1.0,1.0,1.45
0.3215749730312837,1.0,0.0,0.0,0.0,2.0,3.0,1.0,3.4
0.11294498381877022,1.0,0.0,0.0,0.0,0.0,1.0,0.0,1.75
0.1057173678532902,0.0,0.0,1.0,0.0,0.0,1.0,0.0,0.99
0.10927723840345199,0.0,0.0,1.0,0.0,0.0,1.0,0.0,0.62
0.11909385113268608,0.0,0.0,0.0,1.0,3.0,1.0,2.0,1.51
0.4501618122977346,0.0,1.0,0.0,0.0,0.0,3.0,1.0,10.0
0.12524271844660195,1.0,0.0,0.0,0.0,2.0,1.0,1.0,0.85
0.2772384034519957,1.0,0.0,0.0,0.0,0.0,2.0,1.0,3.47
0.19363538295577132,1.0,0.0,0.0,0.0,0.0,2.0,1.0,3.4
0.16828478964401294,0.0,1.0,0.0,0.0,2.0,2.0,0.0,1.35
0.11521035598705501,0.0,0.0,1.0,0.0,2.0,1.0,1.0,0.44
0.11240560949298814,1.0,0.0,0.0,0.0,3.0,1.0,1.0,0.75
0.1406688241639698,0.0,0.0,1.0,0.0,2.0,1.0,0.0,1.1
0.15296655879180152,0.0,0.0,0.0,1.0,0.0,1.0,0.0,1.08
0.1963322545846818,0.0,0.0,1.0,0.0,2.0,2.0,1.0,1.3
0.14681769147788565,0.0,1.0,0.0,0.0,0.0,2.0,0.0,1.75
0.5098166127292341,0.0,0.0,0.0,1.0,2.0,3.0,2.0,14.0
0.5648327939590075,0.0,1.0,0.0,0.0,0.0,3.0,2.0,7.4
0.24498381877022654,0.0,0.0,0.0,1.0,0.0,2.0,2.0,6.6
0.1855447680690399,0.0,1.0,0.0,0.0,1.0,2.0,2.0,3.08
0.3815533980582524,1.0,0.0,0.0,0.0,0.0,3.0,1.0,6.5
0.14261057173678535,0.0,1.0,0.0,0.0,1.0,1.0,0.0,1.6
0.11132686084142396,0.0,0.0,0.0,1.0,3.0,1.0,0.0,0.7
0.11704422869471412,1.0,0.0,0.0,0.0,3.0,1.0,1.0,1.4
0.07087378640776698,0.0,0.0,1.0,0.0,2.0,0.0,0.0,0.23
0.14379719525350595,1.0,0.0,0.0,0.0,2.0,2.0,2.0,0.85
0.10733549083063645,0.0,1.0,0.0,0.0,2.0,2.0,2.0,0.99
0.14271844660194175,0.0,0.0,0.0,1.0,0.0,2.0,0.0,2.0
0.09676375404530743,1.0,0.0,0.0,0.0,0.0,1.0,0.0,0.96
0.5364617044228694,0.0,1.0,0.0,0.0,0.0,3.0,2.0,7.98
0.13527508090614887,0.0,0.0,1.0,0.0,2.0,2.0,1.0,0.57
0.08629989212513484,0.0,0.0,1.0,0.0,3.0,1.0,0.0,0.49
0.12535059331175838,0.0,1.0,0.0,0.0,2.0,1.0,1.0,0.97
0.11143473570658036,0.0,0.0,1.0,0.0,2.0,1.0,1.0,0.66
0.13732470334412084,0.0,1.0,0.0,0.0,1.0,2.0,1.0,2.65
0.15555555555555556,0.0,0.0,0.0,1.0,5.0,2.0,1.0,1.25
0.3207119741100323,1.0,0.0,0.0,0.0,0.0,3.0,1.0,3.6
0.368824163969795,0.0,1.0,0.0,0.0,2.0,3.0,2.0,3.4
0.19827400215749733,1.0,0.0,0.0,0.0,1.0,3.0,2.0,2.9
0.11434735706580368,1.0,0.0,0.0,0.0,0.0,2.0,1.0,0.9
0.07723840345199567,0.0,0.0,0.0,1.0,5.0,1.0,1.0,0.23
0.16429341963322547,1.0,0.0,0.0,0.0,2.0,2.0,1.0,0.85
0.13840345199568502,0.0,0.0,0.0,1.0,4.0,1.0,0.0,0.75
0.1029126213592233,1.0,0.0,0.0,0.0,2.0,1.0,0.0,1.1
0.175512405609493,1.0,0.0,0.0,0.0,2.0,2.0,0.0,1.63
0.11984897518878102,0.0,1.0,0.0,0.0,0.0,2.0,1.0,1.44
0.12373247033441209,0.0,1.0,0.0,0.0,1.0,1.0,1.0,0.82
0.7661272923408846,1.0,0.0,0.0,0.0,2.0,3.0,1.0,5.6
0.11920172599784251,0.0,1.0,0.0,0.0,2.0,1.0,1.0,0.74
0.2919093851132686,1.0,0.0,0.0,0.0,0.0,3.0,1.0,3.0
0.11941747572815534,0.0,1.0,0.0,0.0,2.0,1.0,1.0,1.32
0.4825242718446602,1.0,0.0,0.0,0.0,3.0,3.0,0.0,6.8
0.6757281553398058,1.0,0.0,0.0,0.0,2.0,3.0,1.0,10.0
0.15350593311758362,1.0,0.0,0.0,0.0,2.0,2.0,0.0,0.89
0.14811218985976268,0.0,0.0,0.0,1.0,0.0,2.0,0.0,0.79
0.3606256742179072,1.0,0.0,0.0,0.0,4.0,3.0,1.0,4.0
0.14714131607335493,0.0,0.0,0.0,1.0,4.0,1.0,1.0,1.15
0.1110032362459547,0.0,0.0,1.0,0.0,0.0,1.0,1.0,0.82
0.13969795037756202,0.0,0.0,0.0,1.0,3.0,1.0,2.0,0.95
0.3815533980582524,0.0,0.0,0.0,1.0,2.0,3.0,2.0,5.0
0.18867313915857606,1.0,0.0,0.0,0.0,1.0,2.0,1.0,1.92
0.1035598705501618,1.0,0.0,0.0,0.0,0.0,1.0,1.0,1.2
0.05426105717367853,0.0,1.0,0.0,0.0,1.0,0.0,1.0,0.59
0.23441208198489752,0.0,0.0,0.0,1.0,2.0,3.0,2.0,4.0
0.26030204962243797,0.0,1.0,0.0,0.0,2.0,3.0,2.0,5.65
0.11920172599784251,0.0,0.0,1.0,0.0,3.0,2.0,2.0,0.96
0.3572815533980582,1.0,0.0,0.0,0.0,0.0,3.0,0.0,4.46
0.23991370010787488,0.0,0.0,1.0,0.0,3.0,2.0,0.0,2.15
0.13171521035598707,0.0,0.0,1.0,0.0,0.0,1.0,1.0,0.62
0.04843581445523193,0.0,0.0,1.0,0.0,0.0,0.0,1.0,0.65
0.14099244875943906,1.0,0.0,0.0,0.0,0.0,2.0,1.0,0.8
0.39557713052858684,1.0,0.0,0.0,0.0,2.0,3.0,1.0,7.5
0.15134843581445523,0.0,0.0,0.0,1.0,0.0,2.0,0.0,0.83
0.13398058252427186,1.0,0.0,0.0,0.0,1.0,2.0,1.0,2.25
0.13182308522114347,0.0,0.0,1.0,0.0,3.0,2.0,0.0,0.7
0.12168284789644013,0.0,0.0,1.0,0.0,0.0,1.0,0.0,0.66
0.16138079827400217,0.0,0.0,0.0,1.0,1.0,2.0,0.0,2.15
0.7737864077669903,1.0,0.0,0.0,0.0,2.0,3.0,1.0,7.8
0.14670981661272925,0.0,0.0,1.0,0.0,2.0,2.0,1.0,1.65
0.18284789644012947,1.0,0.0,0.0,0.0,2.0,2.0,0.0,0.9
0.15361380798274002,1.0,0.0,0.0,0.0,0.0,2.0,0.0,0.9
0.19255663430420714,1.0,0.0,0.0,0.0,4.0,2.0,0.0,2.4
0.29633225458468176,0.0,0.0,0.0,1.0,1.0,2.0,1.0,5.45
0.1435814455231931,1.0,0.0,0.0,0.0,0.0,1.0,0.0,0.79
0.1714131607335491,0.0,1.0,0.0,0.0,0.0,2.0,1.0,2.02
0.11574973031283711,0.0,0.0,1.0,0.0,4.0,1.0,1.0,0.55
0.5098166127292341,1.0,0.0,0.0,0.0,1.0,3.0,2.0,4.6
0.1243797195253506,0.0,0.0,0.0,1.0,0.0,1.0,0.0,1.35
0.17702265372168285,0.0,0.0,1.0,0.0,1.0,2.0,0.0,0.86
0.11920172599784251,0.0,1.0,0.0,0.0,2.0,1.0,1.0,0.92
0.12653721682847896,0.0,0.0,1.0,0.0,0.0,2.0,2.0,0.95
0.4906148867313916,0.0,1.0,0.0,0.0,2.0,3.0,1.0,4.9
0.09762675296655879,0.0,0.0,1.0,0.0,0.0,1.0,1.0,1.05
0.147680690399137,1.0,0.0,0.0,0.0,0.0,2.0,1.0,1.98
0.15221143473570659,1.0,0.0,0.0,0.0,0.0,1.0,1.0,1.48
0.24153182308522114,0.0,0.0,1.0,0.0,0.0,2.0,0.0,3.5
0.23171521035598708,0.0,1.0,0.0,0.0,1.0,3.0,2.0,4.31
0.15447680690399138,1.0,0.0,0.0,0.0,1.0,2.0,1.0,3.18
0.15889967637540453,0.0,1.0,0.0,0.0,3.0,2.0,0.0,2.25
0.19514563106796118,1.0,0.0,0.0,0.0,1.0,2.0,1.0,3.25
0.1533980582524272,1.0,0.0,0.0,0.0,0.0,2.0,0.0,0.9
0.15792880258899678,1.0,0.0,0.0,0.0,2.0,2.0,1.0,2.05
0.1341963322545847,1.0,0.0,0.0,0.0,4.0,1.0,1.0,0.75
0.11154261057173678,1.0,0.0,0.0,0.0,0.0,2.0,1.0,1.5
0.18112189859762676,1.0,0.0,0.0,0.0,4.0,2.0,1.0,2.35
0.18090614886731393,0.0,0.0,0.0,1.0,2.0,2.0,0.0,2.2
0.045954692556634306,0.0,0.0,1.0,0.0,0.0,0.0,1.0,0.65
0.10140237324703344,0.0,1.0,0.0,0.0,0.0,1.0,0.0,0.45
0.1389428263214671,0.0,0.0,1.0,0.0,2.0,2.0,0.0,0.53
0.21186623516720604,0.0,1.0,0.0,0.0,3.0,2.0,1.0,3.9
0.18047464940668825,0.0,1.0,0.0,0.0,2.0,2.0,0.0,1.44
0.03009708737864078,1.0,0.0,0.0,0.0,2.0,0.0,1.0,0.69
0.16494066882416397,0.0,1.0,0.0,0.0,0.0,2.0,1.0,1.88
0.05900755124056095,0.0,1.0,0.0,0.0,0.0,0.0,1.0,0.55
0.35771305285868393,1.0,0.0,0.0,0.0,2.0,3.0,2.0,6.0
0.368824163969795,0.0,1.0,0.0,0.0,2.0,3.0,1.0,3.5
0.166235167206041,0.0,0.0,0.0,1.0,0.0,2.0,1.0,0.86
0.18122977346278318,0.0,1.0,0.0,0.0,0.0,2.0,1.0,2.3
0.0993527508090615,0.0,1.0,0.0,0.0,1.0,2.0,0.0,1.19
0.1202804746494067,0.0,0.0,0.0,1.0,1.0,2.0,0.0,1.25
0.14811218985976268,0.0,1.0,0.0,0.0,1.0,2.0,1.0,1.72
0.1638619201725998,1.0,0.0,0.0,0.0,4.0,2.0,1.0,1.89
0.09557713052858685,0.0,0.0,1.0,0.0,2.0,1.0,0.0,0.51
0.18910463861920174,0.0,0.0,0.0,1.0,0.0,2.0,1.0,0.93
0.13807982740021577,0.0,0.0,1.0,0.0,3.0,1.0,0.0,0.64
0.1483279395900755,0.0,0.0,0.0,1.0,0.0,2.0,1.0,1.75
0.1499460625674218,0.0,0.0,1.0,0.0,3.0,2.0,1.0,0.73
0.15145631067961166,0.0,1.0,0.0,0.0,0.0,1.0,1.0,1.3
0.17702265372168285,0.0,0.0,1.0,0.0,0.0,2.0,0.0,0.59
0.1580366774541532,0.0,0.0,1.0,0.0,0.0,2.0,0.0,1.83
0.13279395900755125,0.0,0.0,1.0,0.0,2.0,2.0,0.0,1.45
0.14735706580366775,1.0,0.0,0.0,0.0,2.0,2.0,1.0,1.29
0.14487594390507014,1.0,0.0,0.0,0.0,0.0,2.0,1.0,0.75
0.09460625674217907,1.0,0.0,0.0,0.0,2.0,1.0,2.0,1.25
0.12135922330097088,0.0,0.0,1.0,0.0,2.0,1.0,0.0,0.46
0.13818770226537216,0.0,0.0,1.0,0.0,2.0,1.0,0.0,0.62
0.5413160733549083,1.0,0.0,0.0,0.0,2.0,3.0,1.0,6.7
0.12934196332254586,0.0,1.0,0.0,0.0,1.0,1.0,1.0,0.79
0.14627831715210357,0.0,0.0,1.0,0.0,1.0,2.0,0.0,1.75
0.19924487594390508,0.0,0.0,0.0,1.0,1.0,2.0,1.0,2.63
0.22017259978425027,1.0,0.0,0.0,0.0,3.0,3.0,0.0,2.6
0.23441208198489752,0.0,1.0,0.0,0.0,0.0,3.0,1.0,3.5
0.13743257820927723,1.0,0.0,0.0,0.0,0.0,2.0,1.0,1.95
0.14757281553398058,0.0,0.0,1.0,0.0,0.0,2.0,1.0,0.63
0.21294498381877022,0.0,0.0,0.0,1.0,0.0,2.0,1.0,3.75
0.13387270765911544,1.0,0.0,0.0,0.0,2.0,1.0,0.0,0.77
0.14368932038834953,1.0,0.0,0.0,0.0,2.0,2.0,0.0,0.84
0.09417475728155339,0.0,1.0,0.0,0.0,2.0,1.0,0.0,1.1
0.23959007551240563,1.0,0.0,0.0,0.0,2.0,3.0,2.0,4.2
0.12114347357065805,0.0,0.0,1.0,0.0,2.0,1.0,1.0,0.82
0.11413160733549083,0.0,0.0,0.0,1.0,0.0,1.0,1.0,1.5
0.17648327939590078,1.0,0.0,0.0,0.0,1.0,2.0,1.0,2.35
0.00604099244875944,0.0,1.0,0.0,0.0,2.0,0.0,1.0,0.4
0.12308522114347359,1.0,0.0,0.0,0.0,2.0,1.0,1.0,1.65
0.14304207119741102,1.0,0.0,0.0,0.0,3.0,2.0,0.0,1.5
0.1353829557713053,0.0,1.0,0.0,0.0,1.0,2.0,0.0,1.25
0.07691477885652642,0.0,0.0,1.0,0.0,4.0,1.0,1.0,0.28
0.14153182308522116,0.0,0.0,0.0,1.0,0.0,1.0,0.0,1.27
0.2111111111111111,1.0,0.0,0.0,0.0,1.0,3.0,2.0,3.3
0.10399137001078748,0.0,1.0,0.0,0.0,0.0,1.0,1.0,0.89
0.13042071197411004,0.0,1.0,0.0,0.0,0.0,2.0,1.0,1.7
0.1098166127292341,0.0,0.0,0.0,1.0,0.0,1.0,0.0,0.6
0.06645091693635383,0.0,0.0,1.0,0.0,1.0,1.0,0.0,0.6
0.3058252427184466,0.0,1.0,0.0,0.0,1.0,2.0,2.0,2.98
0.547680690399137,1.0,0.0,0.0,0.0,0.0,3.0,2.0,7.2
0.13754045307443366,1.0,0.0,0.0,0.0,0.0,2.0,1.0,0.9
0.17270765911542613,0.0,0.0,1.0,0.0,3.0,2.0,1.0,0.6
0.10970873786407767,0.0,1.0,0.0,0.0,1.0,1.0,1.0,1.18
0.22632146709816614,0.0,1.0,0.0,0.0,3.0,3.0,0.0,2.35
0.14919093851132686,0.0,0.0,0.0,1.0,2.0,2.0,0.0,0.7
0.12427184466019417,1.0,0.0,0.0,0.0,2.0,1.0,2.0,0.74
0.15091693635382958,0.0,1.0,0.0,0.0,3.0,1.0,1.0,0.95
0.11790722761596548,0.0,1.0,0.0,0.0,0.0,1.0,2.0,0.68
0.2754045307443366,0.0,1.0,0.0,0.0,0.0,3.0,1.0,5.0
0.1483279395900755,0.0,0.0,1.0,0.0,4.0,1.0,0.0,0.85
0.09482200647249192,0.0,1.0,0.0,0.0,1.0,1.0,1.0,0.78
0.16084142394822007,1.0,0.0,0.0,0.0,0.0,2.0,1.0,2.5
0.1533980582524272,1.0,0.0,0.0,0.0,0.0,2.0,0.0,0.9
0.059762675296655875,0.0,1.0,0.0,0.0,1.0,0.0,0.0,0.53
0.14487594390507014,0.0,1.0,0.0,0.0,2.0,2.0,1.0,1.75
0.14325782092772385,0.0,1.0,0.0,0.0,2.0,2.0,2.0,0.85
0.4015102481121898,0.0,0.0,0.0,1.0,2.0,3.0,2.0,7.0
0.3758360302049622,1.0,0.0,0.0,0.0,1.0,3.0,2.0,9.1
0.1168284789644013,0.0,0.0,1.0,0.0,3.0,1.0,1.0,1.65
0.12599784250269688,0.0,0.0,1.0,0.0,0.0,1.0,1.0,1.25
0.07044228694714133,0.0,0.0,1.0,0.0,2.0,0.0,1.0,0.63
0.09568500539374325,0.0,0.0,1.0,0.0,0.0,1.0,2.0,1.3
0.10970873786407767,0.0,1.0,0.0,0.0,0.0,1.0,1.0,0.95
0.18953613807982742,1.0,0.0,0.0,0.0,0.0,2.0,1.0,2.7
0.12297734627831716,0.0,0.0,1.0,0.0,3.0,1.0,1.0,0.42
0.10086299892125136,0.0,0.0,1.0,0.0,2.0,1.0,1.0,0.58
0.1714131607335491,1.0,0.0,0.0,0.0,0.0,2.0,1.0,3.4
0.1168284789644013,0.0,0.0,1.0,0.0,3.0,1.0,1.0,0.8
0.40906148867313913,1.0,0.0,0.0,0.0,1.0,3.0,0.0,12.5
0.113915857605178,1.0,0.0,0.0,0.0,0.0,1.0,0.0,1.75
0.2834951456310679,0.0,1.0,0.0,0.0,0.0,3.0,1.0,5.38
0.3099244875943905,0.0,1.0,0.0,0.0,0.0,3.0,1.0,5.04
0.25544768069039914,0.0,0.0,0.0,1.0,1.0,3.0,2.0,4.2
0.40701186623516716,0.0,1.0,0.0,0.0,0.0,3.0,1.0,8.0
0.15609492988133766,0.0,1.0,0.0,0.0,1.0,2.0,1.0,2.5
0.1180151024811219,1.0,0.0,0.0,0.0,2.0,1.0,2.0,0.69
0.19018338727076592,0.0,1.0,0.0,0.0,1.0,0.0,1.0,6.5
0.17993527508090615,1.0,0.0,0.0,0.0,3.0,2.0,1.0,2.84
0.19719525350593312,0.0,0.0,1.0,0.0,2.0,2.0,1.0,2.95
0.14919093851132686,0.0,1.0,0.0,0.0,2.0,2.0,1.0,1.75
0.1842502696871629,0.0,0.0,1.0,0.0,0.0,2.0,0.0,1.8
0.16494066882416397,0.0,1.0,0.0,0.0,0.0,2.0,2.0,1.88
0.04875943905070119,0.0,1.0,0.0,0.0,0.0,0.0,1.0,0.63
0.25285868392664507,1.0,0.0,0.0,0.0,1.0,3.0,2.0,3.68
0.13333333333333333,1.0,0.0,0.0,0.0,0.0,2.0,0.0,1.47
0.11844660194174758,0.0,1.0,0.0,0.0,4.0,1.0,1.0,0.58
0.04778856526429342,1.0,0.0,0.0,0.0,2.0,0.0,0.0,0.25
0.2512405609492988,1.0,0.0,0.0,0.0,0.0,3.0,2.0,3.94
0.2365695792880259,1.0,0.0,0.0,0.0,1.0,3.0,1.0,3.3
0.2669902912621359,0.0,1.0,0.0,0.0,0.0,3.0,2.0,5.5
0.13106796116504854,0.0,0.0,1.0,0.0,1.0,1.0,0.0,0.98
0.09924487594390508,0.0,1.0,0.0,0.0,2.0,1.0,1.0,1.6
0.1111111111111111,0.0,0.0,1.0,0.0,3.0,1.0,0.0,0.64
0.18047464940668825,0.0,0.0,1.0,0.0,3.0,2.0,0.0,1.6
0.09892125134843582,0.0,1.0,0.0,0.0,3.0,1.0,2.0,0.62
0.09924487594390508,0.0,1.0,0.0,0.0,0.0,1.0,1.0,1.1
0.06019417475728155,1.0,0.0,0.0,0.0,2.0,1.0,1.0,0.67
0.12071197411003237,1.0,0.0,0.0,0.0,1.0,2.0,1.0,1.15
0.040668824163969795,1.0,0.0,0.0,0.0,2.0,0.0,0.0,0.22
0.23462783171521037,1.0,0.0,0.0,0.0,2.0,2.0,1.0,4.8
0.18166127292340886,0.0,0.0,1.0,0.0,0.0,2.0,1.0,0.58
0.12427184466019417,1.0,0.0,0.0,0.0,0.0,1.0,0.0,0.74
0.12179072276159655,0.0,1.0,0.0,0.0,0.0,1.0,1.0,0.82
0.1174757281553398,1.0,0.0,0.0,0.0,2.0,1.0,1.0,1.65
0.11240560949298814,1.0,0.0,0.0,0.0,2.0,1.0,2.0,0.69
0.11952535059331176,0.0,1.0,0.0,0.0,2.0,1.0,0.0,1.0
0.23915857605177995,0.0,1.0,0.0,0.0,1.0,3.0,2.0,3.4
0.08478964401294498,0.0,0.0,1.0,0.0,2.0,0.0,2.0,0.24
0.12448759439050702,0.0,1.0,0.0,0.0,0.0,2.0,1.0,0.49
0.0965480043149946,0.0,1.0,0.0,0.0,1.0,1.0,1.0,0.9
0.2932038834951456,1.0,0.0,0.0,0.0,4.0,2.0,2.0,2.31
0.11186623516720604,1.0,0.0,0.0,0.0,0.0,1.0,1.0,0.7
0.09439050701186624,0.0,0.0,1.0,0.0,4.0,0.0,1.0,1.15
0.10960086299892124,1.0,0.0,0.0,0.0,1.0,1.0,0.0,1.18
0.07173678532901834,0.0,0.0,0.0,1.0,4.0,0.0,1.0,0.4
0.0988133764832794,0.0,1.0,0.0,0.0,1.0,1.0,1.0,0.89
0.1673139158576052,0.0,0.0,1.0,0.0,2.0,2.0,1.0,1.74
0.09460625674217907,0.0,1.0,0.0,0.0,0.0,1.0,1.0,0.64
0.11628910463861919,1.0,0.0,0.0,0.0,2.0,1.0,1.0,1.0
0.17853290183387271,0.0,0.0,0.0,1.0,2.0,3.0,2.0,2.8
0.10906148867313917,0.0,1.0,0.0,0.0,0.0,1.0,1.0,0.51
0.15674217907227617,0.0,1.0,0.0,0.0,2.0,2.0,1.0,1.7
0.17907227615965482,0.0,0.0,0.0,1.0,4.0,2.0,0.0,1.1
0.10496224379719526,0.0,0.0,1.0,0.0,1.0,1.0,0.0,0.77
0.267529665587918,0.0,1.0,0.0,0.0,0.0,3.0,2.0,4.3
0.1202804746494067,0.0,0.0,0.0,1.0,3.0,1.0,0.0,0.78
0.2016181229773463,0.0,1.0,0.0,0.0,1.0,2.0,1.0,1.4
0.22362459546925567,0.0,1.0,0.0,0.0,1.0,3.0,2.0,2.77
0.2161812297734628,0.0,1.0,0.0,0.0,1.0,3.0,1.0,2.35
0.2307443365695793,0.0,1.0,0.0,0.0,4.0,2.0,0.0,0.79
0.13678532901833873,0.0,0.0,0.0,1.0,0.0,1.0,0.0,1.35
0.1633225458468177,1.0,0.0,0.0,0.0,0.0,2.0,1.0,2.43
0.1348435814455232,0.0,1.0,0.0,0.0,3.0,1.0,1.0,0.7
0.14897518878101404,0.0,0.0,1.0,0.0,3.0,1.0,1.0,0.63
0.061488673139158574,0.0,0.0,1.0,0.0,1.0,1.0,1.0,0.6
0.08284789644012944,0.0,0.0,1.0,0.0,3.0,1.0,1.0,0.6
0.21283710895361382,0.0,0.0,0.0,1.0,0.0,2.0,1.0,3.48
0.11877022653721683,0.0,0.0,1.0,0.0,3.0,2.0,1.0,1.45
0.18047464940668825,0.0,0.0,0.0,1.0,0.0,2.0,0.0,2.2
0.12286947141316074,1.0,0.0,0.0,0.0,1.0,1.0,1.0,1.1
0.30614886731391583,0.0,1.0,0.0,0.0,0.0,3.0,0.0,4.0
0.53915857605178,0.0,1.0,0.0,0.0,0.0,3.0,1.0,7.9
0.17508090614886732,0.0,1.0,0.0,0.0,2.0,2.0,1.0,2.8
0.3099244875943905,1.0,0.0,0.0,0.0,0.0,3.0,1.0,3.5
0.059223300970873784,0.0,0.0,1.0,0.0,0.0,0.0,0.0,0.26
0.16591154261057176,0.0,0.0,1.0,0.0,1.0,2.0,1.0,1.43
0.2541531823085221,0.0,1.0,0.0,0.0,1.0,2.0,1.0,2.52
0.28932038834951457,0.0,1.0,0.0,0.0,4.0,2.0,1.0,1.7
0.0656957928802589,0.0,1.0,0.0,0.0,1.0,0.0,1.0,0.5
0.12891046386192018,0.0,0.0,1.0,0.0,0.0,2.0,0.0,0.79
0.5098166127292341,1.0,0.0,0.0,0.0,2.0,3.0,1.0,4.4
0.10377562028047466,1.0,0.0,0.0,0.0,2.0,1.0,1.0,1.15
0.24476806903991372,1.0,0.0,0.0,0.0,2.0,3.0,0.0,4.05
0.133764832793959,0.0,1.0,0.0,0.0,1.0,1.0,1.0,0.42
0.21693635382955773,0.0,1.0,0.0,0.0,1.0,2.0,1.0,1.9
0.15102481121898598,0.0,0.0,1.0,0.0,1.0,1.0,1.0,1.44
0.1271844660194175,0.0,1.0,0.0,0.0,0.0,1.0,1.0,1.43
0.215210355987055,1.0,0.0,0.0,0.0,0.0,2.0,1.0,3.1
0.13732470334412084,1.0,0.0,0.0,0.0,1.0,1.0,0.0,1.24
0.08338727076591154,1.0,0.0,0.0,0.0,3.0,1.0,1.0,0.7
0.10614886731391585,0.0,0.0,1.0,0.0,4.0,1.0,0.0,0.55
0.1574973031283711,0.0,1.0,0.0,0.0,0.0,2.0,1.0,2.75
0.10517799352750809,0.0,0.0,0.0,1.0,3.0,1.0,0.0,0.45
0.14552319309600864,0.0,0.0,1.0,0.0,2.0,2.0,1.0,0.55
0.12642934196332256,0.0,1.0,0.0,0.0,2.0,1.0,1.0,0.85
0.1104638619201726,0.0,1.0,0.0,0.0,0.0,0.0,1.0,2.25
0.09234088457389428,0.0,0.0,1.0,0.0,2.0,1.0,0.0,0.68
0.17044228694714134,1.0,0.0,0.0,0.0,0.0,2.0,1.0,1.81
0.23807982740021577,0.0,0.0,1.0,0.0,2.0,2.0,1.0,3.45
0.10614886731391585,0.0,0.0,1.0,0.0,3.0,1.0,0.0,0.65
0.12103559870550162,1.0,0.0,0.0,0.0,0.0,2.0,2.0,1.75
0.39439050701186623,1.0,0.0,0.0,0.0,0.0,3.0,1.0,4.5
0.12243797195253506,1.0,0.0,0.0,0.0,3.0,1.0,0.0,0.65
0.11186623516720604,0.0,0.0,0.0,1.0,1.0,1.0,1.0,0.9
0.3422869471413161,1.0,0.0,0.0,0.0,0.0,3.0,2.0,3.99
0.11078748651564185,1.0,0.0,0.0,0.0,2.0,1.0,1.0,1.65
0.16138079827400217,0.0,0.0,1.0,0.0,2.0,2.0,1.0,2.4
0.7532901833872707,0.0,1.0,0.0,0.0,2.0,3.0,1.0,6.65
0.07551240560949299,1.0,0.0,0.0,0.0,1.0,1.0,1.0,0.57
0.1180151024811219,1.0,0.0,0.0,0.0,2.0,1.0,1.0,0.69
0.13408845738942826,1.0,0.0,0.0,0.0,2.0,1.0,0.0,0.77
0.07108953613807983,0.0,1.0,0.0,0.0,2.0,0.0,1.0,0.69
0.11531823085221143,0.0,0.0,1.0,0.0,4.0,1.0,1.0,1.25
0.22448759439050703,1.0,0.0,0.0,0.0,1.0,3.0,2.0,2.9
0.15156418554476808,0.0,1.0,0.0,0.0,0.0,2.0,1.0,1.62
0.14207119741100324,0.0,0.0,0.0,1.0,3.0,1.0,0.0,0.82
0.11628910463861919,0.0,0.0,0.0,1.0,3.0,1.0,1.0,0.76
0.20992448759439053,0.0,1.0,0.0,0.0,1.0,3.0,2.0,3.4
0.2716289104638619,1.0,0.0,0.0,0.0,0.0,2.0,0.0,5.0
0.14606256742179075,0.0,0.0,0.0,1.0,2.0,1.0,1.0,1.0
0.10496224379719526,0.0,1.0,0.0,0.0,4.0,1.0,0.0,0.75
0.17400215749730313,0.0,0.0,0.0,1.0,2.0,2.0,0.0,0.78
0.13279395900755125,0.0,0.0,1.0,0.0,4.0,1.0,1.0,0.75
0.13861920172599784,0.0,0.0,1.0,0.0,0.0,2.0,1.0,1.46
0.10755124056094931,1.0,0.0,0.0,0.0,2.0,1.0,2.0,0.76
0.11672060409924487,1.0,0.0,0.0,0.0,1.0,2.0,1.0,1.45
0.1499460625674218,0.0,1.0,0.0,0.0,0.0,2.0,1.0,2.8
0.12114347357065805,0.0,0.0,1.0,0.0,2.0,1.0,1.0,1.47
0.13613807982740023,0.0,1.0,0.0,0.0,3.0,1.0,1.0,0.85
0.166235167206041,0.0,0.0,0.0,1.0,1.0,2.0,0.0,2.31
0.13818770226537216,0.0,0.0,1.0,0.0,1.0,2.0,2.0,1.1
0.0697950377562028,0.0,1.0,0.0,0.0,1.0,0.0,1.0,0.68
0.11014023732470335,0.0,0.0,1.0,0.0,0.0,1.0,1.0,1.38
0.14034519956850056,0.0,1.0,0.0,0.0,4.0,1.0,1.0,1.07
0.18047464940668825,0.0,1.0,0.0,0.0,2.0,2.0,2.0,1.45
0.4285868392664509,1.0,0.0,0.0,0.0,0.0,3.0,2.0,6.8
0.22826321467098168,0.0,0.0,1.0,0.0,3.0,2.0,1.0,1.95
0.1336569579288026,1.0,0.0,0.0,0.0,2.0,1.0,1.0,0.85
0.13959007551240563,1.0,0.0,0.0,0.0,2.0,2.0,0.0,2.0
0.10809061488673138,0.0,0.0,0.0,1.0,3.0,1.0,1.0,0.85
0.20895361380798275,0.0,1.0,0.0,0.0,1.0,3.0,1.0,2.12
0.21078748651564186,0.0,0.0,0.0,1.0,0.0,2.0,1.0,2.5
0.12793959007551242,0.0,1.0,0.0,0.0,4.0,1.0,0.0,0.8
0.11574973031283711,0.0,0.0,0.0,1.0,3.0,1.0,1.0,2.5
0.2458468176914779,1.0,0.0,0.0,0.0,0.0,2.0,1.0,4.9
0.1969795037756203,1.0,0.0,0.0,0.0,1.0,2.0,1.0,2.6
0.045954692556634306,0.0,0.0,1.0,0.0,0.0,0.0,1.0,0.65
0.11229773462783171,1.0,0.0,0.0,0.0,0.0,1.0,0.0,1.1
0.27820927723840344,1.0,0.0,0.0,0.0,2.0,3.0,0.0,3.3
0.15382955771305287,0.0,1.0,0.0,0.0,0.0,2.0,0.0,2.0
0.11272923408845739,1.0,0.0,0.0,0.0,2.0,1.0,2.0,0.84
0.4275080906148867,0.0,1.0,0.0,0.0,1.0,3.0,1.0,6.0
0.1111111111111111,1.0,0.0,0.0,0.0,3.0,1.0,1.0,0.95
0.1376483279395901,0.0,0.0,1.0,0.0,3.0,2.0,0.0,0.85
0.12481121898597627,1.0,0.0,0.0,0.0,1.0,1.0,1.0,0.45
0.06666666666666668,0.0,0.0,0.0,1.0,3.0,0.0,1.0,0.41
0.1483279395900755,0.0,1.0,0.0,0.0,2.0,2.0,1.0,0.9
0.1644012944983819,0.0,0.0,1.0,0.0,2.0,2.0,0.0,0.52
0.19492988133764833,0.0,1.0,0.0,0.0,1.0,3.0,1.0,1.9
0.09751887810140236,1.0,0.0,0.0,0.0,0.0,1.0,0.0,1.35
0.17162891046386192,0.0,0.0,0.0,1.0,2.0,2.0,1.0,1.8
0.26299892125134844,0.0,1.0,0.0,0.0,0.0,3.0,1.0,3.35
0.15889967637540453,0.0,1.0,0.0,0.0,2.0,2.0,1.0,1.6
0.3057173678532902,1.0,0.0,0.0,0.0,0.0,3.0,1.0,3.35
0.0564185544768069,1.0,0.0,0.0,0.0,0.0,0.0,1.0,0.29
0.16084142394822007,0.0,1.0,0.0,0.0,1.0,3.0,1.0,1.99
0.2290183387270766,0.0,1.0,0.0,0.0,0.0,2.0,1.0,3.9
0.15706580366774542,1.0,0.0,0.0,0.0,1.0,2.0,1.0,1.41
0.14368932038834953,1.0,0.0,0.0,0.0,2.0,2.0,0.0,0.84
0.3207119741100323,0.0,1.0,0.0,0.0,0.0,3.0,2.0,5.59
0.11920172599784251,0.0,0.0,1.0,0.0,2.0,1.0,0.0,1.13
0.10140237324703344,0.0,0.0,1.0,0.0,1.0,0.0,2.0,0.45
0.17475728155339806,0.0,1.0,0.0,0.0,0.0,2.0,1.0,0.95
0.18295577130528587,0.0,0.0,1.0,0.0,1.0,2.0,1.0,0.79
0.09665587918015103,0.0,1.0,0.0,0.0,2.0,1.0,1.0,0.75
0.1859762675296656,0.0,1.0,0.0,0.0,1.0,3.0,0.0,2.0
0.3558791801510248,0.0,1.0,0.0,0.0,0.0,3.0,1.0,2.62
0.1837108953613808,1.0,0.0,0.0,0.0,0.0,2.0,1.0,2.58
0.2405609492988134,0.0,1.0,0.0,0.0,4.0,2.0,1.0,1.6
0.09320388349514563,1.0,0.0,0.0,0.0,4.0,0.0,1.0,0.35
0.14045307443365695,0.0,1.0,0.0,0.0,3.0,2.0,1.0,0.79
0.11941747572815534,0.0,1.0,0.0,0.0,1.0,1.0,1.0,1.11
0.16407766990291264,0.0,0.0,0.0,1.0,0.0,2.0,0.0,1.0
0.11790722761596548,0.0,0.0,0.0,1.0,0.0,1.0,0.0,1.81
0.07713052858683928,0.0,0.0,0.0,1.0,0.0,1.0,1.0,0.66
0.1215749730312837,1.0,0.0,0.0,0.0,1.0,1.0,0.0,1.5
0.12308522114347359,0.0,0.0,1.0,0.0,2.0,1.0,0.0,1.45
0.20204962243797195,0.0,1.0,0.0,0.0,2.0,2.0,2.0,3.3
0.13861920172599784,1.0,0.0,0.0,0.0,1.0,2.0,1.0,1.44
0.29708737864077667,0.0,1.0,0.0,0.0,0.0,1.0,1.0,8.66
0.25857605177993526,0.0,1.0,0.0,0.0,0.0,3.0,1.0,5.45
0.08187702265372168,0.0,0.0,0.0,1.0,0.0,1.0,1.0,0.55
0.12524271844660195,0.0,0.0,1.0,0.0,0.0,2.0,1.0,0.7
0.15889967637540453,0.0,0.0,1.0,0.0,2.0,2.0,0.0,0.68
0.23214670981661273,0.0,1.0,0.0,0.0,1.0,3.0,1.0,2.83
0.11240560949298814,0.0,0.0,1.0,0.0,2.0,1.0,1.0,0.8
0.05037756202804747,0.0,0.0,1.0,0.0,3.0,0.0,1.0,0.41
0.20280474649406688,0.0,1.0,0.0,0.0,0.0,0.0,0.0,5.94
0.12286947141316074,1.0,0.0,0.0,0.0,1.0,1.0,1.0,1.17
0.09622437971952535,1.0,0.0,0.0,0.0,0.0,1.0,1.0,0.68
0.1976267529665588,0.0,0.0,1.0,0.0,1.0,2.0,1.0,3.1
0.17745415318230853,0.0,0.0,0.0,1.0,2.0,2.0,2.0,1.35
0.1388349514563107,0.0,1.0,0.0,0.0,0.0,1.0,1.0,1.65
0.11823085221143473,1.0,0.0,0.0,0.0,1.0,1.0,1.0,1.4
0.14811218985976268,0.0,1.0,0.0,0.0,2.0,1.0,1.0,1.7
0.11143473570658036,0.0,0.0,0.0,1.0,2.0,1.0,0.0,0.69
0.24347357065803668,0.0,1.0,0.0,0.0,2.0,3.0,2.0,4.57
0.27432578209277236,1.0,0.0,0.0,0.0,0.0,3.0,2.0,3.5
0.1029126213592233,0.0,0.0,1.0,0.0,0.0,1.0,2.0,0.98
0.39999999999999997,0.0,1.0,0.0,0.0,2.0,2.0,1.0,4.41
0.20949298813376485,1.0,0.0,0.0,0.0,1.0,3.0,1.0,3.3
0.17184466019417477,1.0,0.0,0.0,0.0,1.0,2.0,2.0,2.0
0.5689320388349515,1.0,0.0,0.0,0.0,0.0,3.0,1.0,5.82
0.15943905070118664,0.0,1.0,0.0,0.0,0.0,2.0,1.0,1.8
0.10668824163969795,1.0,0.0,0.0,0.0,3.0,1.0,1.0,0.9
0.08166127292340886,0.0,0.0,1.0,0.0,2.0,0.0,0.0,0.24
0.2559870550161812,0.0,0.0,0.0,1.0,0.0,2.0,1.0,3.87
0.3559870550161812,1.0,0.0,0.0,0.0,0.0,3.0,1.0,2.6
0.16882416396979505,0.0,0.0,0.0,1.0,3.0,2.0,1.0,1.1
0.22793959007551243,1.0,0.0,0.0,0.0,1.0,3.0,2.0,2.93
0.15728155339805827,0.0,0.0,0.0,1.0,2.0,2.0,2.0,0.83
0.15889967637540453,0.0,0.0,0.0,1.0,2.0,2.0,0.0,2.5
0.13139158576051782,1.0,0.0,0.0,0.0,3.0,1.0,0.0,1.08
0.3207119741100323,1.0,0.0,0.0,0.0,4.0,3.0,1.0,3.5
0.13182308522114347,0.0,1.0,0.0,0.0,3.0,1.0,1.0,1.25
0.4969795037756203,1.0,0.0,0.0,0.0,2.0,3.0,1.0,6.65
0.11035598705501617,1.0,0.0,0.0,0.0,2.0,1.0,1.0,0.6
0.11186623516720604,0.0,1.0,0.0,0.0,3.0,1.0,0.0,0.53
0.16882416396979505,0.0,0.0,0.0,1.0,3.0,2.0,2.0,1.1
0.15080906148867315,1.0,0.0,0.0,0.0,1.0,1.0,1.0,1.4
0.20280474649406688,0.0,0.0,0.0,1.0,2.0,2.0,2.0,3.2
0.10809061488673138,1.0,0.0,0.0,0.0,1.0,1.0,0.0,1.3
0.15641855447680691,0.0,0.0,1.0,0.0,0.0,2.0,1.0,1.39
0.10086299892125136,0.0,0.0,0.0,1.0,2.0,1.0,1.0,1.25
0.11488673139158576,1.0,0.0,0.0,0.0,4.0,1.0,1.0,0.72
0.2271844660194175,1.0,0.0,0.0,0.0,2.0,3.0,1.0,4.1
0.1912621359223301,0.0,0.0,0.0,1.0,3.0,2.0,1.0,6.0
0.5903991370010787,0.0,1.0,0.0,0.0,0.0,3.0,2.0,13.0
0.13851132686084144,0.0,0.0,0.0,1.0,0.0,1.0,0.0,1.24
0.09158576051779935,0.0,1.0,0.0,0.0,4.0,1.0,1.0,0.65
0.5757281553398058,0.0,0.0,0.0,1.0,0.0,3.0,2.0,4.5
0.5903991370010787,1.0,0.0,0.0,0.0,0.0,3.0,1.0,5.25
0.08727076591154262,0.0,1.0,0.0,0.0,1.0,1.0,1.0,0.48
0.12362459546925567,0.0,1.0,0.0,0.0,3.0,2.0,0.0,0.75
0.18478964401294498,1.0,0.0,0.0,0.0,0.0,3.0,0.0,2.65
0.1284789644012945,1.0,0.0,0.0,0.0,0.0,2.0,1.0,1.44
0.16235167206040993,1.0,0.0,0.0,0.0,2.0,2.0,1.0,1.47
0.2319309600862999,1.0,0.0,0.0,0.0,2.0,3.0,1.0,2.3
0.23441208198489752,0.0,1.0,0.0,0.0,1.0,2.0,1.0,4.24
0.09805825242718447,0.0,1.0,0.0,0.0,1.0,1.0,2.0,0.79
0.10960086299892124,0.0,0.0,1.0,0.0,1.0,2.0,0.0,0.84
0.25426105717367853,0.0,1.0,0.0,0.0,2.0,3.0,0.0,4.75
0.1133764832793959,1.0,0.0,0.0,0.0,0.0,1.0,1.0,1.4
0.12653721682847896,0.0,1.0,0.0,0.0,4.0,1.0,1.0,0.75
0.15091693635382958,0.0,1.0,0.0,0.0,3.0,1.0,0.0,1.15
0.9999999999999999,0.0,1.0,0.0,0.0,2.0,3.0,1.0,10.5
0.22977346278317154,0.0,1.0,0.0,0.0,0.0,3.0,2.0,2.6
0.15436893203883495,0.0,0.0,1.0,0.0,2.0,2.0,1.0,0.58
0.13171521035598707,1.0,0.0,0.0,0.0,4.0,2.0,1.0,1.15
0.1133764832793959,1.0,0.0,0.0,0.0,0.0,1.0,0.0,0.76
0.5364617044228694,0.0,1.0,0.0,0.0,0.0,3.0,0.0,8.51
0.18910463861920174,0.0,0.0,1.0,0.0,0.0,2.0,0.0,2.0
0.36548004314994603,0.0,1.0,0.0,0.0,2.0,3.0,2.0,6.6
0.2335490830636462,1.0,0.0,0.0,0.0,1.0,3.0,2.0,4.11
0.13549083063646172,0.0,0.0,0.0,1.0,0.0,1.0,0.0,1.5
0.1732470334412082,1.0,0.0,0.0,0.0,0.0,2.0,1.0,2.41
0.15091693635382958,0.0,1.0,0.0,0.0,4.0,2.0,1.0,0.66
0.10604099244875945,0.0,0.0,0.0,1.0,0.0,1.0,0.0,0.47
0.05900755124056095,0.0,1.0,0.0,0.0,0.0,0.0,1.0,0.6
0.12351672060409927,0.0,1.0,0.0,0.0,1.0,1.0,1.0,0.45
0.39439050701186623,0.0,1.0,0.0,0.0,0.0,3.0,0.0,3.1
0.3559870550161812,1.0,0.0,0.0,0.0,2.0,3.0,1.0,4.1
0.10474649406688241,1.0,0.0,0.0,0.0,1.0,1.0,1.0,1.2
0.1696871628910464,0.0,0.0,0.0,1.0,5.0,2.0,0.0,1.0
0.368824163969795,0.0,1.0,0.0,0.0,2.0,3.0,1.0,4.1
0.2451995685005394,0.0,1.0,0.0,0.0,1.0,3.0,0.0,2.18
0.18295577130528587,1.0,0.0,0.0,0.0,0.0,2.0,1.0,3.1
0.14746494066882418,0.0,1.0,0.0,0.0,2.0,2.0,1.0,0.85
0.2937432578209277,0.0,1.0,0.0,0.0,0.0,3.0,2.0,6.25
0.23581445523193098,0.0,0.0,0.0,1.0,1.0,2.0,1.0,4.12
0.14271844660194175,1.0,0.0,0.0,0.0,1.0,1.0,1.0,1.51
0.10453074433656959,1.0,0.0,0.0,0.0,1.0,1.0,1.0,0.55
0.18101402373247033,0.0,0.0,1.0,0.0,3.0,2.0,1.0,2.3
0.31499460625674214,0.0,1.0,0.0,0.0,3.0,3.0,2.0,5.5
0.10064724919093851,0.0,1.0,0.0,0.0,0.0,2.0,0.0,0.85
0.16903991370010787,1.0,0.0,0.0,0.0,0.0,2.0,1.0,1.86
0.2214670981661273,1.0,0.0,0.0,0.0,0.0,2.0,0.0,4.25
0.13807982740021577,1.0,0.0,0.0,0.0,2.0,2.0,2.0,0.75
0.05868392664509169,0.0,1.0,0.0,0.0,0.0,0.0,1.0,0.61
0.1818770226537217,0.0,0.0,0.0,1.0,5.0,3.0,2.0,2.75
0.20064724919093851,1.0,0.0,0.0,0.0,1.0,3.0,1.0,1.92
0.27756202804746494,1.0,0.0,0.0,0.0,1.0,3.0,1.0,3.78
0.5610571736785329,1.0,0.0,0.0,0.0,2.0,3.0,1.0,4.4
0.16699029126213594,0.0,1.0,0.0,0.0,0.0,2.0,1.0,0.99
0.15134843581445523,0.0,0.0,0.0,1.0,0.0,2.0,1.0,0.84
0.13182308522114347,0.0,0.0,0.0,1.0,0.0,1.0,1.0,1.18
0.09956850053937433,1.0,0.0,0.0,0.0,3.0,1.0,1.0,0.49
0.1319309600862999,0.0,1.0,0.0,0.0,3.0,2.0,1.0,1.05
0.11941747572815534,0.0,1.0,0.0,0.0,2.0,1.0,0.0,1.2
0.18964401294498384,1.0,0.0,0.0,0.0,0.0,2.0,1.0,3.5
0.24455231930960086,0.0,1.0,0.0,0.0,1.0,3.0,1.0,2.67
0.34681769147788566,0.0,0.0,0.0,1.0,0.0,3.0,2.0,9.89
0.17993527508090615,1.0,0.0,0.0,0.0,1.0,2.0,1.0,1.54
0.18112189859762676,1.0,0.0,0.0,0.0,1.0,2.0,1.0,2.4
0.07044228694714133,0.0,0.0,1.0,0.0,0.0,0.0,0.0,0.63
0.1132686084142395,0.0,0.0,0.0,1.0,0.0,1.0,0.0,1.35
0.0593311758360302,0.0,1.0,0.0,0.0,1.0,0.0,1.0,0.55
0.14368932038834953,1.0,0.0,0.0,0.0,0.0,2.0,0.0,0.84
0.11812297734627833,1.0,0.0,0.0,0.0,2.0,1.0,1.0,1.3
0.1714131607335491,1.0,0.0,0.0,0.0,0.0,2.0,1.0,3.3
0.15728155339805827,1.0,0.0,0.0,0.0,4.0,2.0,0.0,1.18
0.29978425026968714,1.0,0.0,0.0,0.0,4.0,3.0,2.0,4.5
0.1760517799352751,0.0,0.0,1.0,0.0,4.0,2.0,2.0,1.48
0.1214670981661273,1.0,0.0,0.0,0.0,3.0,1.0,0.0,1.05
0.1557713052858684,0.0,0.0,1.0,0.0,2.0,2.0,1.0,1.45
0.12049622437971952,0.0,1.0,0.0,0.0,2.0,1.0,1.0,0.65
0.10420711974110033,1.0,0.0,0.0,0.0,2.0,1.0,1.0,0.78
0.10312837108953615,0.0,1.0,0.0,0.0,3.0,1.0,1.0,0.93
0.2243797195253506,0.0,1.0,0.0,0.0,0.0,2.0,1.0,3.75
0.2634304207119741,1.0,0.0,0.0,0.0,3.0,3.0,2.0,2.53
0.13959007551240563,0.0,1.0,0.0,0.0,0.0,2.0,2.0,1.04
0.14811218985976268,0.0,0.0,1.0,0.0,4.0,2.0,1.0,1.25
0.14325782092772385,0.0,1.0,0.0,0.0,0.0,2.0,0.0,1.78
0.04832793959007551,0.0,0.0,1.0,0.0,4.0,0.0,2.0,0.19
0.12114347357065805,0.0,0.0,1.0,0.0,2.0,1.0,1.0,0.95
0.11143473570658036,0.0,1.0,0.0,0.0,2.0,1.0,1.0,1.1
0.14099244875943906,1.0,0.0,0.0,0.0,0.0,2.0,1.0,0.83
0.11197411003236246,0.0,0.0,1.0,0.0,2.0,1.0,1.0,0.85
0.15037756202804747,0.0,0.0,0.0,1.0,1.0,2.0,0.0,1.87
0.12599784250269688,0.0,0.0,1.0,0.0,2.0,1.0,0.0,0.86
0.2559870550161812,1.0,0.0,0.0,0.0,3.0,3.0,0.0,5.8
0.11984897518878102,0.0,0.0,1.0,0.0,2.0,1.0,1.0,1.8
0.11715210355987055,1.0,0.0,0.0,0.0,4.0,1.0,2.0,0.6
0.0981661272923409,0.0,1.0,0.0,0.0,0.0,1.0,0.0,1.05
0.5738942826321467,1.0,0.0,0.0,0.0,2.0,3.0,1.0,4.2
0.12977346278317153,0.0,1.0,0.0,0.0,2.0,2.0,1.0,1.6
0.13106796116504854,0.0,0.0,1.0,0.0,2.0,1.0,1.0,0.57
0.2750809061488673,0.0,1.0,0.0,0.0,3.0,3.0,2.0,3.5
0.14120819848975188,1.0,0.0,0.0,0.0,0.0,2.0,1.0,1.11
0.10852211434735706,1.0,0.0,0.0,0.0,3.0,1.0,0.0,0.7
0.37464940668824165,0.0,1.0,0.0,0.0,0.0,3.0,0.0,3.96
0.04627831715210356,1.0,0.0,0.0,0.0,1.0,0.0,1.0,0.38
0.16677454153182308,0.0,1.0,0.0,0.0,1.0,3.0,0.0,2.45
0.21283710895361382,0.0,0.0,0.0,1.0,3.0,3.0,2.0,4.25
0.24433656957928804,0.0,1.0,0.0,0.0,1.0,3.0,0.0,1.9
0.08705501618122977,0.0,0.0,1.0,0.0,2.0,1.0,1.0,0.55
0.2830636461704423,1.0,0.0,0.0,0.0,2.0,3.0,1.0,3.8
0.0981661272923409,0.0,1.0,0.0,0.0,2.0,2.0,1.0,1.0
0.1696871628910464,0.0,0.0,1.0,0.0,4.0,2.0,2.0,1.4
0.15760517799352752,0.0,1.0,0.0,0.0,0.0,2.0,1.0,1.8
0.14638619201726,0.0,0.0,1.0,0.0,2.0,2.0,1.0,0.85
0.11305285868392664,0.0,0.0,1.0,0.0,2.0,1.0,1.0,0.43
0.20312837108953616,0.0,0.0,0.0,1.0,3.0,3.0,2.0,6.1
0.11920172599784251,0.0,1.0,0.0,0.0,2.0,2.0,0.0,1.15
0.24455231930960086,0.0,1.0,0.0,0.0,0.0,2.0,1.0,1.9
0.13268608414239483,0.0,1.0,0.0,0.0,0.0,1.0,1.0,1.33
0.1366774541531823,0.0,0.0,1.0,0.0,0.0,1.0,1.0,0.43
0.3858683926645092,1.0,0.0,0.0,0.0,0.0,3.0,2.0,4.8
0.14153182308522116,1.0,0.0,0.0,0.0,2.0,2.0,1.0,0.97
0.19277238403451996,0.0,1.0,0.0,0.0,2.0,2.0,0.0,1.52
0.2570658036677454,1.0,0.0,0.0,0.0,1.0,3.0,1.0,2.99
0.09892125134843582,0.0,1.0,0.0,0.0,0.0,1.0,2.0,0.51
0.09018338727076591,0.0,0.0,1.0,0.0,2.0,1.0,0.0,0.65
0.14379719525350595,0.0,0.0,1.0,0.0,0.0,2.0,1.0,1.46
0.04778856526429342,0.0,0.0,1.0,0.0,0.0,0.0,0.0,0.3
0.133764832793959,1.0,0.0,0.0,0.0,0.0,1.0,1.0,0.77
0.0802588996763754,0.0,0.0,1.0,0.0,2.0,1.0,1.0,0.63
0.13732470334412084,0.0,0.0,1.0,0.0,1.0,1.0,1.0,0.68
0.14056094929881338,1.0,0.0,0.0,0.0,1.0,2.0,1.0,1.35
0.13042071197411004,0.0,1.0,0.0,0.0,0.0,2.0,0.0,0.71
0.5879180151024811,1.0,0.0,0.0,0.0,2.0,3.0,1.0,9.2
0.14681769147788565,0.0,0.0,1.0,0.0,2.0,2.0,2.0,0.78
0.11844660194174758,1.0,0.0,0.0,0.0,0.0,1.0,1.0,1.71
0.09234088457389428,0.0,0.0,1.0,0.0,2.0,1.0,1.0,0.42
0.1336569579288026,0.0,0.0,0.0,1.0,1.0,2.0,2.0,1.3
0.17648327939590078,0.0,0.0,0.0,1.0,2.0,2.0,1.0,0.75
0.16677454153182308,0.0,0.0,0.0,1.0,1.0,2.0,1.0,2.7
0.11628910463861919,0.0,0.0,1.0,0.0,0.0,1.0,0.0,0.68
0.13807982740021577,0.0,0.0,1.0,0.0,0.0,1.0,1.0,0.76
0.12427184466019417,1.0,0.0,0.0,0.0,0.0,1.0,0.0,0.75
0.3422869471413161,0.0,1.0,0.0,0.0,2.0,3.0,0.0,5.38
0.48813376483279397,1.0,0.0,0.0,0.0,2.0,3.0,1.0,6.78
0.5524271844660193,1.0,0.0,0.0,0.0,3.0,3.0,1.0,8.4
0.20086299892125137,0.0,1.0,0.0,0.0,2.0,2.0,1.0,4.25
0.09967637540453075,0.0,0.0,1.0,0.0,3.0,0.0,1.0,0.36
0.13106796116504854,0.0,1.0,0.0,0.0,2.0,2.0,1.0,1.21
0.14368932038834953,0.0,0.0,1.0,0.0,1.0,1.0,0.0,1.05
0.12330097087378641,0.0,1.0,0.0,0.0,0.0,2.0,1.0,0.95
0.10744336569579288,0.0,0.0,1.0,0.0,2.0,1.0,1.0,0.6
0.0993527508090615,0.0,0.0,0.0,1.0,2.0,1.0,0.0,0.89
0.227831715210356,1.0,0.0,0.0,0.0,0.0,2.0,1.0,0.96
0.11812297734627833,1.0,0.0,0.0,0.0,0.0,1.0,0.0,1.95
0.1058252427184466,0.0,0.0,1.0,0.0,0.0,1.0,1.0,1.71
0.31294498381877023,0.0,0.0,1.0,0.0,4.0,2.0,1.0,2.2
0.17130528586839266,1.0,0.0,0.0,0.0,2.0,2.0,0.0,0.8
0.11143473570658036,0.0,1.0,0.0,0.0,2.0,2.0,0.0,0.9
0.34768069039913696,0.0,1.0,0.0,0.0,3.0,3.0,1.0,4.5
0.1347357065803668,0.0,1.0,0.0,0.0,2.0,2.0,1.0,0.85
0.1250269687162891,0.0,0.0,0.0,1.0,3.0,1.0,1.0,0.47
0.14595469255663432,0.0,0.0,1.0,0.0,0.0,2.0,1.0,0.85
0.1464940668824164,0.0,0.0,0.0,1.0,4.0,1.0,1.0,1.2
0.1378640776699029,0.0,0.0,1.0,0.0,3.0,2.0,2.0,2.64
0.1919093851132686,0.0,1.0,0.0,0.0,1.0,2.0,1.0,2.27
0.2727076591154261,1.0,0.0,0.0,0.0,2.0,3.0,1.0,4.59
0.13451995685005394,1.0,0.0,0.0,0.0,0.0,2.0,1.0,1.02
0.13085221143473572,1.0,0.0,0.0,0.0,2.0,1.0,0.0,1.7
0.12524271844660195,0.0,1.0,0.0,0.0,1.0,1.0,2.0,2.25
0.06925566343042072,1.0,0.0,0.0,0.0,0.0,0.0,1.0,0.52
0.17108953613807984,1.0,0.0,0.0,0.0,0.0,1.0,1.0,1.65
0.22394822006472492,0.0,0.0,1.0,0.0,3.0,2.0,1.0,1.6
0.1255663430420712,0.0,0.0,1.0,0.0,1.0,2.0,1.0,0.86
0.15598705501618124,1.0,0.0,0.0,0.0,0.0,1.0,1.0,0.95
0.11294498381877022,1.0,0.0,0.0,0.0,2.0,1.0,0.0,0.71
0.18047464940668825,0.0,1.0,0.0,0.0,2.0,2.0,2.0,1.75
0.12912621359223303,1.0,0.0,0.0,0.0,0.0,2.0,1.0,1.8
0.23333333333333334,0.0,0.0,1.0,0.0,0.0,2.0,1.0,3.03
0.10949298813376485,0.0,0.0,1.0,0.0,2.0,1.0,1.0,0.47
0.11067961165048543,1.0,0.0,0.0,0.0,3.0,1.0,1.0,0.6
0.18295577130528587,1.0,0.0,0.0,0.0,2.0,2.0,1.0,3.2
0.11855447680690398,1.0,0.0,0.0,0.0,0.0,1.0,0.0,0.69
0.16084142394822007,0.0,0.0,1.0,0.0,0.0,2.0,1.0,1.19
0.14811218985976268,0.0,1.0,0.0,0.0,2.0,2.0,2.0,1.58
0.10172599784250269,0.0,0.0,0.0,1.0,2.0,1.0,0.0,1.25
0.38004314994606253,1.0,0.0,0.0,0.0,2.0,3.0,2.0,6.5
0.19600862998921253,0.0,1.0,0.0,0.0,1.0,2.0,1.0,3.8
0.2365695792880259,1.0,0.0,0.0,0.0,1.0,3.0,2.0,3.6
0.2104638619201726,1.0,0.0,0.0,0.0,0.0,2.0,0.0,2.0
0.1748651564185545,1.0,0.0,0.0,0.0,1.0,2.0,1.0,1.61
0.2587918015102481,1.0,0.0,0.0,0.0,1.0,3.0,1.0,3.0
0.0842502696871629,0.0,1.0,0.0,0.0,2.0,1.0,1.0,0.52
0.1599784250269687,0.0,1.0,0.0,0.0,0.0,2.0,0.0,3.8
0.12168284789644013,0.0,0.0,1.0,0.0,3.0,1.0,0.0,0.46
0.3207119741100323,1.0,0.0,0.0,0.0,2.0,3.0,2.0,3.85
0.0552319309600863,0.0,0.0,1.0,0.0,3.0,0.0,0.0,0.35
0.11003236245954692,1.0,0.0,0.0,0.0,2.0,1.0,0.0,0.75
0.09406688241639699,0.0,0.0,1.0,0.0,2.0,1.0,1.0,0.33
0.40701186623516716,1.0,0.0,0.0,0.0,0.0,3.0,2.0,3.7
0.09838187702265372,0.0,1.0,0.0,0.0,2.0,1.0,1.0,0.9
0.16483279395900757,0.0,0.0,0.0,1.0,0.0,2.0,0.0,2.65
0.11585760517799354,0.0,0.0,0.0,1.0,2.0,2.0,1.0,1.25
0.14714131607335493,1.0,0.0,0.0,0.0,4.0,1.0,1.0,1.6
0.5448759439050701,0.0,1.0,0.0,0.0,1.0,3.0,0.0,6.0
0.3207119741100323,0.0,1.0,0.0,0.0,0.0,3.0,0.0,5.53
0.32934196332254584,0.0,0.0,0.0,1.0,5.0,3.0,2.0,2.5
0.12642934196332256,0.0,1.0,0.0,0.0,0.0,1.0,1.0,1.65
0.16310679611650486,1.0,0.0,0.0,0.0,1.0,2.0,1.0,1.5
0.24886731391585762,0.0,1.0,0.0,0.0,2.0,3.0,1.0,3.6
0.08187702265372168,0.0,0.0,1.0,0.0,3.0,1.0,0.0,0.65
0.10809061488673138,0.0,0.0,0.0,1.0,0.0,1.0,1.0,0.42
0.10129449838187701,0.0,0.0,0.0,1.0,3.0,1.0,0.0,0.54
0.18932038834951456,0.0,0.0,0.0,1.0,3.0,2.0,0.0,2.5
0.12233009708737866,1.0,0.0,0.0,0.0,0.0,2.0,0.0,2.56
0.2335490830636462,1.0,0.0,0.0,0.0,1.0,3.0,1.0,4.3
0.1035598705501618,0.0,0.0,0.0,1.0,2.0,1.0,2.0,0.88
0.15091693635382958,0.0,1.0,0.0,0.0,2.0,2.0,1.0,1.1
0.10787486515641856,0.0,1.0,0.0,0.0,3.0,1.0,1.0,0.9
0.11574973031283711,0.0,0.0,1.0,0.0,4.0,1.0,0.0,0.55
0.14487594390507014,0.0,0.0,1.0,0.0,0.0,2.0,1.0,0.99
0.14163969795037756,0.0,0.0,1.0,0.0,2.0,2.0,0.0,0.83
0.5364617044228694,0.0,1.0,0.0,0.0,0.0,3.0,1.0,8.98
0.3047464940668824,0.0,0.0,0.0,1.0,2.0,2.0,1.0,2.6
0.1180151024811219,1.0,0.0,0.0,0.0,0.0,1.0,2.0,0.69
0.22135922330097088,1.0,0.0,0.0,0.0,2.0,2.0,0.0,0.95
0.20776699029126214,0.0,0.0,0.0,1.0,1.0,3.0,2.0,1.96
0.30442286947141317,1.0,0.0,0.0,0.0,1.0,3.0,2.0,3.99
0.1319309600862999,0.0,0.0,0.0,1.0,3.0,1.0,2.0,0.85
0.1133764832793959,0.0,0.0,1.0,0.0,3.0,1.0,1.0,0.84
0.16666666666666669,0.0,0.0,0.0,1.0,0.0,2.0,0.0,1.49
0.2790722761596548,0.0,0.0,1.0,0.0,2.0,2.0,1.0,3.75
0.10312837108953615,1.0,0.0,0.0,0.0,2.0,1.0,1.0,0.68
0.1168284789644013,0.0,1.0,0.0,0.0,2.0,2.0,1.0,1.2
0.13085221143473572,0.0,0.0,1.0,0.0,2.0,2.0,0.0,0.55
0.2451995685005394,0.0,1.0,0.0,0.0,2.0,3.0,1.0,3.2
0.09848975188781015,0.0,0.0,0.0,1.0,2.0,1.0,1.0,1.23
0.08629989212513484,0.0,1.0,0.0,0.0,0.0,1.0,1.0,0.48
0.17508090614886732,0.0,1.0,0.0,0.0,2.0,2.0,1.0,2.35
0.12599784250269688,0.0,0.0,1.0,0.0,2.0,1.0,1.0,0.94
0.07216828478964402,0.0,0.0,0.0,1.0,0.0,1.0,1.0,0.58
0.18317152103559872,1.0,0.0,0.0,0.0,1.0,2.0,2.0,3.15
0.12330097087378641,1.0,0.0,0.0,0.0,0.0,1.0,1.0,0.63
0.15555555555555556,0.0,1.0,0.0,0.0,2.0,2.0,0.0,1.3
0.23441208198489752,0.0,0.0,0.0,1.0,0.0,2.0,1.0,2.5
0.40722761596548,1.0,0.0,0.0,0.0,2.0,3.0,1.0,3.8
0.1250269687162891,1.0,0.0,0.0,0.0,0.0,1.0,1.0,1.25
0.19050701186623517,0.0,0.0,1.0,0.0,2.0,2.0,0.0,1.3
0.09212513484358145,0.0,1.0,0.0,0.0,2.0,1.0,0.0,0.7
0.09762675296655879,0.0,1.0,0.0,0.0,2.0,1.0,1.0,1.35
0.09708737864077671,0.0,0.0,1.0,0.0,4.0,1.0,1.0,0.48
0.14271844660194175,0.0,0.0,1.0,0.0,1.0,2.0,2.0,1.35
0.0015102481121898595,0.0,0.0,0.0,1.0,4.0,0.0,1.0,0.3
0.13171521035598707,0.0,0.0,1.0,0.0,2.0,1.0,0.0,0.5
0.15469255663430423,0.0,1.0,0.0,0.0,0.0,1.0,1.0,0.95
0.3491909385113268,0.0,1.0,0.0,0.0,0.0,2.0,1.0,5.58
0.1807982740021575,0.0,0.0,1.0,0.0,1.0,2.0,0.0,1.73
0.11952535059331176,0.0,1.0,0.0,0.0,0.0,1.0,1.0,0.95
0.3460625674217907,0.0,1.0,0.0,0.0,3.0,3.0,0.0,5.1
0.22977346278317154,1.0,0.0,0.0,0.0,2.0,2.0,1.0,3.5
0.045954692556634306,0.0,0.0,1.0,0.0,0.0,0.0,1.0,0.48
0.14983818770226537,0.0,0.0,1.0,0.0,1.0,2.0,1.0,1.19
0.12114347357065805,0.0,0.0,1.0,0.0,2.0,2.0,2.0,0.76
0.10302049622437973,1.0,0.0,0.0,0.0,1.0,1.0,1.0,0.78
0.26612729234088456,1.0,0.0,0.0,0.0,3.0,3.0,2.0,4.65
0.12103559870550162,1.0,0.0,0.0,0.0,1.0,2.0,1.0,1.76
0.10647249190938513,0.0,1.0,0.0,0.0,2.0,1.0,1.0,1.1
0.443042071197411,0.0,1.0,0.0,0.0,1.0,3.0,0.0,6.5
0.13527508090614887,1.0,0.0,0.0,0.0,0.0,2.0,1.0,1.8
0.10755124056094931,0.0,1.0,0.0,0.0,3.0,1.0,1.0,1.37
0.13549083063646172,0.0,1.0,0.0,0.0,1.0,2.0,1.0,0.48
0.10550161812297734,1.0,0.0,0.0,0.0,1.0,2.0,0.0,1.43
0.12944983818770228,0.0,0.0,0.0,1.0,2.0,1.0,0.0,1.55
0.12470334412081985,1.0,0.0,0.0,0.0,1.0,2.0,1.0,1.74
0.1912621359223301,0.0,1.0,0.0,0.0,0.0,3.0,1.0,2.8
0.04778856526429342,0.0,0.0,0.0,1.0,5.0,0.0,0.0,0.3
0.1063646170442287,0.0,0.0,0.0,1.0,2.0,1.0,1.0,0.7
0.07119741100323626,1.0,0.0,0.0,0.0,0.0,0.0,0.0,0.7
0.13807982740021577,0.0,0.0,1.0,0.0,1.0,1.0,0.0,1.2
0.2613807982740021,0.0,1.0,0.0,0.0,4.0,3.0,0.0,2.95
0.17572815533980585,0.0,1.0,0.0,0.0,3.0,2.0,0.0,1.5
0.2296655879180151,0.0,0.0,1.0,0.0,0.0,2.0,2.0,2.3
0.40053937432578207,0.0,0.0,0.0,1.0,0.0,3.0,2.0,6.99
0.348975188781014,1.0,0.0,0.0,0.0,0.0,3.0,1.0,4.3
0.1111111111111111,0.0,0.0,0.0,1.0,2.0,1.0,1.0,0.56
0.20539374325782095,0.0,1.0,0.0,0.0,0.0,2.0,1.0,1.94
0.07141316073354909,0.0,1.0,0.0,0.0,3.0,0.0,1.0,0.27
0.11812297734627833,1.0,0.0,0.0,0.0,1.0,1.0,1.0,1.25
0.13279395900755125,0.0,0.0,1.0,0.0,1.0,2.0,1.0,0.87
0.14163969795037756,0.0,1.0,0.0,0.0,2.0,1.0,0.0,0.94
0.12060409924487595,0.0,1.0,0.0,0.0,4.0,1.0,0.0,0.78
0.13171521035598707,0.0,0.0,1.0,0.0,4.0,1.0,1.0,0.55
0.09697950377562028,0.0,0.0,0.0,1.0,0.0,1.0,1.0,0.86
0.09406688241639699,0.0,0.0,1.0,0.0,2.0,1.0,0.0,0.5
0.11898597626752966,0.0,1.0,0.0,0.0,0.0,1.0,1.0,0.82
0.10086299892125136,0.0,0.0,1.0,0.0,1.0,2.0,0.0,1.26
0.10528586839266452,1.0,0.0,0.0,0.0,3.0,1.0,1.0,0.78
0.15641855447680691,0.0,1.0,0.0,0.0,2.0,2.0,1.0,2.25
0.11877022653721683,0.0,0.0,1.0,0.0,1.0,2.0,1.0,0.82
0.1772384034519957,1.0,0.0,0.0,0.0,3.0,2.0,1.0,1.99
0.0778856526429342,0.0,0.0,0.0,1.0,0.0,1.0,1.0,0.55
0.1686084142394822,1.0,0.0,0.0,0.0,1.0,2.0,1.0,1.24
0.20323624595469256,0.0,0.0,0.0,1.0,5.0,2.0,0.0,2.5
0.044660194174757285,1.0,0.0,0.0,0.0,0.0,0.0,1.0,0.66
0.1599784250269687,1.0,0.0,0.0,0.0,0.0,2.0,0.0,2.75
0.14811218985976268,0.0,1.0,0.0,0.0,3.0,1.0,0.0,2.05
0.09967637540453075,1.0,0.0,0.0,0.0,3.0,2.0,1.0,0.69
0.13117583603020497,1.0,0.0,0.0,0.0,2.0,2.0,1.0,1.75
0.15091693635382958,0.0,0.0,0.0,1.0,3.0,1.0,0.0,0.85
0.18327939590075512,0.0,0.0,1.0,0.0,2.0,2.0,2.0,2.59
0.2208198489751888,0.0,1.0,0.0,0.0,2.0,2.0,1.0,1.88
0.04800431499460626,0.0,0.0,1.0,0.0,0.0,0.0,0.0,0.62
0.26612729234088456,1.0,0.0,0.0,0.0,3.0,3.0,1.0,4.7
0.2651564185544768,0.0,1.0,0.0,0.0,1.0,3.0,1.0,3.2
0.3207119741100323,0.0,1.0,0.0,0.0,1.0,3.0,2.0,3.89
0.2058252427184466,1.0,0.0,0.0,0.0,1.0,2.0,1.0,2.5
0.2312837108953614,0.0,0.0,0.0,1.0,2.0,3.0,2.0,2.8
0.12254584681769148,1.0,0.0,0.0,0.0,2.0,1.0,0.0,0.69
0.1748651564185545,1.0,0.0,0.0,0.0,0.0,2.0,1.0,1.6
0.17508090614886732,0.0,1.0,0.0,0.0,0.0,1.0,1.0,2.0
0.1645091693635383,0.0,0.0,0.0,1.0,0.0,2.0,2.0,1.08
0.14196332254584682,1.0,0.0,0.0,0.0,3.0,1.0,0.0,0.8
0.14530744336569582,1.0,0.0,0.0,0.0,0.0,2.0,1.0,2.0
0.1099244875943905,0.0,0.0,1.0,0.0,2.0,1.0,1.0,0.65
0.1029126213592233,0.0,0.0,1.0,0.0,0.0,1.0,1.0,1.14
0.11553398058252429,0.0,1.0,0.0,0.0,1.0,2.0,1.0,0.74
0.18759439050701188,0.0,1.0,0.0,0.0,4.0,2.0,1.0,1.95
0.11240560949298814,0.0,0.0,1.0,0.0,4.0,1.0,0.0,0.6
0.11887810140237326,1.0,0.0,0.0,0.0,0.0,1.0,1.0,0.64
0.15846817691477885,1.0,0.0,0.0,0.0,2.0,2.0,1.0,1.89
0.13290183387270768,0.0,0.0,1.0,0.0,2.0,1.0,1.0,0.61
0.09741100323624596,1.0,0.0,0.0,0.0,0.0,1.0,2.0,0.67
0.19212513484358146,1.0,0.0,0.0,0.0,0.0,3.0,1.0,2.13
0.12308522114347359,1.0,0.0,0.0,0.0,0.0,2.0,2.0,1.2
0.13096008629989214,0.0,1.0,0.0,0.0,1.0,2.0,0.0,1.48
0.3815533980582524,0.0,0.0,0.0,1.0,0.0,2.0,1.0,10.0
0.14379719525350595,0.0,1.0,0.0,0.0,0.0,2.0,1.0,1.69
0.2238403451995685,0.0,1.0,0.0,0.0,1.0,3.0,0.0,4.2
0.12135922330097088,0.0,0.0,1.0,0.0,3.0,1.0,2.0,0.68
0.12297734627831716,0.0,1.0,0.0,0.0,0.0,2.0,1.0,1.4
0.14099244875943906,1.0,0.0,0.0,0.0,2.0,2.0,1.0,0.89
0.10172599784250269,0.0,1.0,0.0,0.0,2.0,1.0,1.0,1.55
0.1319309600862999,1.0,0.0,0.0,0.0,4.0,3.0,2.0,1.4
0.11218985976267529,0.0,1.0,0.0,0.0,3.0,1.0,1.0,0.75
0.14271844660194175,0.0,0.0,1.0,0.0,0.0,2.0,1.0,0.75
0.16601941747572815,0.0,1.0,0.0,0.0,3.0,2.0,0.0,1.1
0.04627831715210356,0.0,0.0,1.0,0.0,0.0,0.0,1.0,0.6
0.10377562028047466,0.0,0.0,0.0,1.0,2.0,1.0,1.0,0.82
0.18910463861920174,0.0,0.0,0.0,1.0,0.0,2.0,0.0,0.96
0.12081984897518877,0.0,0.0,1.0,0.0,1.0,1.0,1.0,1.15
0.17001078748651566,0.0,0.0,1.0,0.0,2.0,2.0,0.0,1.68
0.13570658036677455,1.0,0.0,0.0,0.0,3.0,2.0,1.0,1.95
0.3883495145631068,1.0,0.0,0.0,0.0,2.0,3.0,1.0,4.45
0.33764832793959004,1.0,0.0,0.0,0.0,2.0,3.0,2.0,5.2
0.059223300970873784,0.0,0.0,1.0,0.0,2.0,0.0,0.0,0.23
0.2221143473570658,1.0,0.0,0.0,0.0,2.0,2.0,1.0,3.2
0.06817691477885654,1.0,0.0,0.0,0.0,0.0,0.0,1.0,0.48
0.10668824163969795,1.0,0.0,0.0,0.0,3.0,1.0,0.0,0.76
0.12200647249190938,0.0,1.0,0.0,0.0,3.0,1.0,1.0,0.35
0.29913700107874863,0.0,1.0,0.0,0.0,1.0,3.0,2.0,4.0
0.19201725997842503,0.0,1.0,0.0,0.0,2.0,2.0,1.0,1.8
0.13959007551240563,1.0,0.0,0.0,0.0,2.0,2.0,1.0,1.29
0.1243797195253506,0.0,0.0,1.0,0.0,2.0,1.0,0.0,0.77
0.13624595469255665,0.0,1.0,0.0,0.0,0.0,2.0,2.0,1.45
0.1111111111111111,0.0,1.0,0.0,0.0,0.0,0.0,1.0,2.25
0.12891046386192018,0.0,1.0,0.0,0.0,0.0,1.0,1.0,0.83
0.06375404530744336,0.0,0.0,1.0,0.0,2.0,0.0,1.0,0.52
0.18446601941747573,0.0,0.0,0.0,1.0,5.0,2.0,2.0,2.25
0.2365695792880259,1.0,0.0,0.0,0.0,1.0,3.0,1.0,3.2
0.15415318230852212,0.0,0.0,1.0,0.0,2.0,2.0,1.0,1.5
0.2985976267529665,1.0,0.0,0.0,0.0,1.0,3.0,1.0,2.85
0.10172599784250269,0.0,0.0,0.0,1.0,2.0,1.0,0.0,1.25
0.17583603020496225,0.0,0.0,1.0,0.0,2.0,2.0,1.0,0.54
0.27885652642934194,0.0,1.0,0.0,0.0,3.0,3.0,2.0,2.95
0.11488673139158576,1.0,0.0,0.0,0.0,2.0,1.0,1.0,0.79
0.15846817691477885,0.0,0.0,1.0,0.0,0.0,2.0,1.0,1.74
0.12200647249190938,1.0,0.0,0.0,0.0,1.0,1.0,0.0,0.9
0.10604099244875945,0.0,0.0,0.0,1.0,3.0,2.0,1.0,0.65
0.12405609492988134,0.0,0.0,1.0,0.0,0.0,2.0,1.0,0.94
0.15091693635382958,1.0,0.0,0.0,0.0,3.0,1.0,2.0,1.5
0.23700107874865156,0.0,1.0,0.0,0.0,2.0,2.0,1.0,4.02
0.062459546925566344,0.0,0.0,0.0,1.0,3.0,0.0,0.0,0.26
0.11564185544768069,0.0,0.0,1.0,0.0,4.0,1.0,1.0,0.64
0.10420711974110033,1.0,0.0,0.0,0.0,0.0,1.0,0.0,1.1
0.07615965480043149,1.0,0.0,0.0,0.0,0.0,0.0,1.0,0.55
0.14368932038834953,1.0,0.0,0.0,0.0,2.0,2.0,0.0,0.85
0.11628910463861919,0.0,1.0,0.0,0.0,3.0,1.0,1.0,0.44
0.11521035598705501,0.0,1.0,0.0,0.0,4.0,1.0,1.0,0.75
0.11898597626752966,0.0,1.0,0.0,0.0,0.0,1.0,1.0,0.69
0.14595469255663432,0.0,0.0,1.0,0.0,0.0,2.0,1.0,1.45
0.1899676375404531,1.0,0.0,0.0,0.0,0.0,0.0,1.0,4.5
0.39288025889967637,0.0,1.0,0.0,0.0,0.0,2.0,0.0,2.29
0.23441208198489752,0.0,1.0,0.0,0.0,2.0,2.0,1.0,2.2
0.16127292340884575,0.0,1.0,0.0,0.0,2.0,2.0,0.0,0.9
0.1696871628910464,0.0,1.0,0.0,0.0,2.0,2.0,1.0,2.55
0.0564185544768069,1.0,0.0,0.0,0.0,0.0,0.0,0.0,0.7
0.20474649406688242,1.0,0.0,0.0,0.0,0.0,2.0,0.0,1.98
0.3174757281553398,1.0,0.0,0.0,0.0,2.0,3.0,2.0,2.8
0.11650485436893204,0.0,1.0,0.0,0.0,0.0,1.0,1.0,1.15
0.17702265372168285,0.0,1.0,0.0,0.0,3.0,2.0,1.0,1.28
0.30733549083063644,0.0,1.0,0.0,0.0,1.0,3.0,0.0,3.2
0.14368932038834953,1.0,0.0,0.0,0.0,2.0,2.0,1.0,0.85
0.644336569579288,0.0,1.0,0.0,0.0,0.0,3.0,2.0,9.79
0.1912621359223301,0.0,1.0,0.0,0.0,3.0,2.0,1.0,0.9
0.19795037756202805,1.0,0.0,0.0,0.0,3.0,2.0,0.0,3.66
0.14261057173678535,0.0,1.0,0.0,0.0,1.0,2.0,1.0,1.75
0.16138079827400217,0.0,1.0,0.0,0.0,3.0,2.0,1.0,0.9
0.18985976267529667,0.0,1.0,0.0,0.0,1.0,2.0,1.0,3.25
0.0581445523193096,0.0,0.0,1.0,0.0,2.0,1.0,1.0,0.38
0.10895361380798274,1.0,0.0,0.0,0.0,2.0,1.0,2.0,0.7
0.18392664509169365,1.0,0.0,0.0,0.0,2.0,2.0,0.0,3.4
0.15016181229773465,0.0,1.0,0.0,0.0,2.0,2.0,1.0,1.85
0.06785329018338726,0.0,0.0,1.0,0.0,2.0,0.0,0.0,0.68
0.16116504854368932,1.0,0.0,0.0,0.0,1.0,2.0,0.0,2.12
0.20086299892125137,0.0,0.0,1.0,0.0,3.0,2.0,0.0,2.78
0.1372168284789644,0.0,0.0,1.0,0.0,0.0,1.0,0.0,1.78
0.08122977346278318,0.0,0.0,0.0,1.0,4.0,1.0,1.0,0.7
0.19093851132686085,0.0,0.0,1.0,0.0,2.0,2.0,1.0,1.65
0.3320388349514563,0.0,1.0,0.0,0.0,0.0,1.0,1.0,9.67
0.30280474649406686,1.0,0.0,0.0,0.0,1.0,3.0,1.0,6.49
0.19201725997842503,0.0,0.0,1.0,0.0,2.0,2.0,0.0,0.61
0.13937432578209277,1.0,0.0,0.0,0.0,0.0,2.0,1.0,1.65
0.09503775620280475,1.0,0.0,0.0,0.0,1.0,2.0,1.0,1.0
0.5001078748651564,0.0,1.0,0.0,0.0,0.0,3.0,0.0,8.55
0.09061488673139159,0.0,0.0,0.0,1.0,2.0,1.0,1.0,0.6
0.13149946062567422,1.0,0.0,0.0,0.0,1.0,2.0,0.0,1.75
0.14368932038834953,1.0,0.0,0.0,0.0,2.0,2.0,0.0,0.85
0.11186623516720604,0.0,0.0,1.0,0.0,2.0,1.0,1.0,1.42
0.10539374325782092,0.0,0.0,1.0,0.0,2.0,1.0,0.0,0.92
0.47713052858683924,1.0,0.0,0.0,0.0,1.0,3.0,2.0,4.6
0.27820927723840344,1.0,0.0,0.0,0.0,2.0,3.0,1.0,3.9
0.13732470334412084,0.0,1.0,0.0,0.0,2.0,2.0,1.0,1.4
0.11823085221143473,0.0,0.0,1.0,0.0,4.0,2.0,2.0,0.59
0.24573894282632147,1.0,0.0,0.0,0.0,4.0,2.0,0.0,2.02
0.07432578209277238,0.0,0.0,0.0,1.0,2.0,2.0,1.0,0.65
0.227831715210356,0.0,1.0,0.0,0.0,1.0,2.0,1.0,2.75
0.11596548004314994,0.0,0.0,1.0,0.0,0.0,1.0,0.0,1.1
0.18727076591154262,0.0,0.0,1.0,0.0,1.0,2.0,1.0,3.32
0.2539374325782093,0.0,1.0,0.0,0.0,0.0,2.0,1.0,3.1
0.19449838187702267,0.0,0.0,1.0,0.0,2.0,2.0,0.0,0.85
0.09859762675296657,1.0,0.0,0.0,0.0,2.0,1.0,1.0,1.3
0.14250269687162892,0.0,0.0,1.0,0.0,2.0,2.0,0.0,0.72
0.21251348435814457,0.0,1.0,0.0,0.0,2.0,2.0,1.0,3.45
0.352319309600863,0.0,1.0,0.0,0.0,0.0,3.0,0.0,5.7
0.10302049622437973,0.0,1.0,0.0,0.0,0.0,1.0,0.0,0.9
0.25987055016181226,1.0,0.0,0.0,0.0,1.0,2.0,0.0,3.07
0.14250269687162892,0.0,0.0,0.0,1.0,0.0,2.0,0.0,2.37
0.15134843581445523,0.0,0.0,1.0,0.0,0.0,2.0,1.0,1.99
0.11650485436893204,0.0,0.0,1.0,0.0,3.0,2.0,1.0,1.1
0.15350593311758362,1.0,0.0,0.0,0.0,2.0,2.0,0.0,0.9
0.15922330097087378,0.0,0.0,0.0,1.0,2.0,1.0,1.0,1.9
0.16256742179072278,0.0,0.0,1.0,0.0,3.0,2.0,2.0,0.85
0.17820927723840346,0.0,0.0,1.0,0.0,4.0,2.0,1.0,0.68
0.04865156418554477,0.0,0.0,1.0,0.0,0.0,0.0,1.0,0.5
0.20032362459546926,0.0,1.0,0.0,0.0,1.0,2.0,2.0,3.5
0.11833872707659115,0.0,1.0,0.0,0.0,0.0,1.0,2.0,1.25
0.27820927723840344,0.0,1.0,0.0,0.0,1.0,3.0,2.0,4.3
0.24681769147788565,1.0,0.0,0.0,0.0,0.0,2.0,1.0,4.17
0.12988133764832796,0.0,0.0,1.0,0.0,2.0,1.0,1.0,0.87
0.16019417475728157,1.0,0.0,0.0,0.0,1.0,2.0,1.0,2.03
0.44056094929881334,1.0,0.0,0.0,0.0,3.0,3.0,2.0,7.8
0.1533980582524272,1.0,0.0,0.0,0.0,2.0,2.0,0.0,0.9
0.07055016181229773,1.0,0.0,0.0,0.0,1.0,1.0,1.0,0.65
0.1912621359223301,1.0,0.0,0.0,0.0,0.0,2.0,1.0,1.5
0.1499460625674218,0.0,0.0,1.0,0.0,2.0,2.0,0.0,1.35
0.13700107874865158,1.0,0.0,0.0,0.0,1.0,2.0,1.0,1.84
0.1464940668824164,0.0,1.0,0.0,0.0,0.0,1.0,0.0,1.4
0.14314994606256742,0.0,0.0,1.0,0.0,0.0,2.0,1.0,2.35
0.1858683926645092,0.0,0.0,0.0,1.0,0.0,2.0,1.0,2.75
0.16396979503775622,0.0,0.0,1.0,0.0,4.0,2.0,1.0,1.34
0.12880258899676375,0.0,1.0,0.0,0.0,1.0,2.0,1.0,1.01
0.39697950377562025,1.0,0.0,0.0,0.0,4.0,2.0,0.0,1.25
0.2570658036677454,0.0,1.0,0.0,0.0,1.0,3.0,1.0,2.0
0.06828478964401294,0.0,0.0,1.0,0.0,0.0,0.0,1.0,0.5
0.12653721682847896,0.0,0.0,0.0,1.0,3.0,2.0,0.0,0.82
0.1488673139158576,1.0,0.0,0.0,0.0,3.0,2.0,1.0,1.3
0.11175836030204964,0.0,1.0,0.0,0.0,0.0,1.0,2.0,1.51
0.11283710895361382,0.0,1.0,0.0,0.0,0.0,1.0,0.0,2.0
0.1243797195253506,1.0,0.0,0.0,0.0,2.0,1.0,0.0,0.75
0.15350593311758362,1.0,0.0,0.0,0.0,0.0,2.0,0.0,0.9
0.10798274002157499,1.0,0.0,0.0,0.0,0.0,2.0,1.0,0.87
0.14368932038834953,1.0,0.0,0.0,0.0,2.0,2.0,1.0,0.84
0.189428263214671,0.0,1.0,0.0,0.0,1.0,3.0,2.0,3.1
0.07508090614886731,0.0,1.0,0.0,0.0,4.0,1.0,1.0,0.56
0.14368932038834953,1.0,0.0,0.0,0.0,2.0,2.0,0.0,0.84
0.10474649406688241,0.0,0.0,1.0,0.0,4.0,1.0,0.0,0.66
0.1243797195253506,1.0,0.0,0.0,0.0,0.0,1.0,0.0,0.75
0.16267529665587918,1.0,0.0,0.0,0.0,3.0,2.0,0.0,1.25
0.13743257820927723,1.0,0.0,0.0,0.0,3.0,2.0,0.0,1.69
0.12103559870550162,1.0,0.0,0.0,0.0,2.0,2.0,0.0,0.89
0.11143473570658036,0.0,1.0,0.0,0.0,2.0,1.0,1.0,0.65
0.17001078748651566,0.0,0.0,1.0,0.0,2.0,2.0,1.0,1.95
0.3815533980582524,1.0,0.0,0.0,0.0,2.0,3.0,2.0,6.34
0.10237324703344122,0.0,0.0,1.0,0.0,3.0,1.0,0.0,0.61
0.19029126213592235,1.0,0.0,0.0,0.0,0.0,2.0,1.0,2.3
0.11941747572815534,1.0,0.0,0.0,0.0,2.0,1.0,0.0,0.95
0.14196332254584682,0.0,0.0,1.0,0.0,4.0,1.0,1.0,0.55
0.21078748651564186,1.0,0.0,0.0,0.0,0.0,3.0,1.0,3.35
0.15533980582524273,1.0,0.0,0.0,0.0,0.0,2.0,1.0,1.88
0.17982740021574975,0.0,0.0,1.0,0.0,2.0,2.0,1.0,1.22
0.3378640776699029,1.0,0.0,0.0,0.0,0.0,3.0,2.0,3.83
0.23096008629989215,1.0,0.0,0.0,0.0,2.0,3.0,2.0,3.8
0.22481121898597628,0.0,1.0,0.0,0.0,0.0,3.0,1.0,2.97
0.1283710895361381,0.0,1.0,0.0,0.0,0.0,1.0,1.0,0.8
0.061272923408845735,0.0,1.0,0.0,0.0,0.0,0.0,1.0,0.55
0.3207119741100323,0.0,0.0,0.0,1.0,0.0,3.0,2.0,4.37
0.22362459546925567,0.0,1.0,0.0,0.0,1.0,2.0,1.0,2.46
0.3174757281553398,0.0,1.0,0.0,0.0,3.0,2.0,1.0,4.65
0.19514563106796118,1.0,0.0,0.0,0.0,3.0,2.0,1.0,2.25
0.1411003236245955,1.0,0.0,0.0,0.0,0.0,1.0,0.0,1.3
0.13807982740021577,0.0,1.0,0.0,0.0,4.0,1.0,1.0,0.6
0.19600862998921253,1.0,0.0,0.0,0.0,2.0,2.0,0.0,1.2
0.14714131607335493,0.0,0.0,1.0,0.0,2.0,2.0,0.0,1.55
0.13807982740021577,0.0,0.0,1.0,0.0,0.0,2.0,0.0,1.6
0.38004314994606253,1.0,0.0,0.0,0.0,3.0,3.0,1.0,6.6
0.1372168284789644,0.0,1.0,0.0,0.0,3.0,1.0,1.0,1.6
0.11844660194174758,1.0,0.0,0.0,0.0,0.0,1.0,0.0,0.68
0.10862998921251349,1.0,0.0,0.0,0.0,0.0,1.0,1.0,0.96
0.1382955771305286,0.0,0.0,1.0,0.0,3.0,1.0,1.0,0.55
0.1634304207119741,0.0,1.0,0.0,0.0,0.0,2.0,1.0,3.0
0.22891046386192018,0.0,1.0,0.0,0.0,1.0,2.0,1.0,1.75
0.16828478964401294,0.0,0.0,1.0,0.0,3.0,2.0,0.0,2.61
0.04627831715210356,0.0,0.0,1.0,0.0,3.0,0.0,0.0,0.58
0.3228694714131607,1.0,0.0,0.0,0.0,3.0,3.0,2.0,3.6
0.132470334412082,0.0,0.0,1.0,0.0,0.0,2.0,2.0,0.5
0.3961165048543689,1.0,0.0,0.0,0.0,2.0,3.0,1.0,2.7
0.06008629989212514,1.0,0.0,0.0,0.0,4.0,0.0,0.0,0.51
0.3117583603020496,1.0,0.0,0.0,0.0,2.0,3.0,2.0,3.9
0.28834951456310676,0.0,1.0,0.0,0.0,3.0,3.0,1.0,3.0
0.14379719525350595,0.0,0.0,0.0,1.0,4.0,2.0,2.0,1.2
0.19029126213592235,0.0,1.0,0.0,0.0,2.0,2.0,1.0,3.5
0.24142394822006474,0.0,1.0,0.0,0.0,0.0,3.0,0.0,2.6
0.17713052858683928,1.0,0.0,0.0,0.0,1.0,1.0,1.0,1.62
0.113915857605178,0.0,0.0,1.0,0.0,2.0,1.0,1.0,1.77
0.10194174757281554,0.0,0.0,0.0,1.0,2.0,2.0,2.0,0.63
0.05102481121898598,1.0,0.0,0.0,0.0,4.0,0.0,1.0,0.31
0.14973031283710897,0.0,0.0,1.0,0.0,3.0,2.0,1.0,2.36
0.1284789644012945,1.0,0.0,0.0,0.0,2.0,2.0,1.0,0.98
0.11240560949298814,0.0,1.0,0.0,0.0,0.0,1.0,0.0,1.25
0.16483279395900757,0.0,1.0,0.0,0.0,4.0,2.0,1.0,1.7
0.05199568500539374,0.0,0.0,1.0,0.0,1.0,0.0,0.0,0.57
0.13279395900755125,0.0,1.0,0.0,0.0,0.0,1.0,1.0,1.28
0.133764832793959,1.0,0.0,0.0,0.0,2.0,1.0,1.0,0.77
0.1644012944983819,0.0,0.0,1.0,0.0,3.0,1.0,1.0,0.7
0.11574973031283711,0.0,0.0,1.0,0.0,2.0,2.0,0.0,1.1
0.16817691477885655,1.0,0.0,0.0,0.0,0.0,2.0,1.0,2.48
0.13279395900755125,0.0,0.0,0.0,1.0,1.0,2.0,0.0,2.58
0.0697950377562028,0.0,1.0,0.0,0.0,2.0,0.0,1.0,0.55
0.41779935275080904,0.0,1.0,0.0,0.0,2.0,3.0,1.0,5.5
0.2656957928802589,0.0,0.0,0.0,1.0,2.0,2.0,2.0,6.2
0.1720604099244876,0.0,0.0,1.0,0.0,0.0,2.0,1.0,1.3
0.28403451995685003,0.0,1.0,0.0,0.0,0.0,3.0,1.0,5.2
0.14466019417475728,1.0,0.0,0.0,0.0,0.0,1.0,0.0,1.8
0.47874865156418556,0.0,1.0,0.0,0.0,0.0,3.0,0.0,8.66
0.18166127292340886,1.0,0.0,0.0,0.0,3.0,2.0,0.0,1.6
0.11240560949298814,0.0,0.0,1.0,0.0,4.0,1.0,1.0,0.62
0.13096008629989214,1.0,0.0,0.0,0.0,0.0,2.0,1.0,1.7
0.0725997842502697,0.0,0.0,1.0,0.0,2.0,0.0,0.0,0.54
0.2354908306364617,1.0,0.0,0.0,0.0,0.0,3.0,2.0,4.15
0.1464940668824164,0.0,1.0,0.0,0.0,2.0,2.0,0.0,1.22
0.21574973031283712,1.0,0.0,0.0,0.0,0.0,2.0,1.0,3.0
0.12686084142394824,0.0,0.0,1.0,0.0,3.0,1.0,1.0,0.75
0.14261057173678535,0.0,0.0,0.0,1.0,2.0,2.0,0.0,1.24
0.41952535059331175,0.0,1.0,0.0,0.0,0.0,3.0,1.0,4.85
0.13743257820927723,1.0,0.0,0.0,0.0,2.0,2.0,2.0,1.13
0.2656957928802589,1.0,0.0,0.0,0.0,3.0,3.0,2.0,3.0
0.14153182308522116,1.0,0.0,0.0,0.0,2.0,2.0,0.0,1.12
0.08047464940668825,0.0,0.0,1.0,0.0,0.0,1.0,1.0,0.62
0.1429341963322546,0.0,0.0,1.0,0.0,2.0,2.0,0.0,1.7
0.02761596548004315,0.0,0.0,0.0,1.0,3.0,0.0,1.0,0.16
0.13732470334412084,1.0,0.0,0.0,0.0,1.0,1.0,1.0,1.3
0.3049622437971952,1.0,0.0,0.0,0.0,0.0,3.0,1.0,3.79
0.17756202804746496,0.0,0.0,0.0,1.0,2.0,2.0,0.0,2.0
0.2829557713052859,1.0,0.0,0.0,0.0,2.0,3.0,2.0,3.3
0.1070118662351672,1.0,0.0,0.0,0.0,0.0,1.0,1.0,0.83
0.2715210355987055,0.0,1.0,0.0,0.0,0.0,3.0,2.0,3.2
0.18662351672060412,1.0,0.0,0.0,0.0,0.0,2.0,1.0,2.25
0.1302049622437972,1.0,0.0,0.0,0.0,2.0,1.0,1.0,1.08
0.1597626752966559,0.0,0.0,1.0,0.0,2.0,1.0,1.0,0.5
0.11510248112189861,1.0,0.0,0.0,0.0,0.0,1.0,0.0,1.22
0.10064724919093851,0.0,1.0,0.0,0.0,0.0,2.0,1.0,1.2
0.4199568500539374,0.0,0.0,0.0,1.0,0.0,3.0,2.0,6.36
0.13624595469255665,0.0,1.0,0.0,0.0,2.0,2.0,1.0,1.29
0.1482200647249191,1.0,0.0,0.0,0.0,2.0,1.0,0.0,0.74
0.12189859762675298,1.0,0.0,0.0,0.0,1.0,1.0,0.0,1.15
0.35900755124056094,1.0,0.0,0.0,0.0,3.0,3.0,1.0,4.35
0.2377562028047465,0.0,1.0,0.0,0.0,2.0,3.0,0.0,3.3
0.12427184466019417,1.0,0.0,0.0,0.0,2.0,1.0,0.0,0.75
0.13570658036677455,0.0,1.0,0.0,0.0,2.0,1.0,0.0,0.85
0.13807982740021577,0.0,1.0,0.0,0.0,2.0,1.0,1.0,1.0
0.5647249190938511,0.0,1.0,0.0,0.0,0.0,3.0,0.0,13.96
0.28403451995685003,0.0,1.0,0.0,0.0,0.0,3.0,0.0,5.0
0.21078748651564186,1.0,0.0,0.0,0.0,0.0,3.0,2.0,3.32
0.10388349514563108,0.0,1.0,0.0,0.0,1.0,2.0,2.0,1.25
0.10916936353829557,1.0,0.0,0.0,0.0,2.0,1.0,1.0,1.53
0.41952535059331175,0.0,1.0,0.0,0.0,2.0,3.0,2.0,7.93
0.08209277238403453,0.0,0.0,1.0,0.0,3.0,1.0,2.0,0.45
0.1411003236245955,1.0,0.0,0.0,0.0,4.0,2.0,0.0,0.95
0.08198489751887811,0.0,0.0,1.0,0.0,1.0,1.0,1.0,0.58
0.1319309600862999,0.0,0.0,0.0,1.0,5.0,1.0,0.0,0.58
0.2790722761596548,0.0,1.0,0.0,0.0,3.0,3.0,1.0,2.0
0.0564185544768069,0.0,1.0,0.0,0.0,1.0,0.0,2.0,0.5
0.12114347357065805,0.0,0.0,1.0,0.0,0.0,1.0,0.0,0.77
0.1076591154261057,1.0,0.0,0.0,0.0,2.0,1.0,0.0,0.72
0.12286947141316074,0.0,0.0,0.0,1.0,4.0,1.0,0.0,0.48
0.11089536138079828,1.0,0.0,0.0,0.0,3.0,1.0,1.0,2.25
0.12653721682847896,0.0,0.0,1.0,0.0,0.0,1.0,1.0,0.69
0.29913700107874863,0.0,0.0,0.0,1.0,1.0,3.0,2.0,4.5
0.14401294498381878,0.0,0.0,0.0,1.0,2.0,2.0,1.0,2.2
0.19924487594390508,0.0,0.0,1.0,0.0,1.0,2.0,2.0,2.21
0.133764832793959,1.0,0.0,0.0,0.0,2.0,1.0,1.0,0.77
0.11812297734627833,1.0,0.0,0.0,0.0,3.0,1.0,1.0,0.95
0.3208198489751888,1.0,0.0,0.0,0.0,0.0,3.0,1.0,4.2
0.14444444444444446,0.0,1.0,0.0,0.0,4.0,1.0,0.0,0.65
0.12265372168284791,1.0,0.0,0.0,0.0,2.0,1.0,0.0,0.97
0.13732470334412084,0.0,0.0,1.0,0.0,2.0,2.0,1.0,0.68
0.12545846817691478,1.0,0.0,0.0,0.0,5.0,2.0,1.0,2.5
0.12653721682847896,0.0,0.0,1.0,0.0,2.0,2.0,1.0,1.7
0.27874865156418555,1.0,0.0,0.0,0.0,1.0,3.0,2.0,4.0
0.2038834951456311,0.0,1.0,0.0,0.0,2.0,3.0,0.0,1.76
0.09341963322545846,1.0,0.0,0.0,0.0,4.0,1.0,0.0,0.6
0.12545846817691478,1.0,0.0,0.0,0.0,2.0,1.0,1.0,1.25
0.12308522114347359,1.0,0.0,0.0,0.0,1.0,2.0,0.0,0.85
0.07281553398058252,0.0,1.0,0.0,0.0,1.0,1.0,0.0,0.58
0.26677454153182306,0.0,1.0,0.0,0.0,0.0,2.0,1.0,4.95
0.15091693635382958,0.0,0.0,0.0,1.0,1.0,2.0,1.0,2.1
0.3537216828478964,1.0,0.0,0.0,0.0,0.0,3.0,2.0,8.5
0.09633225458468178,1.0,0.0,0.0,0.0,4.0,1.0,1.0,1.2
0.11790722761596548,1.0,0.0,0.0,0.0,2.0,1.0,2.0,0.69
0.1766990291262136,0.0,0.0,0.0,1.0,0.0,2.0,2.0,0.78
0.14056094929881338,1.0,0.0,0.0,0.0,1.0,1.0,1.0,1.17
0.14034519956850056,0.0,0.0,1.0,0.0,0.0,2.0,1.0,1.11
0.10755124056094931,1.0,0.0,0.0,0.0,1.0,1.0,1.0,1.08
0.12060409924487595,0.0,1.0,0.0,0.0,5.0,2.0,1.0,0.85
0.08252427184466019,0.0,0.0,1.0,0.0,2.0,1.0,1.0,0.32
0.11672060409924487,0.0,1.0,0.0,0.0,3.0,0.0,1.0,1.15
0.2335490830636462,1.0,0.0,0.0,0.0,0.0,3.0,1.0,4.2
0.09482200647249192,1.0,0.0,0.0,0.0,4.0,0.0,0.0,0.38
0.09428263214670982,0.0,1.0,0.0,0.0,0.0,1.0,1.0,0.77
0.20151024811218987,0.0,1.0,0.0,0.0,2.0,2.0,1.0,1.9
0.08198489751887811,0.0,0.0,1.0,0.0,1.0,1.0,0.0,0.6
0.2335490830636462,1.0,0.0,0.0,0.0,2.0,3.0,1.0,4.0
0.05857605177993527,0.0,0.0,1.0,0.0,2.0,0.0,0.0,0.29
0.12384034519956852,0.0,1.0,0.0,0.0,0.0,2.0,2.0,1.16
0.043581445523193096,1.0,0.0,0.0,0.0,0.0,0.0,1.0,0.55
0.10884573894282631,0.0,0.0,1.0,0.0,1.0,1.0,0.0,0.76
0.1377562028047465,1.0,0.0,0.0,0.0,0.0,2.0,1.0,1.9
0.10172599784250269,0.0,0.0,0.0,1.0,4.0,1.0,0.0,0.57
0.13700107874865158,0.0,1.0,0.0,0.0,1.0,1.0,0.0,0.89
0.15091693635382958,1.0,0.0,0.0,0.0,2.0,1.0,1.0,0.75
0.1366774541531823,0.0,0.0,1.0,0.0,0.0,2.0,0.0,0.57
0.17173678532901834,0.0,1.0,0.0,0.0,2.0,2.0,1.0,3.3
0.12653721682847896,0.0,1.0,0.0,0.0,3.0,1.0,1.0,0.99
0.3744336569579288,1.0,0.0,0.0,0.0,0.0,3.0,1.0,5.25
0.15889967637540453,0.0,0.0,1.0,0.0,2.0,2.0,0.0,2.0
0.11240560949298814,1.0,0.0,0.0,0.0,2.0,1.0,2.0,0.68
0.1348435814455232,1.0,0.0,0.0,0.0,1.0,2.0,1.0,1.13
0.1678532901833873,0.0,1.0,0.0,0.0,1.0,2.0,0.0,1.27
0.11618122977346279,0.0,0.0,0.0,1.0,0.0,1.0,1.0,0.45
0.2872707659115426,1.0,0.0,0.0,0.0,2.0,3.0,2.0,3.2
0.11413160733549083,0.0,0.0,0.0,1.0,2.0,1.0,1.0,1.45
0.2740021574973031,1.0,0.0,0.0,0.0,0.0,3.0,0.0,3.57
0.141747572815534,1.0,0.0,0.0,0.0,4.0,1.0,0.0,0.7
0.20258899676375405,0.0,1.0,0.0,0.0,0.0,3.0,1.0,2.38
0.17130528586839266,0.0,0.0,1.0,0.0,2.0,2.0,1.0,0.68
0.1859762675296656,0.0,0.0,0.0,1.0,3.0,2.0,2.0,0.78
0.40722761596548,1.0,0.0,0.0,0.0,2.0,3.0,1.0,3.5
0.12427184466019417,1.0,0.0,0.0,0.0,2.0,1.0,0.0,0.74
0.44347357065803666,0.0,1.0,0.0,0.0,3.0,3.0,2.0,4.95
0.12977346278317153,0.0,0.0,1.0,0.0,2.0,1.0,0.0,0.49
0.16289104638619203,0.0,0.0,1.0,0.0,0.0,2.0,1.0,1.85
0.22135922330097088,0.0,1.0,0.0,0.0,4.0,3.0,0.0,1.25
0.12653721682847896,1.0,0.0,0.0,0.0,0.0,1.0,1.0,1.05
0.13549083063646172,1.0,0.0,0.0,0.0,2.0,1.0,1.0,0.63
0.23441208198489752,0.0,0.0,0.0,1.0,0.0,3.0,2.0,5.0
0.11445523193096008,0.0,0.0,0.0,1.0,0.0,1.0,0.0,0.8
0.2559870550161812,0.0,0.0,0.0,1.0,0.0,2.0,1.0,3.87
0.10733549083063645,1.0,0.0,0.0,0.0,4.0,1.0,1.0,1.0
0.3537216828478964,1.0,0.0,0.0,0.0,0.0,3.0,1.0,7.3
0.2829557713052859,1.0,0.0,0.0,0.0,0.0,3.0,2.0,3.8
0.06774541531823086,0.0,0.0,1.0,0.0,2.0,0.0,1.0,0.5
0.25501618122977343,0.0,1.0,0.0,0.0,2.0,2.0,0.0,2.99
0.10873786407766992,0.0,1.0,0.0,0.0,1.0,1.0,1.0,1.44
0.28176914778856527,0.0,1.0,0.0,0.0,0.0,2.0,1.0,3.0
0.11014023732470335,1.0,0.0,0.0,0.0,0.0,1.0,1.0,1.0
0.21941747572815534,0.0,1.0,0.0,0.0,2.0,2.0,1.0,1.73
0.10647249190938513,0.0,0.0,1.0,0.0,2.0,1.0,1.0,1.55
0.33247033441208196,0.0,1.0,0.0,0.0,1.0,3.0,1.0,5.23
0.11779935275080905,1.0,0.0,0.0,0.0,0.0,1.0,1.0,2.0
0.10107874865156419,0.0,0.0,0.0,1.0,3.0,2.0,0.0,1.0
0.12524271844660195,0.0,0.0,1.0,0.0,3.0,1.0,0.0,0.67
0.36202804746494066,0.0,1.0,0.0,0.0,2.0,3.0,2.0,5.6
0.127831715210356,1.0,0.0,0.0,0.0,2.0,2.0,1.0,1.45
0.11467098166127293,1.0,0.0,0.0,0.0,3.0,1.0,0.0,0.85
0.1441208198489752,1.0,0.0,0.0,0.0,2.0,1.0,1.0,0.7
0.17648327939590078,0.0,1.0,0.0,0.0,3.0,2.0,1.0,2.2
0.2470334412081985,0.0,1.0,0.0,0.0,1.0,3.0,2.0,3.49
0.1249190938511327,0.0,0.0,1.0,0.0,1.0,2.0,1.0,1.15
0.3416396979503775,1.0,0.0,0.0,0.0,2.0,3.0,2.0,3.1
0.35771305285868393,0.0,1.0,0.0,0.0,0.0,3.0,1.0,3.8
0.20539374325782095,0.0,0.0,0.0,1.0,1.0,2.0,2.0,1.6
0.5496224379719525,1.0,0.0,0.0,0.0,0.0,3.0,1.0,9.5
0.1492988133764833,1.0,0.0,0.0,0.0,1.0,2.0,1.0,0.5
0.16483279395900757,1.0,0.0,0.0,0.0,1.0,2.0,1.0,2.41
0.13171521035598707,0.0,0.0,1.0,0.0,3.0,2.0,1.0,0.65
0.39439050701186623,1.0,0.0,0.0,0.0,0.0,3.0,1.0,6.1
0.2505933117583603,1.0,0.0,0.0,0.0,1.0,3.0,1.0,3.1
0.1696871628910464,0.0,1.0,0.0,0.0,2.0,2.0,1.0,2.15
0.40053937432578207,0.0,1.0,0.0,0.0,2.0,3.0,0.0,4.8
0.1632146709816613,1.0,0.0,0.0,0.0,2.0,2.0,1.0,0.85
0.08683926645091694,0.0,0.0,1.0,0.0,3.0,0.0,0.0,0.39
0.14617044228694714,0.0,0.0,0.0,1.0,2.0,1.0,0.0,0.65
0.12599784250269688,0.0,0.0,1.0,0.0,2.0,1.0,0.0,0.92
0.0778856526429342,0.0,0.0,1.0,0.0,0.0,0.0,1.0,0.23
0.09137001078748652,0.0,0.0,1.0,0.0,1.0,1.0,2.0,0.43
0.17130528586839266,1.0,0.0,0.0,0.0,2.0,2.0,0.0,0.84
0.15609492988133766,0.0,0.0,1.0,0.0,0.0,2.0,0.0,1.48
0.25685005393743254,0.0,1.0,0.0,0.0,3.0,2.0,0.0,2.8
0.0924487594390507,0.0,0.0,0.0,1.0,0.0,1.0,0.0,0.61
0.4760517799352751,0.0,1.0,0.0,0.0,2.0,3.0,2.0,6.88
0.17648327939590078,0.0,0.0,1.0,0.0,2.0,2.0,1.0,3.1
0.15566343042071198,0.0,1.0,0.0,0.0,2.0,2.0,0.0,2.1
0.1599784250269687,0.0,1.0,0.0,0.0,0.0,2.0,2.0,1.29
0.17475728155339806,0.0,1.0,0.0,0.0,0.0,2.0,1.0,3.2
0.15922330097087378,0.0,0.0,1.0,0.0,2.0,2.0,0.0,1.05
0.1634304207119741,1.0,0.0,0.0,0.0,2.0,2.0,1.0,1.2
0.14163969795037756,0.0,0.0,1.0,0.0,2.0,2.0,0.0,0.83
0.12761596548004317,0.0,1.0,0.0,0.0,1.0,2.0,1.0,1.12
0.11003236245954692,1.0,0.0,0.0,0.0,0.0,2.0,1.0,1.2
0.10204962243797194,0.0,0.0,0.0,1.0,3.0,2.0,2.0,0.59
0.22330097087378642,0.0,0.0,0.0,1.0,2.0,2.0,0.0,4.15
0.10474649406688241,1.0,0.0,0.0,0.0,0.0,1.0,1.0,1.2
0.13333333333333333,0.0,0.0,0.0,1.0,0.0,1.0,1.0,0.7
0.209277238403452,1.0,0.0,0.0,0.0,0.0,2.0,1.0,2.9
0.21283710895361382,0.0,1.0,0.0,0.0,1.0,2.0,1.0,2.68
0.40701186623516716,0.0,1.0,0.0,0.0,2.0,3.0,1.0,5.01
0.11305285868392664,0.0,1.0,0.0,0.0,0.0,1.0,0.0,0.77
0.22233009708737866,0.0,1.0,0.0,0.0,2.0,2.0,1.0,1.35
0.07087378640776698,0.0,0.0,1.0,0.0,2.0,0.0,0.0,0.23
0.08662351672060409,0.0,0.0,0.0,1.0,0.0,2.0,1.0,0.7
0.1319309600862999,1.0,0.0,0.0,0.0,4.0,2.0,1.0,0.72
0.0779935275080906,1.0,0.0,0.0,0.0,1.0,0.0,1.0,0.7
0.12653721682847896,0.0,1.0,0.0,0.0,2.0,1.0,1.0,0.75
0.1347357065803668,0.0,1.0,0.0,0.0,2.0,1.0,0.0,1.45
0.10377562028047466,1.0,0.0,0.0,0.0,0.0,1.0,1.0,0.9
0.3530744336569579,0.0,1.0,0.0,0.0,0.0,3.0,1.0,7.5
0.12427184466019417,1.0,0.0,0.0,0.0,0.0,1.0,0.0,0.75
0.12793959007551242,1.0,0.0,0.0,0.0,3.0,1.0,1.0,0.7
0.13085221143473572,0.0,1.0,0.0,0.0,3.0,1.0,1.0,0.69
0.15361380798274002,0.0,0.0,1.0,0.0,2.0,2.0,1.0,0.58
0.09514563106796117,1.0,0.0,0.0,0.0,0.0,0.0,1.0,0.78
0.11585760517799354,0.0,1.0,0.0,0.0,2.0,1.0,1.0,0.72
0.13851132686084144,1.0,0.0,0.0,0.0,0.0,2.0,1.0,1.87
0.1341963322545847,1.0,0.0,0.0,0.0,0.0,2.0,1.0,1.42
0.175512405609493,1.0,0.0,0.0,0.0,2.0,2.0,0.0,1.62
0.17464940668824164,1.0,0.0,0.0,0.0,4.0,2.0,2.0,1.4
0.1470334412081985,0.0,0.0,1.0,0.0,1.0,2.0,1.0,1.49
0.12427184466019417,1.0,0.0,0.0,0.0,2.0,1.0,0.0,0.74
0.6074433656957928,1.0,0.0,0.0,0.0,2.0,3.0,1.0,6.5
0.1411003236245955,1.0,0.0,0.0,0.0,3.0,2.0,0.0,0.93
0.13354908306364618,0.0,1.0,0.0,0.0,4.0,1.0,1.0,0.8
0.10668824163969795,1.0,0.0,0.0,0.0,0.0,1.0,0.0,0.79
0.17162891046386192,1.0,0.0,0.0,0.0,3.0,2.0,2.0,2.2
0.26666666666666666,0.0,1.0,0.0,0.0,0.0,3.0,0.0,2.6
0.19708737864077672,1.0,0.0,0.0,0.0,4.0,2.0,0.0,2.16
0.14843581445523193,0.0,1.0,0.0,0.0,2.0,2.0,1.0,2.65
0.1133764832793959,0.0,1.0,0.0,0.0,0.0,1.0,0.0,0.82
0.1533980582524272,1.0,0.0,0.0,0.0,2.0,2.0,0.0,0.9
0.12567421790722763,0.0,0.0,1.0,0.0,1.0,1.0,0.0,0.83
0.17572815533980585,0.0,0.0,1.0,0.0,3.0,2.0,1.0,1.44
0.3314994606256742,1.0,0.0,0.0,0.0,0.0,3.0,0.0,4.55
0.2336569579288026,0.0,0.0,1.0,0.0,0.0,2.0,0.0,3.05
0.3559870550161812,1.0,0.0,0.0,0.0,2.0,3.0,0.0,3.3
0.25339805825242717,0.0,0.0,0.0,1.0,0.0,2.0,1.0,1.65
0.35404530744336565,1.0,0.0,0.0,0.0,0.0,3.0,2.0,4.8
0.12427184466019417,1.0,0.0,0.0,0.0,2.0,1.0,0.0,0.75
0.14735706580366775,1.0,0.0,0.0,0.0,0.0,2.0,1.0,2.03
0.5365695792880258,1.0,0.0,0.0,0.0,0.0,3.0,1.0,5.95
0.10053937432578208,1.0,0.0,0.0,0.0,3.0,1.0,1.0,0.6
0.37464940668824165,0.0,1.0,0.0,0.0,2.0,2.0,1.0,5.75
0.11952535059331176,0.0,1.0,0.0,0.0,0.0,1.0,1.0,0.41
0.0855447680690399,0.0,1.0,0.0,0.0,1.0,0.0,0.0,0.66
0.07206040992448759,0.0,0.0,1.0,0.0,1.0,0.0,1.0,0.3
0.1372168284789644,0.0,0.0,1.0,0.0,0.0,3.0,0.0,1.78
0.40701186623516716,0.0,1.0,0.0,0.0,0.0,3.0,0.0,6.25
0.18932038834951456,0.0,1.0,0.0,0.0,0.0,2.0,0.0,3.0
0.16882416396979505,0.0,1.0,0.0,0.0,1.0,1.0,0.0,1.12
0.10830636461704424,0.0,0.0,1.0,0.0,1.0,1.0,1.0,1.2
0.11574973031283711,0.0,0.0,0.0,1.0,3.0,1.0,0.0,1.3
0.1341963322545847,0.0,0.0,0.0,1.0,4.0,1.0,0.0,1.05
0.17648327939590078,1.0,0.0,0.0,0.0,3.0,1.0,1.0,1.5
0.10970873786407767,0.0,1.0,0.0,0.0,3.0,1.0,0.0,0.75
0.4501618122977346,0.0,1.0,0.0,0.0,0.0,3.0,1.0,7.5
0.08338727076591154,0.0,0.0,1.0,0.0,2.0,1.0,0.0,0.35
0.17454153182308524,0.0,0.0,1.0,0.0,0.0,2.0,1.0,3.1
0.21477885652642936,1.0,0.0,0.0,0.0,0.0,3.0,2.0,3.05
0.06731391585760518,0.0,1.0,0.0,0.0,2.0,1.0,1.0,0.57
0.22125134843581445,0.0,0.0,1.0,0.0,0.0,2.0,0.0,1.85
0.4236245954692556,1.0,0.0,0.0,0.0,1.0,3.0,1.0,4.0
0.0848975188781014,0.0,1.0,0.0,0.0,0.0,0.0,1.0,0.7
0.17475728155339806,0.0,1.0,0.0,0.0,0.0,2.0,1.0,1.49
0.12891046386192018,0.0,1.0,0.0,0.0,4.0,1.0,1.0,0.55
0.1133764832793959,0.0,0.0,1.0,0.0,3.0,1.0,0.0,3.0
0.2104638619201726,1.0,0.0,0.0,0.0,0.0,2.0,0.0,2.1
0.1696871628910464,0.0,0.0,1.0,0.0,3.0,2.0,1.0,0.75
0.12114347357065805,0.0,0.0,0.0,1.0,2.0,1.0,2.0,1.35
0.29762675296655877,0.0,1.0,0.0,0.0,2.0,3.0,1.0,5.4
0.09223300970873788,0.0,0.0,1.0,0.0,2.0,1.0,1.0,0.65
0.39557713052858684,1.0,0.0,0.0,0.0,2.0,3.0,2.0,5.78
0.09449838187702264,0.0,0.0,0.0,1.0,0.0,1.0,0.0,0.84
0.07907227615965481,0.0,1.0,0.0,0.0,0.0,0.0,1.0,0.66
0.12869471413160735,0.0,1.0,0.0,0.0,2.0,1.0,0.0,0.75
0.11790722761596548,1.0,0.0,0.0,0.0,2.0,1.0,2.0,0.69
0.10884573894282631,0.0,0.0,0.0,1.0,0.0,1.0,1.0,0.85
0.1388349514563107,0.0,1.0,0.0,0.0,0.0,2.0,1.0,1.65
0.05037756202804747,0.0,0.0,1.0,0.0,2.0,0.0,1.0,0.46
0.17648327939590078,1.0,0.0,0.0,0.0,1.0,2.0,1.0,2.15
0.16752966558791801,0.0,1.0,0.0,0.0,3.0,2.0,1.0,0.88
0.25210355987055016,1.0,0.0,0.0,0.0,1.0,3.0,0.0,3.0
0.15253505933117584,0.0,1.0,0.0,0.0,1.0,2.0,1.0,2.4
0.05825242718446602,1.0,0.0,0.0,0.0,0.0,0.0,1.0,0.39
0.10625674217907227,0.0,0.0,1.0,0.0,0.0,1.0,1.0,0.8
0.27249190938511325,1.0,0.0,0.0,0.0,2.0,2.0,1.0,5.38
0.0552319309600863,0.0,0.0,1.0,0.0,3.0,0.0,2.0,0.3
0.10172599784250269,0.0,0.0,1.0,0.0,2.0,1.0,1.0,0.48
0.1533980582524272,1.0,0.0,0.0,0.0,2.0,2.0,0.0,0.89
0.1533980582524272,1.0,0.0,0.0,0.0,0.0,2.0,0.0,0.9
0.1376483279395901,0.0,0.0,1.0,0.0,2.0,2.0,1.0,0.95
0.14670981661272925,1.0,0.0,0.0,0.0,1.0,2.0,2.0,1.65
0.29762675296655877,1.0,0.0,0.0,0.0,1.0,3.0,1.0,3.39
0.10312837108953615,0.0,0.0,1.0,0.0,2.0,1.0,1.0,1.2
0.038511326860841424,0.0,0.0,0.0,1.0,5.0,0.0,2.0,0.18
0.04994606256742179,0.0,0.0,1.0,0.0,3.0,1.0,0.0,0.35
0.11251348435814457,1.0,0.0,0.0,0.0,1.0,2.0,1.0,1.7
0.166235167206041,0.0,0.0,0.0,1.0,2.0,2.0,2.0,1.2
0.1533980582524272,1.0,0.0,0.0,0.0,2.0,2.0,0.0,0.9
0.15026968716289105,0.0,1.0,0.0,0.0,0.0,1.0,1.0,1.8
0.20604099244875945,1.0,0.0,0.0,0.0,2.0,3.0,2.0,3.5
0.17216828478964402,1.0,0.0,0.0,0.0,3.0,2.0,1.0,2.5
0.2238403451995685,0.0,1.0,0.0,0.0,1.0,3.0,1.0,4.1
0.1696871628910464,1.0,0.0,0.0,0.0,1.0,2.0,2.0,1.24
0.30744336569579284,1.0,0.0,0.0,0.0,3.0,3.0,2.0,3.1
0.0988133764832794,0.0,0.0,0.0,1.0,0.0,1.0,0.0,0.69
0.19093851132686085,0.0,1.0,0.0,0.0,0.0,2.0,2.0,3.3
0.22837108953613808,1.0,0.0,0.0,0.0,1.0,3.0,2.0,2.36
0.15879180151024813,1.0,0.0,0.0,0.0,0.0,2.0,1.0,1.67
0.08166127292340886,0.0,0.0,1.0,0.0,2.0,0.0,1.0,0.24
0.09751887810140236,0.0,0.0,1.0,0.0,2.0,1.0,1.0,0.78
0.06386192017259978,1.0,0.0,0.0,0.0,0.0,0.0,1.0,0.69
0.32610571736785327,1.0,0.0,0.0,0.0,2.0,3.0,0.0,2.9
0.1486515641855448,1.0,0.0,0.0,0.0,1.0,2.0,1.0,2.65
0.09741100323624596,0.0,1.0,0.0,0.0,2.0,1.0,1.0,1.0
0.12125134843581445,0.0,1.0,0.0,0.0,0.0,1.0,0.0,2.05
0.7584681769147789,1.0,0.0,0.0,0.0,0.0,3.0,0.0,9.8
0.4042071197411003,1.0,0.0,0.0,0.0,2.0,3.0,1.0,5.68
0.7145631067961165,1.0,0.0,0.0,0.0,0.0,3.0,2.0,5.9
0.227831715210356,0.0,0.0,0.0,1.0,3.0,2.0,2.0,1.75
0.10237324703344122,0.0,1.0,0.0,0.0,1.0,1.0,1.0,1.27
0.15350593311758362,1.0,0.0,0.0,0.0,3.0,1.0,1.0,0.85
0.08576051779935276,1.0,0.0,0.0,0.0,0.0,0.0,0.0,0.4
0.6335490830636462,1.0,0.0,0.0,0.0,0.0,3.0,1.0,5.68
0.43290183387270764,0.0,1.0,0.0,0.0,2.0,3.0,2.0,3.9
0.14778856526429343,0.0,1.0,0.0,0.0,3.0,1.0,1.0,0.62
0.13042071197411004,0.0,1.0,0.0,0.0,0.0,1.0,1.0,0.99
0.1633225458468177,1.0,0.0,0.0,0.0,2.0,2.0,1.0,0.85
0.08867313915857605,0.0,0.0,1.0,0.0,2.0,2.0,0.0,0.7
0.13818770226537216,1.0,0.0,0.0,0.0,1.0,2.0,1.0,0.72
0.1057173678532902,0.0,0.0,1.0,0.0,3.0,1.0,1.0,0.75
0.20215749730312838,0.0,1.0,0.0,0.0,0.0,2.0,1.0,1.2
0.4142394822006472,1.0,0.0,0.0,0.0,0.0,2.0,1.0,8.0
0.20722761596548006,0.0,1.0,0.0,0.0,0.0,3.0,1.0,2.35
0.1302049622437972,1.0,0.0,0.0,0.0,0.0,2.0,1.0,0.41
0.2587918015102481,1.0,0.0,0.0,0.0,0.0,3.0,1.0,2.6
0.04951456310679612,1.0,0.0,0.0,0.0,0.0,0.0,1.0,0.68
0.1969795037756203,0.0,1.0,0.0,0.0,0.0,2.0,2.0,1.6
0.17583603020496225,1.0,0.0,0.0,0.0,2.0,2.0,1.0,2.32
0.23387270765911544,1.0,0.0,0.0,0.0,1.0,2.0,1.0,2.66
0.17130528586839266,0.0,0.0,1.0,0.0,2.0,2.0,0.0,0.53
0.06882416396979504,0.0,0.0,1.0,0.0,2.0,0.0,1.0,0.3
0.22977346278317154,1.0,0.0,0.0,0.0,1.0,3.0,0.0,2.23
0.141747572815534,0.0,0.0,1.0,0.0,1.0,2.0,0.0,1.46
0.38867313915857604,0.0,0.0,0.0,1.0,0.0,3.0,2.0,6.0
0.1388349514563107,0.0,1.0,0.0,0.0,0.0,1.0,1.0,1.65
0.16375404530744336,1.0,0.0,0.0,0.0,2.0,2.0,0.0,0.69
0.16407766990291264,0.0,0.0,1.0,0.0,2.0,1.0,0.0,1.8
0.17971952535059332,0.0,1.0,0.0,0.0,1.0,1.0,1.0,2.0
0.10841423948220064,1.0,0.0,0.0,0.0,2.0,1.0,0.0,1.3
0.09902912621359222,1.0,0.0,0.0,0.0,3.0,1.0,1.0,0.72
0.10388349514563108,0.0,0.0,1.0,0.0,2.0,1.0,0.0,1.5
0.11229773462783171,1.0,0.0,0.0,0.0,0.0,1.0,1.0,1.24
0.20733549083063646,1.0,0.0,0.0,0.0,1.0,3.0,2.0,2.95
0.18101402373247033,0.0,0.0,1.0,0.0,3.0,2.0,1.0,1.85
0.1562028047464941,1.0,0.0,0.0,0.0,2.0,2.0,0.0,2.46
0.2647249190938511,0.0,1.0,0.0,0.0,1.0,2.0,0.0,3.8
0.20711974110032363,1.0,0.0,0.0,0.0,1.0,3.0,1.0,2.15
0.5202804746494066,0.0,1.0,0.0,0.0,0.0,3.0,2.0,9.5
0.113915857605178,0.0,1.0,0.0,0.0,0.0,1.0,1.0,1.4
0.11887810140237326,0.0,0.0,1.0,0.0,2.0,1.0,1.0,0.55
0.15361380798274002,0.0,0.0,1.0,0.0,2.0,1.0,1.0,0.75
0.1593311758360302,0.0,0.0,1.0,0.0,0.0,2.0,0.0,0.48
0.11974110032362459,0.0,0.0,1.0,0.0,0.0,2.0,2.0,0.82
0.17292340884573895,0.0,0.0,1.0,0.0,4.0,1.0,0.0,2.6
0.11423948220064725,0.0,1.0,0.0,0.0,3.0,1.0,1.0,0.65
0.12998921251348436,1.0,0.0,0.0,0.0,0.0,2.0,1.0,0.93
0.3617044228694714,1.0,0.0,0.0,0.0,2.0,3.0,1.0,5.4
0.1783171521035599,0.0,1.0,0.0,0.0,0.0,2.0,1.0,2.6
0.1243797195253506,1.0,0.0,0.0,0.0,2.0,1.0,2.0,0.75
0.11003236245954692,1.0,0.0,0.0,0.0,2.0,1.0,0.0,0.69
0.16537216828478965,0.0,0.0,0.0,1.0,3.0,2.0,1.0,3.45
0.10550161812297734,0.0,0.0,1.0,0.0,0.0,1.0,1.0,0.65
0.27939590075512405,1.0,0.0,0.0,0.0,3.0,3.0,2.0,4.3
0.1487594390507012,0.0,0.0,1.0,0.0,3.0,2.0,1.0,0.98
0.17939590075512407,1.0,0.0,0.0,0.0,1.0,2.0,1.0,3.3
0.36548004314994603,0.0,1.0,0.0,0.0,0.0,3.0,1.0,4.7
0.06116504854368932,0.0,0.0,0.0,1.0,3.0,0.0,1.0,0.45
0.27756202804746494,1.0,0.0,0.0,0.0,1.0,3.0,2.0,3.69
0.13807982740021577,0.0,0.0,1.0,0.0,0.0,1.0,0.0,1.1
0.12017259978425027,0.0,1.0,0.0,0.0,3.0,1.0,1.0,1.5
0.13807982740021577,1.0,0.0,0.0,0.0,3.0,1.0,1.0,0.7
0.35577130528586837,0.0,1.0,0.0,0.0,4.0,2.0,1.0,4.75
0.11348435814455232,1.0,0.0,0.0,0.0,3.0,1.0,1.0,0.8
0.1482200647249191,1.0,0.0,0.0,0.0,2.0,1.0,0.0,0.74
0.18414239482200648,0.0,1.0,0.0,0.0,0.0,2.0,1.0,3.0
0.14908306364617044,1.0,0.0,0.0,0.0,4.0,2.0,1.0,0.88
0.13581445523193098,0.0,0.0,0.0,1.0,0.0,2.0,2.0,0.8
0.12416396979503777,0.0,0.0,1.0,0.0,4.0,1.0,0.0,0.85
0.10496224379719526,0.0,1.0,0.0,0.0,1.0,1.0,1.0,1.16
0.18392664509169365,1.0,0.0,0.0,0.0,2.0,2.0,1.0,4.5
0.22837108953613808,0.0,1.0,0.0,0.0,0.0,3.0,1.0,4.3
0.0727076591154261,0.0,0.0,1.0,0.0,2.0,0.0,0.0,0.7
0.06289104638619203,1.0,0.0,0.0,0.0,2.0,0.0,2.0,0.7
0.12017259978425027,0.0,0.0,1.0,0.0,3.0,1.0,1.0,0.85
0.06138079827400216,0.0,0.0,1.0,0.0,0.0,1.0,0.0,0.55
0.16375404530744336,0.0,1.0,0.0,0.0,2.0,2.0,1.0,0.79
0.2004314994606257,0.0,0.0,0.0,1.0,0.0,3.0,2.0,4.55
0.11941747572815534,0.0,1.0,0.0,0.0,2.0,1.0,0.0,1.35
0.2559870550161812,0.0,1.0,0.0,0.0,2.0,2.0,1.0,3.0
0.12535059331175838,1.0,0.0,0.0,0.0,0.0,2.0,1.0,0.87
0.10550161812297734,1.0,0.0,0.0,0.0,3.0,1.0,1.0,0.83
0.17411003236245956,0.0,0.0,0.0,1.0,1.0,2.0,2.0,2.5
0.13505933117583604,1.0,0.0,0.0,0.0,1.0,2.0,1.0,1.85
0.19039913700107877,0.0,0.0,1.0,0.0,3.0,1.0,1.0,1.25
0.11618122977346279,0.0,1.0,0.0,0.0,1.0,2.0,0.0,1.08
0.14099244875943906,1.0,0.0,0.0,0.0,2.0,2.0,0.0,0.8
0.12330097087378641,0.0,1.0,0.0,0.0,1.0,1.0,0.0,0.85
0.0778856526429342,0.0,0.0,0.0,1.0,2.0,1.0,2.0,0.58
0.1580366774541532,0.0,0.0,1.0,0.0,0.0,2.0,1.0,0.48
0.1919093851132686,1.0,0.0,0.0,0.0,0.0,2.0,1.0,2.82
0.14638619201726,1.0,0.0,0.0,0.0,2.0,2.0,1.0,1.75
0.20614886731391588,0.0,1.0,0.0,0.0,0.0,2.0,1.0,3.3
0.12168284789644013,0.0,0.0,1.0,0.0,0.0,1.0,0.0,0.7
0.13861920172599784,1.0,0.0,0.0,0.0,0.0,1.0,1.0,0.75
0.09546925566343042,0.0,0.0,1.0,0.0,3.0,1.0,0.0,0.65
0.267529665587918,0.0,1.0,0.0,0.0,2.0,3.0,0.0,3.5
0.1376483279395901,1.0,0.0,0.0,0.0,2.0,1.0,1.0,0.94
0.13225458468176915,0.0,0.0,1.0,0.0,2.0,1.0,0.0,0.88
0.12653721682847896,0.0,0.0,0.0,1.0,0.0,2.0,0.0,1.02
0.09676375404530743,0.0,0.0,1.0,0.0,0.0,0.0,1.0,0.39
0.11833872707659115,1.0,0.0,0.0,0.0,0.0,1.0,1.0,1.75
0.3314994606256742,0.0,1.0,0.0,0.0,2.0,2.0,0.0,4.1
0.061812297734627826,1.0,0.0,0.0,0.0,0.0,0.0,1.0,0.66
0.4099244875943905,0.0,0.0,0.0,1.0,2.0,2.0,1.0,5.0
0.12696871628910464,0.0,0.0,0.0,1.0,2.0,2.0,1.0,1.51
0.3354908306364617,0.0,1.0,0.0,0.0,0.0,3.0,1.0,3.3
0.28834951456310676,0.0,1.0,0.0,0.0,1.0,3.0,2.0,3.89
0.1545846817691478,0.0,0.0,0.0,1.0,2.0,2.0,0.0,2.0
0.1388349514563107,0.0,1.0,0.0,0.0,2.0,1.0,0.0,0.79
0.3207119741100323,1.0,0.0,0.0,0.0,1.0,3.0,1.0,5.5
0.1912621359223301,0.0,0.0,0.0,1.0,2.0,2.0,0.0,2.4
0.18284789644012947,0.0,0.0,1.0,0.0,2.0,2.0,1.0,0.75
0.05598705501618123,0.0,0.0,1.0,0.0,0.0,0.0,1.0,0.22
0.11143473570658036,1.0,0.0,0.0,0.0,3.0,1.0,0.0,0.85
0.133764832793959,1.0,0.0,0.0,0.0,2.0,1.0,1.0,0.77
0.25922330097087376,0.0,1.0,0.0,0.0,1.0,3.0,1.0,5.29
0.24314994606256743,1.0,0.0,0.0,0.0,1.0,2.0,1.0,3.1
0.19665587918015104,0.0,0.0,0.0,1.0,0.0,2.0,0.0,2.8
0.41952535059331175,0.0,1.0,0.0,0.0,0.0,3.0,1.0,5.5
0.2518878101402373,0.0,1.0,0.0,0.0,1.0,3.0,2.0,4.25
0.133764832793959,1.0,0.0,0.0,0.0,2.0,1.0,1.0,0.77
0.1376483279395901,0.0,1.0,0.0,0.0,0.0,2.0,2.0,0.83
0.16375404530744336,0.0,0.0,0.0,1.0,0.0,2.0,2.0,2.6
0.1912621359223301,0.0,1.0,0.0,0.0,3.0,2.0,1.0,1.26
0.18047464940668825,0.0,0.0,0.0,1.0,0.0,2.0,0.0,2.5
0.12891046386192018,0.0,1.0,0.0,0.0,2.0,1.0,1.0,1.15
0.09902912621359222,0.0,0.0,1.0,0.0,2.0,1.0,1.0,0.38
0.20204962243797195,0.0,1.0,0.0,0.0,1.0,2.0,0.0,2.66
0.12340884573894284,1.0,0.0,0.0,0.0,0.0,2.0,2.0,0.69
0.1272923408845739,1.0,0.0,0.0,0.0,0.0,1.0,0.0,1.34
0.12988133764832796,0.0,0.0,1.0,0.0,2.0,1.0,1.0,0.97
0.1376483279395901,0.0,0.0,1.0,0.0,2.0,2.0,1.0,0.85
0.3941747572815534,0.0,1.0,0.0,0.0,0.0,3.0,1.0,7.04
0.10625674217907227,0.0,0.0,1.0,0.0,2.0,1.0,1.0,0.37
0.15350593311758362,0.0,0.0,1.0,0.0,4.0,2.0,0.0,1.1
0.10064724919093851,0.0,0.0,1.0,0.0,0.0,2.0,0.0,1.17
0.16192017259978425,1.0,0.0,0.0,0.0,3.0,2.0,1.0,1.45
0.06591154261057175,1.0,0.0,0.0,0.0,4.0,0.0,0.0,0.55
0.14314994606256742,1.0,0.0,0.0,0.0,1.0,2.0,1.0,2.35
0.13700107874865158,0.0,0.0,1.0,0.0,1.0,2.0,1.0,1.85
0.2057173678532902,1.0,0.0,0.0,0.0,0.0,3.0,1.0,3.7
0.16839266450916937,1.0,0.0,0.0,0.0,2.0,2.0,1.0,2.68
0.1296655879180151,1.0,0.0,0.0,0.0,1.0,1.0,1.0,1.12
0.13300970873786408,1.0,0.0,0.0,0.0,3.0,1.0,1.0,0.85
0.12017259978425027,0.0,0.0,1.0,0.0,3.0,1.0,1.0,0.85
0.26677454153182306,0.0,1.0,0.0,0.0,0.0,3.0,1.0,2.75
0.629126213592233,1.0,0.0,0.0,0.0,0.0,3.0,1.0,11.0
0.11078748651564185,1.0,0.0,0.0,0.0,2.0,1.0,0.0,1.58
0.21316073354908308,1.0,0.0,0.0,0.0,0.0,3.0,2.0,3.65
0.10819848975188781,0.0,0.0,1.0,0.0,3.0,1.0,1.0,0.55
0.12017259978425027,0.0,1.0,0.0,0.0,4.0,1.0,1.0,0.84
0.12362459546925567,0.0,0.0,0.0,1.0,3.0,1.0,1.0,0.76
0.09417475728155339,0.0,0.0,1.0,0.0,0.0,1.0,0.0,0.62
0.11229773462783171,1.0,0.0,0.0,0.0,1.0,2.0,1.0,1.26
0.15296655879180152,0.0,0.0,0.0,1.0,0.0,1.0,0.0,1.0
0.3047464940668824,0.0,1.0,0.0,0.0,0.0,2.0,1.0,2.86
0.18392664509169365,1.0,0.0,0.0,0.0,0.0,1.0,2.0,1.99
0.13505933117583604,1.0,0.0,0.0,0.0,0.0,2.0,0.0,1.2
0.702049622437972,1.0,0.0,0.0,0.0,0.0,3.0,1.0,7.5
0.08274002157497304,0.0,0.0,0.0,1.0,3.0,1.0,2.0,0.49
0.1678532901833873,1.0,0.0,0.0,0.0,0.0,1.0,2.0,1.65
0.07562028047464942,0.0,0.0,1.0,0.0,0.0,1.0,1.0,0.64
0.12653721682847896,0.0,1.0,0.0,0.0,2.0,2.0,1.0,1.21
0.1644012944983819,0.0,0.0,1.0,0.0,2.0,2.0,1.0,0.51
0.13279395900755125,0.0,1.0,0.0,0.0,2.0,2.0,1.0,1.12
0.3530744336569579,0.0,1.0,0.0,0.0,0.0,3.0,0.0,4.42
0.20852211434735707,1.0,0.0,0.0,0.0,1.0,2.0,1.0,2.4
0.1483279395900755,0.0,0.0,0.0,1.0,3.0,2.0,1.0,1.25
0.16483279395900757,0.0,0.0,1.0,0.0,0.0,2.0,0.0,1.5
0.30614886731391583,0.0,1.0,0.0,0.0,1.0,3.0,2.0,4.1
0.08241639697950379,0.0,0.0,0.0,1.0,1.0,1.0,1.0,0.64
0.18166127292340886,0.0,0.0,1.0,0.0,2.0,2.0,0.0,0.56
0.2925566343042071,0.0,1.0,0.0,0.0,1.0,2.0,0.0,3.5
0.09773462783171522,0.0,1.0,0.0,0.0,0.0,2.0,1.0,0.95
0.15544768069039916,0.0,0.0,1.0,0.0,2.0,2.0,1.0,3.0
0.21477885652642936,1.0,0.0,0.0,0.0,0.0,3.0,2.0,3.25
0.14735706580366775,0.0,1.0,0.0,0.0,2.0,2.0,1.0,1.45
0.11402373247033443,1.0,0.0,0.0,0.0,4.0,1.0,0.0,0.78
0.10841423948220064,1.0,0.0,0.0,0.0,0.0,1.0,0.0,0.65
0.11898597626752966,0.0,0.0,1.0,0.0,0.0,1.0,0.0,0.7
0.11165048543689321,0.0,0.0,1.0,0.0,2.0,2.0,0.0,0.81
0.1377562028047465,0.0,0.0,1.0,0.0,2.0,2.0,1.0,1.8
0.2559870550161812,1.0,0.0,0.0,0.0,2.0,3.0,1.0,2.49
0.08295577130528586,0.0,0.0,1.0,0.0,3.0,0.0,1.0,0.3
0.14379719525350595,0.0,0.0,1.0,0.0,0.0,2.0,1.0,0.85
0.38824163969795034,1.0,0.0,0.0,0.0,4.0,3.0,1.0,3.6
0.16375404530744336,0.0,0.0,1.0,0.0,1.0,2.0,1.0,1.52
0.09741100323624596,0.0,0.0,1.0,0.0,0.0,3.0,0.0,0.5
0.05264293419633226,1.0,0.0,0.0,0.0,0.0,0.0,1.0,0.54
0.2942826321467098,1.0,0.0,0.0,0.0,1.0,3.0,0.0,5.5
0.3203883495145631,0.0,1.0,0.0,0.0,2.0,3.0,0.0,5.5
0.061812297734627826,0.0,1.0,0.0,0.0,2.0,0.0,1.0,0.62
0.06720604099244876,1.0,0.0,0.0,0.0,0.0,0.0,1.0,0.33
0.1505933117583603,0.0,0.0,1.0,0.0,2.0,2.0,0.0,1.4
0.11380798274002157,0.0,0.0,0.0,1.0,2.0,2.0,2.0,0.65
0.11294498381877022,0.0,1.0,0.0,0.0,0.0,1.0,1.0,1.17
0.20215749730312838,0.0,1.0,0.0,0.0,1.0,2.0,1.0,2.0
0.38543689320388347,1.0,0.0,0.0,0.0,0.0,3.0,0.0,5.6
0.12934196332254586,1.0,0.0,0.0,0.0,1.0,1.0,1.0,1.43
0.23818770226537217,1.0,0.0,0.0,0.0,1.0,3.0,1.0,3.5
0.10431499460625673,0.0,1.0,0.0,0.0,0.0,1.0,1.0,0.96
0.09514563106796117,1.0,0.0,0.0,0.0,0.0,2.0,1.0,1.09
0.19072276159654802,0.0,1.0,0.0,0.0,2.0,2.0,2.0,3.25
0.13700107874865158,1.0,0.0,0.0,0.0,1.0,2.0,0.0,2.1
0.11186623516720604,1.0,0.0,0.0,0.0,2.0,1.0,1.0,0.74
0.1597626752966559,0.0,0.0,1.0,0.0,0.0,2.0,0.0,2.1
0.12912621359223303,0.0,1.0,0.0,0.0,1.0,1.0,1.0,0.76
0.11305285868392664,0.0,0.0,1.0,0.0,5.0,1.0,1.0,0.6
0.10496224379719526,0.0,1.0,0.0,0.0,2.0,1.0,1.0,1.16
0.22772384034519957,0.0,1.0,0.0,0.0,2.0,2.0,1.0,1.5
0.31618122977346275,0.0,1.0,0.0,0.0,1.0,2.0,1.0,4.49
0.07119741100323626,0.0,0.0,1.0,0.0,0.0,0.0,1.0,0.36
0.11574973031283711,0.0,1.0,0.0,0.0,1.0,1.0,1.0,1.19
0.15609492988133766,0.0,0.0,1.0,0.0,2.0,2.0,0.0,1.63
0.09320388349514563,0.0,0.0,1.0,0.0,2.0,1.0,1.0,0.33
0.27432578209277236,1.0,0.0,0.0,0.0,0.0,3.0,1.0,3.6
0.13149946062567422,0.0,1.0,0.0,0.0,2.0,1.0,1.0,1.45
0.12653721682847896,0.0,1.0,0.0,0.0,1.0,1.0,1.0,0.92
0.1906148867313916,0.0,0.0,1.0,0.0,3.0,2.0,1.0,1.35
0.227831715210356,1.0,0.0,0.0,0.0,3.0,2.0,1.0,2.9
0.17011866235167206,0.0,0.0,0.0,1.0,2.0,2.0,2.0,0.83
0.11272923408845739,0.0,0.0,0.0,1.0,2.0,1.0,1.0,1.45
0.14498381877022654,1.0,0.0,0.0,0.0,0.0,2.0,1.0,1.2
0.15091693635382958,0.0,0.0,0.0,1.0,0.0,2.0,0.0,1.22
0.2613807982740021,1.0,0.0,0.0,0.0,0.0,3.0,1.0,3.89
0.0697950377562028,0.0,0.0,0.0,1.0,2.0,1.0,1.0,0.45
0.20204962243797195,0.0,1.0,0.0,0.0,2.0,2.0,1.0,2.5
0.12017259978425027,0.0,0.0,1.0,0.0,2.0,1.0,1.0,1.67
0.12017259978425027,0.0,0.0,1.0,0.0,2.0,2.0,0.0,0.53
0.15134843581445523,0.0,0.0,0.0,1.0,0.0,2.0,0.0,0.84
0.14368932038834953,0.0,0.0,1.0,0.0,2.0,2.0,1.0,0.56
0.3157497303128371,0.0,1.0,0.0,0.0,2.0,3.0,1.0,5.5
0.2335490830636462,1.0,0.0,0.0,0.0,0.0,3.0,0.0,4.34
0.16375404530744336,1.0,0.0,0.0,0.0,0.0,1.0,1.0,1.1
0.15145631067961166,0.0,0.0,1.0,0.0,2.0,1.0,0.0,1.43
0.1865156418554477,1.0,0.0,0.0,0.0,0.0,2.0,1.0,0.86
0.1853290183387271,1.0,0.0,0.0,0.0,2.0,2.0,0.0,4.4
0.16990291262135923,0.0,1.0,0.0,0.0,2.0,2.0,1.0,1.98
0.23441208198489752,0.0,1.0,0.0,0.0,0.0,3.0,1.0,4.08
0.09417475728155339,0.0,0.0,1.0,0.0,0.0,1.0,0.0,0.63
0.19730312837108954,0.0,1.0,0.0,0.0,2.0,2.0,1.0,1.6
0.08241639697950379,0.0,1.0,0.0,0.0,1.0,0.0,1.0,0.5
0.12017259978425027,1.0,0.0,0.0,0.0,3.0,1.0,1.0,1.0
0.0843581445523193,0.0,0.0,1.0,0.0,2.0,1.0,1.0,0.51
0.1464940668824164,1.0,0.0,0.0,0.0,2.0,2.0,1.0,0.85
0.1878101402373247,1.0,0.0,0.0,0.0,0.0,2.0,1.0,4.25
0.0668824163969795,0.0,0.0,1.0,0.0,2.0,1.0,0.0,0.35
0.11402373247033443,1.0,0.0,0.0,0.0,1.0,1.0,0.0,1.58
0.06548004314994607,0.0,0.0,1.0,0.0,0.0,1.0,0.0,0.5
0.0778856526429342,0.0,0.0,1.0,0.0,0.0,0.0,0.0,0.31
0.12049622437971952,0.0,1.0,0.0,0.0,4.0,1.0,1.0,1.3
0.23441208198489752,0.0,0.0,0.0,1.0,0.0,2.0,0.0,1.4
0.1470334412081985,1.0,0.0,0.0,0.0,0.0,2.0,1.0,1.43
0.1336569579288026,0.0,0.0,0.0,1.0,0.0,1.0,0.0,0.89
0.15469255663430423,0.0,0.0,1.0,0.0,3.0,2.0,1.0,0.76
0.12135922330097088,0.0,0.0,0.0,1.0,3.0,1.0,0.0,0.72
0.14778856526429343,0.0,1.0,0.0,0.0,2.0,2.0,1.0,0.85
0.1919093851132686,0.0,1.0,0.0,0.0,0.0,2.0,1.0,1.6
0.11790722761596548,1.0,0.0,0.0,0.0,2.0,1.0,1.0,0.69
0.08748651564185544,0.0,1.0,0.0,0.0,2.0,1.0,1.0,0.55
0.18878101402373249,0.0,0.0,0.0,1.0,0.0,2.0,0.0,0.92
0.0744336569579288,0.0,0.0,1.0,0.0,2.0,1.0,1.0,0.6
0.12470334412081985,1.0,0.0,0.0,0.0,1.0,2.0,1.0,1.7
0.1638619201725998,0.0,1.0,0.0,0.0,4.0,2.0,0.0,1.25
0.21434735706580368,0.0,1.0,0.0,0.0,1.0,2.0,1.0,1.68
0.1058252427184466,0.0,0.0,1.0,0.0,0.0,3.0,1.0,1.71
0.08576051779935276,1.0,0.0,0.0,0.0,0.0,0.0,0.0,0.43
0.06699029126213593,0.0,0.0,1.0,0.0,2.0,0.0,1.0,0.22
0.1303128371089536,0.0,1.0,0.0,0.0,3.0,2.0,1.0,1.05
0.5482200647249191,1.0,0.0,0.0,0.0,2.0,3.0,1.0,4.5
0.1423948220064725,1.0,0.0,0.0,0.0,0.0,2.0,1.0,0.95
0.1499460625674218,0.0,0.0,1.0,0.0,2.0,2.0,0.0,1.33
0.16148867313915857,0.0,0.0,1.0,0.0,2.0,2.0,1.0,0.61
0.11186623516720604,0.0,0.0,1.0,0.0,2.0,1.0,0.0,0.7
0.14843581445523193,0.0,1.0,0.0,0.0,2.0,2.0,0.0,1.4
0.268824163969795,0.0,0.0,1.0,0.0,2.0,2.0,0.0,1.65
0.15728155339805827,1.0,0.0,0.0,0.0,2.0,2.0,0.0,0.8
0.18845738942826323,0.0,1.0,0.0,0.0,2.0,2.0,0.0,1.95
0.05102481121898598,0.0,1.0,0.0,0.0,0.0,0.0,1.0,0.64
0.08295577130528586,0.0,0.0,1.0,0.0,4.0,2.0,0.0,0.35
0.16601941747572815,0.0,1.0,0.0,0.0,3.0,2.0,2.0,1.3
0.10053937432578208,1.0,0.0,0.0,0.0,0.0,1.0,1.0,1.5
0.29633225458468176,0.0,0.0,0.0,1.0,0.0,2.0,1.0,4.25
0.19773462783171522,0.0,1.0,0.0,0.0,3.0,2.0,2.0,1.55
0.1180151024811219,1.0,0.0,0.0,0.0,2.0,1.0,0.0,0.69
0.13171521035598707,0.0,0.0,0.0,1.0,4.0,2.0,1.0,0.8
0.12017259978425027,0.0,0.0,1.0,0.0,2.0,1.0,1.0,0.63
0.11143473570658036,0.0,0.0,0.0,1.0,2.0,1.0,1.0,0.54
0.10819848975188781,0.0,1.0,0.0,0.0,2.0,1.0,1.0,1.0
0.11574973031283711,0.0,1.0,0.0,0.0,0.0,1.0,0.0,0.98
0.5610571736785329,1.0,0.0,0.0,0.0,2.0,3.0,1.0,5.6
0.15965480043149946,0.0,1.0,0.0,0.0,2.0,2.0,2.0,2.5
0.11348435814455232,1.0,0.0,0.0,0.0,2.0,1.0,0.0,0.68
0.16699029126213594,1.0,0.0,0.0,0.0,0.0,2.0,0.0,2.73
0.20733549083063646,0.0,0.0,1.0,0.0,2.0,2.0,0.0,2.5
0.10086299892125136,0.0,1.0,0.0,0.0,1.0,1.0,1.0,0.9
0.14368932038834953,1.0,0.0,0.0,0.0,2.0,2.0,0.0,0.85
0.2733549083063646,0.0,1.0,0.0,0.0,0.0,2.0,0.0,3.9
0.8600862998921252,1.0,0.0,0.0,0.0,1.0,3.0,1.0,10.5
0.1111111111111111,0.0,0.0,1.0,0.0,3.0,2.0,1.0,0.86
0.09115426105717367,0.0,0.0,1.0,0.0,2.0,1.0,0.0,0.62
0.18932038834951456,1.0,0.0,0.0,0.0,2.0,3.0,2.0,2.3
0.11003236245954692,1.0,0.0,0.0,0.0,2.0,1.0,0.0,0.7
0.2559870550161812,0.0,1.0,0.0,0.0,1.0,3.0,0.0,2.16
0.11218985976267529,0.0,0.0,1.0,0.0,2.0,1.0,1.0,0.3
0.1174757281553398,1.0,0.0,0.0,0.0,4.0,1.0,0.0,2.0
0.16601941747572815,0.0,1.0,0.0,0.0,2.0,2.0,2.0,1.9
0.1924487594390507,0.0,0.0,1.0,0.0,2.0,2.0,0.0,1.24
0.14368932038834953,1.0,0.0,0.0,0.0,2.0,2.0,0.0,0.85
0.22362459546925567,0.0,0.0,0.0,1.0,3.0,2.0,2.0,6.6
0.06396979503775621,0.0,1.0,0.0,0.0,0.0,0.0,1.0,0.65
0.13937432578209277,0.0,1.0,0.0,0.0,1.0,1.0,0.0,0.99
0.1376483279395901,0.0,0.0,1.0,0.0,2.0,2.0,0.0,0.68
0.05771305285868393,0.0,0.0,0.0,1.0,5.0,0.0,1.0,0.3
0.1486515641855448,0.0,0.0,0.0,1.0,0.0,1.0,0.0,1.58
0.26612729234088456,0.0,1.0,0.0,0.0,0.0,3.0,2.0,3.52
0.13505933117583604,0.0,0.0,1.0,0.0,2.0,2.0,0.0,0.67
0.32362459546925565,1.0,0.0,0.0,0.0,3.0,3.0,0.0,9.0
0.1209277238403452,0.0,0.0,1.0,0.0,4.0,1.0,1.0,0.55
0.14347357065803668,0.0,0.0,1.0,0.0,2.0,2.0,1.0,2.05
0.10614886731391585,0.0,0.0,1.0,0.0,0.0,2.0,0.0,1.3
0.17411003236245956,0.0,0.0,1.0,0.0,2.0,2.0,0.0,2.7
0.16192017259978425,0.0,0.0,1.0,0.0,0.0,2.0,0.0,1.3
0.13807982740021577,0.0,0.0,0.0,1.0,3.0,2.0,0.0,1.1
0.2149946062567422,0.0,1.0,0.0,0.0,1.0,3.0,0.0,2.5
0.11175836030204964,0.0,0.0,0.0,1.0,1.0,1.0,0.0,0.9
0.26677454153182306,0.0,0.0,0.0,1.0,2.0,3.0,2.0,7.0
0.22891046386192018,0.0,0.0,1.0,0.0,0.0,2.0,1.0,3.5
0.13387270765911544,1.0,0.0,0.0,0.0,2.0,1.0,0.0,0.77
0.22233009708737866,0.0,0.0,1.0,0.0,1.0,2.0,2.0,3.6
0.18478964401294498,0.0,0.0,0.0,1.0,2.0,1.0,0.0,4.0
0.1360302049622438,1.0,0.0,0.0,0.0,2.0,1.0,0.0,0.9
0.11380798274002157,0.0,0.0,0.0,1.0,3.0,2.0,1.0,0.75
0.13807982740021577,0.0,0.0,1.0,0.0,2.0,1.0,0.0,0.62
0.14714131607335493,0.0,1.0,0.0,0.0,0.0,2.0,0.0,1.75
0.11823085221143473,1.0,0.0,0.0,0.0,2.0,1.0,2.0,0.69
0.13149946062567422,1.0,0.0,0.0,0.0,1.0,2.0,2.0,1.85
0.19072276159654802,0.0,1.0,0.0,0.0,0.0,2.0,2.0,1.58
0.10550161812297734,0.0,1.0,0.0,0.0,3.0,1.0,1.0,1.0
0.1504854368932039,0.0,0.0,1.0,0.0,1.0,2.0,1.0,1.41
0.06720604099244876,0.0,0.0,1.0,0.0,2.0,0.0,1.0,0.62
0.4042071197411003,1.0,0.0,0.0,0.0,2.0,3.0,1.0,5.1
0.11067961165048543,0.0,0.0,0.0,1.0,4.0,1.0,0.0,0.47
0.1598705501618123,0.0,1.0,0.0,0.0,3.0,2.0,1.0,1.03
0.13581445523193098,0.0,1.0,0.0,0.0,0.0,2.0,1.0,1.3
0.27324703344120815,1.0,0.0,0.0,0.0,0.0,2.0,1.0,1.68
0.3207119741100323,1.0,0.0,0.0,0.0,0.0,3.0,2.0,4.5
0.14207119741100324,0.0,1.0,0.0,0.0,0.0,2.0,2.0,1.8
0.19600862998921253,0.0,1.0,0.0,0.0,1.0,2.0,1.0,3.7
0.13214670981661275,0.0,1.0,0.0,0.0,0.0,2.0,1.0,1.38
0.6335490830636462,1.0,0.0,0.0,0.0,0.0,3.0,1.0,5.85
0.2250269687162891,0.0,1.0,0.0,0.0,0.0,3.0,1.0,4.05
0.17702265372168285,0.0,1.0,0.0,0.0,2.0,2.0,1.0,2.5
0.17702265372168285,0.0,1.0,0.0,0.0,2.0,2.0,1.0,2.6
0.11574973031283711,0.0,1.0,0.0,0.0,1.0,2.0,1.0,0.84
0.10949298813376485,0.0,0.0,1.0,0.0,1.0,3.0,0.0,0.42
0.18317152103559872,0.0,1.0,0.0,0.0,3.0,2.0,2.0,2.4
0.15857605177993528,1.0,0.0,0.0,0.0,3.0,1.0,1.0,1.0
0.15070118662351673,0.0,1.0,0.0,0.0,2.0,2.0,1.0,2.5
0.12319309600862999,0.0,0.0,1.0,0.0,2.0,2.0,1.0,1.75
0.13344120819848976,1.0,0.0,0.0,0.0,0.0,1.0,1.0,2.81
0.44476806903991367,0.0,1.0,0.0,0.0,0.0,3.0,2.0,6.0
0.12977346278317153,0.0,1.0,0.0,0.0,0.0,2.0,1.0,1.98
0.1174757281553398,0.0,0.0,1.0,0.0,3.0,1.0,1.0,0.45
0.20204962243797195,0.0,1.0,0.0,0.0,0.0,2.0,1.0,2.73
0.10280474649406687,0.0,1.0,0.0,0.0,2.0,1.0,2.0,1.2
0.15512405609492988,1.0,0.0,0.0,0.0,0.0,2.0,1.0,1.63
0.3422869471413161,1.0,0.0,0.0,0.0,0.0,3.0,1.0,4.3
0.1533980582524272,1.0,0.0,0.0,0.0,2.0,2.0,0.0,0.9
0.15426105717367855,0.0,1.0,0.0,0.0,0.0,2.0,1.0,1.48
0.3207119741100323,0.0,0.0,0.0,1.0,1.0,3.0,2.0,4.27
0.05329018338727077,0.0,1.0,0.0,0.0,0.0,0.0,0.0,0.5
0.13872707659115427,0.0,0.0,0.0,1.0,2.0,1.0,1.0,0.66
0.10194174757281554,0.0,1.0,0.0,0.0,2.0,1.0,0.0,0.9
0.11823085221143473,1.0,0.0,0.0,0.0,2.0,1.0,2.0,0.69
0.11423948220064725,0.0,1.0,0.0,0.0,3.0,1.0,0.0,0.9
0.11521035598705501,1.0,0.0,0.0,0.0,2.0,1.0,1.0,0.91
0.15836030204962245,1.0,0.0,0.0,0.0,0.0,2.0,1.0,1.95
0.15889967637540453,0.0,0.0,1.0,0.0,0.0,2.0,0.0,0.8
0.1599784250269687,0.0,1.0,0.0,0.0,0.0,2.0,1.0,2.9
0.12988133764832796,0.0,0.0,1.0,0.0,3.0,2.0,1.0,0.75
0.1319309600862999,0.0,0.0,0.0,1.0,2.0,2.0,1.0,1.8
0.127831715210356,0.0,1.0,0.0,0.0,2.0,2.0,2.0,1.8
0.11218985976267529,0.0,0.0,1.0,0.0,0.0,1.0,1.0,1.07
0.2209277238403452,1.0,0.0,0.0,0.0,1.0,3.0,1.0,3.2
0.4388349514563107,1.0,0.0,0.0,0.0,0.0,3.0,2.0,5.0
0.15242718446601944,1.0,0.0,0.0,0.0,1.0,2.0,1.0,2.5
0.4792880258899676,0.0,0.0,0.0,1.0,0.0,3.0,2.0,8.27
0.1243797195253506,0.0,1.0,0.0,0.0,3.0,1.0,1.0,0.82
0.06699029126213593,1.0,0.0,0.0,0.0,0.0,0.0,1.0,0.65
0.11186623516720604,0.0,0.0,1.0,0.0,2.0,1.0,1.0,0.68
0.38543689320388347,0.0,1.0,0.0,0.0,0.0,3.0,1.0,7.5
0.1912621359223301,0.0,1.0,0.0,0.0,2.0,2.0,1.0,2.11
0.11909385113268608,0.0,1.0,0.0,0.0,3.0,1.0,0.0,1.15
0.4285868392664509,0.0,0.0,1.0,0.0,0.0,2.0,0.0,1.6
0.10517799352750809,0.0,0.0,0.0,1.0,0.0,1.0,1.0,0.49
0.1627831715210356,0.0,1.0,0.0,0.0,3.0,2.0,1.0,1.9
0.15889967637540453,0.0,0.0,0.0,1.0,0.0,1.0,1.0,1.05
0.10194174757281554,0.0,1.0,0.0,0.0,1.0,2.0,2.0,0.8
0.17508090614886732,0.0,1.0,0.0,0.0,2.0,2.0,1.0,1.35
0.3815533980582524,1.0,0.0,0.0,0.0,2.0,3.0,2.0,5.5
0.09417475728155339,0.0,0.0,1.0,0.0,2.0,1.0,1.0,0.7
0.348975188781014,1.0,0.0,0.0,0.0,2.0,3.0,2.0,3.2
0.11974110032362459,0.0,1.0,0.0,0.0,3.0,1.0,1.0,0.75
0.11175836030204964,0.0,1.0,0.0,0.0,1.0,1.0,1.0,0.95
0.14811218985976268,0.0,1.0,0.0,0.0,2.0,1.0,2.0,1.35
0.1528586839266451,1.0,0.0,0.0,0.0,4.0,2.0,0.0,2.05
0.17249190938511327,0.0,1.0,0.0,0.0,4.0,2.0,0.0,1.55
0.1533980582524272,1.0,0.0,0.0,0.0,1.0,2.0,1.0,2.25
0.09956850053937433,0.0,1.0,0.0,0.0,0.0,1.0,1.0,0.78
0.07400215749730313,0.0,1.0,0.0,0.0,1.0,0.0,1.0,0.45
0.11272923408845739,1.0,0.0,0.0,0.0,0.0,1.0,1.0,1.01
0.16299892125134843,1.0,0.0,0.0,0.0,2.0,2.0,1.0,1.42
0.1725997842502697,1.0,0.0,0.0,0.0,0.0,2.0,2.0,2.9
0.07022653721682848,1.0,0.0,0.0,0.0,2.0,1.0,1.0,0.42
0.26612729234088456,1.0,0.0,0.0,0.0,3.0,3.0,2.0,3.85
0.15501618122977348,1.0,0.0,0.0,0.0,1.0,2.0,2.0,2.01
0.11650485436893204,0.0,1.0,0.0,0.0,2.0,1.0,1.0,1.3
0.1855447680690399,0.0,0.0,0.0,1.0,0.0,2.0,1.0,1.22
0.3897518878101402,1.0,0.0,0.0,0.0,1.0,3.0,1.0,6.5
0.13937432578209277,0.0,1.0,0.0,0.0,2.0,2.0,1.0,1.1
0.05879180151024811,0.0,0.0,1.0,0.0,1.0,0.0,0.0,0.58
0.09320388349514563,0.0,1.0,0.0,0.0,2.0,0.0,1.0,0.55
0.2559870550161812,0.0,1.0,0.0,0.0,0.0,3.0,0.0,2.45
0.17982740021574975,0.0,0.0,1.0,0.0,2.0,2.0,1.0,1.22
0.2830636461704423,1.0,0.0,0.0,0.0,2.0,3.0,1.0,3.3
0.038295577130528585,0.0,0.0,1.0,0.0,2.0,0.0,0.0,0.32
0.15566343042071198,0.0,0.0,0.0,1.0,5.0,2.0,1.0,1.45
0.13387270765911544,0.0,1.0,0.0,0.0,2.0,2.0,1.0,1.72
0.13333333333333333,1.0,0.0,0.0,0.0,2.0,2.0,1.0,1.2
0.06709816612729233,0.0,1.0,0.0,0.0,0.0,0.0,1.0,0.34
0.11574973031283711,0.0,1.0,0.0,0.0,0.0,1.0,1.0,1.15
0.1533980582524272,1.0,0.0,0.0,0.0,2.0,2.0,0.0,0.9
0.06321467098166128,0.0,1.0,0.0,0.0,0.0,0.0,0.0,0.6
0.13549083063646172,0.0,0.0,1.0,0.0,0.0,2.0,1.0,1.39
0.498705501618123,0.0,1.0,0.0,0.0,0.0,3.0,2.0,12.0
0.2394822006472492,0.0,1.0,0.0,0.0,0.0,3.0,1.0,4.05
0.21283710895361382,0.0,0.0,1.0,0.0,1.0,2.0,1.0,1.55
0.12308522114347359,1.0,0.0,0.0,0.0,0.0,2.0,1.0,2.1
0.7385113268608414,1.0,0.0,0.0,0.0,3.0,3.0,1.0,10.5
0.11941747572815534,0.0,1.0,0.0,0.0,2.0,1.0,0.0,1.35
0.12524271844660195,0.0,1.0,0.0,0.0,3.0,1.0,0.0,2.2
0.0737864077669903,0.0,1.0,0.0,0.0,2.0,0.0,1.0,0.68
0.18284789644012947,1.0,0.0,0.0,0.0,2.0,2.0,1.0,0.8
0.38306364617044225,0.0,0.0,0.0,1.0,0.0,3.0,2.0,7.0
0.09687162891046386,0.0,0.0,1.0,0.0,2.0,1.0,0.0,0.37
0.11628910463861919,0.0,1.0,0.0,0.0,2.0,1.0,1.0,0.95
0.06375404530744336,1.0,0.0,0.0,0.0,0.0,0.0,1.0,0.58
0.1366774541531823,0.0,1.0,0.0,0.0,0.0,2.0,1.0,1.36
0.1644012944983819,0.0,0.0,1.0,0.0,0.0,2.0,1.0,0.55
0.11877022653721683,1.0,0.0,0.0,0.0,3.0,2.0,1.0,1.2
0.17648327939590078,0.0,0.0,1.0,0.0,1.0,2.0,1.0,2.66
0.19730312837108954,1.0,0.0,0.0,0.0,0.0,2.0,1.0,3.2
0.7916936353829558,0.0,1.0,0.0,0.0,2.0,3.0,1.0,7.99
0.10107874865156419,0.0,0.0,0.0,1.0,3.0,2.0,1.0,0.65
0.1173678532901834,0.0,1.0,0.0,0.0,2.0,2.0,1.0,0.8
0.1296655879180151,0.0,1.0,0.0,0.0,1.0,2.0,0.0,1.2
0.11779935275080905,0.0,1.0,0.0,0.0,0.0,1.0,1.0,1.25
0.20733549083063646,0.0,0.0,0.0,1.0,4.0,2.0,0.0,3.5
0.19169363538295578,0.0,1.0,0.0,0.0,2.0,1.0,1.0,4.0
0.2646170442286947,0.0,1.0,0.0,0.0,1.0,2.0,1.0,2.96
0.11779935275080905,1.0,0.0,0.0,0.0,2.0,1.0,0.0,0.69
0.4687162891046386,1.0,0.0,0.0,0.0,3.0,3.0,1.0,4.8
0.11251348435814457,0.0,0.0,1.0,0.0,3.0,1.0,0.0,0.65
0.28824163969795036,0.0,0.0,1.0,0.0,2.0,2.0,2.0,3.2
0.15706580366774542,0.0,0.0,1.0,0.0,2.0,2.0,0.0,2.4
0.06828478964401294,0.0,0.0,1.0,0.0,3.0,0.0,1.0,0.15
0.2331175836030205,1.0,0.0,0.0,0.0,0.0,3.0,1.0,4.1
0.13937432578209277,1.0,0.0,0.0,0.0,0.0,2.0,1.0,1.3
0.16677454153182308,0.0,1.0,0.0,0.0,1.0,3.0,2.0,2.5
0.3058252427184466,0.0,1.0,0.0,0.0,1.0,2.0,2.0,2.8
0.17152103559870552,0.0,0.0,0.0,1.0,2.0,2.0,0.0,1.22
0.15706580366774542,0.0,1.0,0.0,0.0,0.0,2.0,0.0,1.2
0.6335490830636462,1.0,0.0,0.0,0.0,0.0,3.0,1.0,4.6
0.3815533980582524,0.0,0.0,0.0,1.0,0.0,3.0,2.0,7.0
0.17853290183387271,0.0,0.0,1.0,0.0,1.0,2.0,1.0,2.03
0.11402373247033443,0.0,1.0,0.0,0.0,1.0,1.0,1.0,1.35
0.19827400215749733,1.0,0.0,0.0,0.0,1.0,2.0,0.0,2.1
0.14368932038834953,1.0,0.0,0.0,0.0,0.0,1.0,2.0,0.84
0.22923408845738943,1.0,0.0,0.0,0.0,1.0,3.0,1.0,3.6
0.8277238403451995,0.0,1.0,0.0,0.0,0.0,3.0,0.0,12.69
0.2614886731391586,1.0,0.0,0.0,0.0,1.0,3.0,1.0,3.75
0.0564185544768069,0.0,1.0,0.0,0.0,0.0,0.0,0.0,0.55
0.24444444444444446,1.0,0.0,0.0,0.0,2.0,3.0,1.0,3.0
0.12427184466019417,1.0,0.0,0.0,0.0,2.0,1.0,0.0,0.74
0.06116504854368932,0.0,0.0,0.0,1.0,5.0,0.0,0.0,0.2
0.5593311758360302,1.0,0.0,0.0,0.0,1.0,3.0,1.0,9.0
0.16116504854368932,0.0,0.0,1.0,0.0,2.0,2.0,1.0,0.74
0.12988133764832796,1.0,0.0,0.0,0.0,1.0,2.0,0.0,1.85
0.39622437971952534,0.0,1.0,0.0,0.0,0.0,3.0,0.0,8.0
0.20668824163969796,1.0,0.0,0.0,0.0,1.0,3.0,2.0,3.0
0.09417475728155339,0.0,0.0,1.0,0.0,0.0,1.0,1.0,0.63
0.3207119741100323,1.0,0.0,0.0,0.0,1.0,3.0,0.0,4.4
0.38867313915857604,1.0,0.0,0.0,0.0,3.0,3.0,1.0,4.3
0.1969795037756203,1.0,0.0,0.0,0.0,1.0,3.0,1.0,2.5
0.09902912621359222,0.0,0.0,1.0,0.0,2.0,1.0,2.0,0.78
0.15609492988133766,0.0,0.0,1.0,0.0,0.0,2.0,0.0,2.13
0.09137001078748652,0.0,0.0,1.0,0.0,1.0,3.0,0.0,0.43
0.10409924487594391,0.0,0.0,1.0,0.0,1.0,1.0,1.0,1.05
0.0988133764832794,0.0,0.0,1.0,0.0,2.0,1.0,1.0,1.14
0.12362459546925567,0.0,0.0,1.0,0.0,2.0,1.0,1.0,0.98
0.1133764832793959,1.0,0.0,0.0,0.0,3.0,1.0,1.0,1.35
0.09848975188781015,1.0,0.0,0.0,0.0,2.0,1.0,0.0,0.6
0.10819848975188781,0.0,0.0,0.0,1.0,2.0,1.0,1.0,0.75
0.16008629989212514,1.0,0.0,0.0,0.0,2.0,2.0,1.0,1.18
0.12545846817691478,0.0,1.0,0.0,0.0,1.0,1.0,1.0,0.91
0.13042071197411004,1.0,0.0,0.0,0.0,3.0,2.0,1.0,0.95
0.08673139158576051,0.0,0.0,1.0,0.0,2.0,1.0,1.0,0.4
0.13559870550161812,0.0,0.0,1.0,0.0,2.0,2.0,1.0,0.79
0.11348435814455232,0.0,1.0,0.0,0.0,2.0,1.0,0.0,0.55
0.170873786407767,0.0,1.0,0.0,0.0,1.0,2.0,2.0,0.71
0.13117583603020497,1.0,0.0,0.0,0.0,0.0,1.0,1.0,1.31
0.14401294498381878,1.0,0.0,0.0,0.0,2.0,1.0,1.0,1.4
0.05501618122977346,1.0,0.0,0.0,0.0,0.0,0.0,1.0,0.7
0.09417475728155339,0.0,0.0,1.0,0.0,2.0,1.0,1.0,0.6
0.1319309600862999,1.0,0.0,0.0,0.0,0.0,1.0,1.0,1.9
0.05070118662351672,1.0,0.0,0.0,0.0,2.0,0.0,1.0,0.65
0.1180151024811219,1.0,0.0,0.0,0.0,0.0,2.0,1.0,0.84
0.14811218985976268,0.0,1.0,0.0,0.0,2.0,1.0,1.0,1.7
0.1104638619201726,0.0,0.0,1.0,0.0,4.0,1.0,1.0,0.6
0.14509169363538296,1.0,0.0,0.0,0.0,0.0,2.0,0.0,0.85
0.16429341963322547,0.0,1.0,0.0,0.0,3.0,1.0,1.0,1.75
0.12265372168284791,1.0,0.0,0.0,0.0,2.0,1.0,0.0,0.91
0.15728155339805827,0.0,0.0,1.0,0.0,0.0,2.0,0.0,0.69
0.14541531823085221,1.0,0.0,0.0,0.0,0.0,2.0,1.0,0.75
0.15782092772384035,0.0,1.0,0.0,0.0,0.0,2.0,1.0,0.45
0.4663430420711974,0.0,1.0,0.0,0.0,0.0,3.0,1.0,9.5
0.11930960086299891,0.0,1.0,0.0,0.0,0.0,1.0,1.0,1.65
0.18058252427184468,0.0,1.0,0.0,0.0,0.0,2.0,1.0,3.0
0.1539374325782093,0.0,1.0,0.0,0.0,2.0,2.0,2.0,1.55
0.1133764832793959,0.0,1.0,0.0,0.0,4.0,1.0,2.0,1.06
0.37249190938511323,1.0,0.0,0.0,0.0,2.0,3.0,1.0,3.46
0.2559870550161812,0.0,0.0,0.0,1.0,1.0,2.0,0.0,3.19
0.12891046386192018,0.0,1.0,0.0,0.0,0.0,1.0,0.0,1.04
0.18737864077669905,0.0,1.0,0.0,0.0,2.0,1.0,1.0,1.6
0.06170442286947141,0.0,0.0,0.0,1.0,1.0,0.0,0.0,0.47
0.10927723840345199,1.0,0.0,0.0,0.0,0.0,2.0,1.0,1.3
0.16709816612729236,0.0,1.0,0.0,0.0,0.0,2.0,2.0,1.49
0.2237324703344121,0.0,1.0,0.0,0.0,0.0,3.0,0.0,3.1
0.15188781014023733,0.0,0.0,0.0,1.0,0.0,2.0,2.0,2.1
0.13279395900755125,0.0,1.0,0.0,0.0,0.0,1.0,0.0,1.3
0.5738942826321467,1.0,0.0,0.0,0.0,2.0,3.0,2.0,5.3
0.16774541531823087,0.0,1.0,0.0,0.0,0.0,2.0,1.0,2.4
0.3228694714131607,1.0,0.0,0.0,0.0,0.0,3.0,1.0,5.2
0.10938511326860842,0.0,1.0,0.0,0.0,0.0,1.0,1.0,1.25
0.41779935275080904,0.0,0.0,0.0,1.0,0.0,2.0,0.0,2.25
0.09902912621359222,0.0,1.0,0.0,0.0,1.0,1.0,0.0,0.8
0.07195253505933116,0.0,0.0,1.0,0.0,0.0,0.0,0.0,0.57
0.1483279395900755,0.0,0.0,1.0,0.0,0.0,2.0,1.0,1.56
0.12103559870550162,1.0,0.0,0.0,0.0,1.0,2.0,0.0,1.77
0.09697950377562028,0.0,0.0,1.0,0.0,2.0,1.0,1.0,0.37
0.1168284789644013,0.0,1.0,0.0,0.0,2.0,0.0,1.0,0.92
0.12297734627831716,1.0,0.0,0.0,0.0,0.0,2.0,2.0,1.8
0.10194174757281554,0.0,0.0,0.0,1.0,1.0,1.0,1.0,0.75
0.11812297734627833,1.0,0.0,0.0,0.0,2.0,1.0,1.0,0.69
0.039805825242718446,1.0,0.0,0.0,0.0,0.0,0.0,1.0,0.5
0.2830636461704423,1.0,0.0,0.0,0.0,1.0,3.0,1.0,3.83
0.20852211434735707,0.0,1.0,0.0,0.0,1.0,2.0,1.0,3.25
0.17648327939590078,0.0,1.0,0.0,0.0,3.0,3.0,0.0,0.92
0.10496224379719526,0.0,0.0,1.0,0.0,5.0,1.0,1.0,0.58
0.10388349514563108,1.0,0.0,0.0,0.0,1.0,1.0,1.0,0.41
0.13354908306364618,1.0,0.0,0.0,0.0,0.0,2.0,1.0,2.5
0.3228694714131607,1.0,0.0,0.0,0.0,3.0,3.0,1.0,3.48
0.09417475728155339,0.0,0.0,0.0,1.0,1.0,1.0,1.0,0.64
0.17216828478964402,0.0,0.0,0.0,1.0,1.0,2.0,2.0,1.95
0.36267529665587916,1.0,0.0,0.0,0.0,0.0,3.0,1.0,3.5
0.08263214670981661,0.0,0.0,1.0,0.0,4.0,1.0,1.0,0.54
0.15199568500539376,0.0,1.0,0.0,0.0,1.0,2.0,1.0,2.1
0.1401294498381877,0.0,0.0,1.0,0.0,2.0,2.0,1.0,1.0
0.1696871628910464,0.0,1.0,0.0,0.0,2.0,2.0,1.0,1.75
0.1111111111111111,0.0,0.0,0.0,1.0,2.0,1.0,0.0,1.25
0.10043149946062568,0.0,1.0,0.0,0.0,0.0,1.0,1.0,1.26
0.22006472491909387,1.0,0.0,0.0,0.0,0.0,2.0,0.0,4.54
0.24476806903991372,1.0,0.0,0.0,0.0,0.0,3.0,1.0,3.4
0.12362459546925567,0.0,0.0,1.0,0.0,0.0,2.0,1.0,0.8
0.1912621359223301,0.0,0.0,1.0,0.0,3.0,2.0,1.0,1.19
0.1552319309600863,0.0,0.0,1.0,0.0,3.0,2.0,1.0,1.6
0.1423948220064725,0.0,0.0,1.0,0.0,4.0,1.0,1.0,0.6
0.11812297734627833,1.0,0.0,0.0,0.0,0.0,1.0,1.0,0.69
0.29762675296655877,0.0,1.0,0.0,0.0,2.0,2.0,1.0,3.6
0.05070118662351672,0.0,1.0,0.0,0.0,1.0,0.0,1.0,0.52
0.09352750809061489,0.0,0.0,1.0,0.0,3.0,1.0,0.0,0.53
0.11197411003236246,0.0,0.0,1.0,0.0,2.0,1.0,1.0,0.8
0.1283710895361381,1.0,0.0,0.0,0.0,0.0,1.0,0.0,1.15
0.17583603020496225,0.0,0.0,1.0,0.0,2.0,2.0,1.0,0.7
0.05037756202804747,1.0,0.0,0.0,0.0,2.0,0.0,1.0,0.31
0.10312837108953615,1.0,0.0,0.0,0.0,0.0,1.0,1.0,1.05
0.11143473570658036,1.0,0.0,0.0,0.0,2.0,1.0,2.0,0.75
0.10690399137001078,0.0,1.0,0.0,0.0,0.0,1.0,1.0,0.7
0.113915857605178,1.0,0.0,0.0,0.0,1.0,2.0,0.0,1.7
0.08802588996763755,0.0,0.0,1.0,0.0,3.0,2.0,0.0,0.4
0.33635382955771304,1.0,0.0,0.0,0.0,2.0,3.0,2.0,4.9
0.12977346278317153,0.0,0.0,1.0,0.0,2.0,2.0,1.0,1.08
0.08338727076591154,0.0,0.0,1.0,0.0,2.0,1.0,1.0,0.35
0.3099244875943905,0.0,1.0,0.0,0.0,1.0,3.0,1.0,5.0
0.08155339805825243,0.0,0.0,1.0,0.0,0.0,1.0,2.0,0.36
0.15199568500539376,0.0,1.0,0.0,0.0,0.0,2.0,1.0,0.82
0.1250269687162891,0.0,0.0,1.0,0.0,2.0,1.0,0.0,0.94
0.1423948220064725,0.0,0.0,1.0,0.0,1.0,2.0,0.0,1.9
0.15091693635382958,0.0,1.0,0.0,0.0,3.0,1.0,1.0,0.69
0.10507011866235166,0.0,1.0,0.0,0.0,1.0,1.0,0.0,0.76
0.14681769147788565,0.0,0.0,1.0,0.0,0.0,2.0,2.0,1.0
0.12114347357065805,0.0,1.0,0.0,0.0,1.0,1.0,1.0,0.37
0.3758360302049622,1.0,0.0,0.0,0.0,1.0,3.0,2.0,8.91
0.20733549083063646,0.0,0.0,1.0,0.0,2.0,2.0,1.0,1.2
0.6271844660194175,1.0,0.0,0.0,0.0,1.0,3.0,1.0,10.0
0.09870550161812297,0.0,0.0,0.0,1.0,2.0,1.0,0.0,0.77
0.17119741100323627,0.0,1.0,0.0,0.0,4.0,2.0,1.0,1.65
0.12189859762675298,0.0,1.0,0.0,0.0,0.0,1.0,0.0,1.4
0.11240560949298814,1.0,0.0,0.0,0.0,0.0,1.0,1.0,1.07
0.2897518878101402,0.0,1.0,0.0,0.0,1.0,3.0,0.0,2.96
0.13581445523193098,0.0,0.0,0.0,1.0,2.0,2.0,1.0,0.7
0.1697950377562028,0.0,0.0,1.0,0.0,0.0,2.0,1.0,1.42
0.0779935275080906,0.0,0.0,0.0,1.0,3.0,0.0,0.0,0.35
0.1924487594390507,0.0,1.0,0.0,0.0,0.0,2.0,1.0,0.9
0.1366774541531823,0.0,0.0,1.0,0.0,0.0,1.0,1.0,0.44
0.6,1.0,0.0,0.0,0.0,1.0,3.0,2.0,9.0
0.10679611650485438,1.0,0.0,0.0,0.0,4.0,1.0,1.0,0.62
0.12740021574973032,0.0,0.0,1.0,0.0,2.0,1.0,2.0,0.48
0.10809061488673138,1.0,0.0,0.0,0.0,4.0,1.0,1.0,0.75
0.1442286947141316,0.0,0.0,1.0,0.0,1.0,2.0,1.0,1.29
0.5811218985976268,1.0,0.0,0.0,0.0,3.0,3.0,2.0,7.3
0.17713052858683928,0.0,1.0,0.0,0.0,1.0,2.0,1.0,1.9
0.1243797195253506,1.0,0.0,0.0,0.0,0.0,1.0,0.0,0.74
0.26612729234088456,1.0,0.0,0.0,0.0,0.0,3.0,1.0,4.69
0.11035598705501617,0.0,1.0,0.0,0.0,0.0,2.0,0.0,1.5
0.09449838187702264,0.0,0.0,1.0,0.0,3.0,1.0,1.0,0.7
0.18629989212513484,1.0,0.0,0.0,0.0,0.0,2.0,1.0,3.5
0.26299892125134844,0.0,0.0,0.0,1.0,0.0,2.0,1.0,3.5
0.1221143473570658,1.0,0.0,0.0,0.0,3.0,1.0,1.0,0.8
0.4333333333333333,1.0,0.0,0.0,0.0,2.0,3.0,0.0,5.85
0.0494066882416397,0.0,0.0,1.0,0.0,3.0,0.0,1.0,0.26
0.3946062567421791,0.0,1.0,0.0,0.0,2.0,3.0,2.0,5.2
0.1209277238403452,0.0,0.0,1.0,0.0,2.0,1.0,0.0,1.14
0.40053937432578207,0.0,1.0,0.0,0.0,0.0,3.0,0.0,4.4
0.09137001078748652,0.0,0.0,1.0,0.0,0.0,1.0,1.0,0.57
0.13732470334412084,0.0,1.0,0.0,0.0,2.0,1.0,1.0,1.3
0.07874865156418553,0.0,0.0,1.0,0.0,3.0,1.0,0.0,0.56
0.195361380798274,0.0,1.0,0.0,0.0,0.0,2.0,1.0,2.2
0.2035598705501618,0.0,1.0,0.0,0.0,2.0,3.0,2.0,2.32
0.1429341963322546,0.0,1.0,0.0,0.0,0.0,2.0,1.0,1.28
0.20420711974110034,0.0,1.0,0.0,0.0,1.0,2.0,1.0,1.85
0.12988133764832796,1.0,0.0,0.0,0.0,0.0,1.0,1.0,1.78
0.15911542610571738,0.0,0.0,1.0,0.0,2.0,2.0,1.0,1.58
0.0855447680690399,0.0,1.0,0.0,0.0,0.0,0.0,0.0,0.6
0.046817691477885656,0.0,1.0,0.0,0.0,1.0,0.0,1.0,0.53
0.2451995685005394,0.0,1.0,0.0,0.0,2.0,2.0,1.0,2.9
0.1598705501618123,0.0,0.0,1.0,0.0,0.0,2.0,0.0,0.5
0.09913700107874865,0.0,0.0,1.0,0.0,3.0,1.0,0.0,0.55
0.12869471413160735,0.0,0.0,1.0,0.0,2.0,2.0,0.0,1.9
0.11877022653721683,0.0,0.0,0.0,1.0,5.0,1.0,0.0,1.1
0.1376483279395901,0.0,0.0,1.0,0.0,2.0,1.0,1.0,0.8
0.17292340884573895,0.0,0.0,1.0,0.0,4.0,1.0,1.0,1.5
0.13678532901833873,1.0,0.0,0.0,0.0,3.0,2.0,0.0,1.6
0.5204962243797195,1.0,0.0,0.0,0.0,0.0,3.0,1.0,4.78
0.10118662351672061,0.0,0.0,1.0,0.0,1.0,1.0,1.0,1.1
0.0919093851132686,0.0,1.0,0.0,0.0,0.0,1.0,1.0,0.7
0.19029126213592235,1.0,0.0,0.0,0.0,1.0,2.0,1.0,2.2
0.19892125134843583,1.0,0.0,0.0,0.0,3.0,2.0,2.0,2.2
0.16429341963322547,0.0,0.0,0.0,1.0,0.0,2.0,0.0,1.35
0.10970873786407767,0.0,1.0,0.0,0.0,2.0,0.0,2.0,2.5
0.12308522114347359,0.0,0.0,1.0,0.0,2.0,1.0,1.0,0.78
0.2733549083063646,1.0,0.0,0.0,0.0,2.0,3.0,0.0,3.2
0.1633225458468177,0.0,0.0,1.0,0.0,1.0,2.0,1.0,1.94
0.0494066882416397,0.0,0.0,1.0,0.0,2.0,0.0,1.0,0.33
0.1372168284789644,1.0,0.0,0.0,0.0,0.0,2.0,1.0,2.2
0.17950377562028047,0.0,1.0,0.0,0.0,2.0,2.0,1.0,3.75
0.14347357065803668,0.0,1.0,0.0,0.0,2.0,2.0,1.0,1.0
0.13106796116504854,0.0,1.0,0.0,0.0,0.0,2.0,1.0,1.85
0.12988133764832796,0.0,0.0,1.0,0.0,1.0,2.0,0.0,0.75
0.3530744336569579,1.0,0.0,0.0,0.0,1.0,3.0,1.0,2.95
0.13527508090614887,0.0,0.0,1.0,0.0,0.0,2.0,0.0,0.56
0.1686084142394822,0.0,1.0,0.0,0.0,4.0,2.0,0.0,1.5
0.11877022653721683,1.0,0.0,0.0,0.0,2.0,1.0,1.0,0.88
0.11790722761596548,1.0,0.0,0.0,0.0,2.0,1.0,1.0,0.69
0.15641855447680691,1.0,0.0,0.0,0.0,0.0,2.0,1.0,2.2
0.21132686084142396,1.0,0.0,0.0,0.0,3.0,3.0,1.0,3.3
0.06494066882416397,0.0,0.0,1.0,0.0,0.0,1.0,1.0,0.49
0.06612729234088457,0.0,0.0,1.0,0.0,2.0,0.0,0.0,0.24
0.08921251348435816,1.0,0.0,0.0,0.0,2.0,1.0,1.0,0.63
0.0535059331175836,0.0,1.0,0.0,0.0,2.0,0.0,1.0,0.58
0.10420711974110033,0.0,0.0,1.0,0.0,1.0,1.0,1.0,0.75
0.13861920172599784,1.0,0.0,0.0,0.0,3.0,1.0,1.0,0.85
0.11952535059331176,1.0,0.0,0.0,0.0,2.0,1.0,0.0,0.95
0.23290183387270766,1.0,0.0,0.0,0.0,1.0,3.0,1.0,3.58
0.18791801510248113,0.0,1.0,0.0,0.0,0.0,2.0,2.0,1.65
0.644336569579288,1.0,0.0,0.0,0.0,0.0,3.0,2.0,4.8
0.4199568500539374,1.0,0.0,0.0,0.0,2.0,3.0,1.0,6.0
0.15598705501618124,0.0,0.0,0.0,1.0,5.0,1.0,0.0,1.5
0.10194174757281554,0.0,0.0,0.0,1.0,3.0,2.0,0.0,0.59
0.06364617044228696,0.0,0.0,1.0,0.0,2.0,1.0,1.0,0.55
0.10258899676375405,1.0,0.0,0.0,0.0,0.0,1.0,1.0,0.95
0.11240560949298814,0.0,0.0,0.0,1.0,3.0,1.0,0.0,1.8
0.1133764832793959,0.0,0.0,0.0,1.0,2.0,2.0,1.0,0.95
0.3537216828478964,1.0,0.0,0.0,0.0,2.0,3.0,0.0,9.0
0.16429341963322547,0.0,0.0,1.0,0.0,0.0,2.0,1.0,1.73
0.11574973031283711,0.0,0.0,1.0,0.0,2.0,1.0,1.0,0.65
0.14433656957928803,0.0,0.0,1.0,0.0,2.0,2.0,1.0,0.79
0.0947141316073355,0.0,1.0,0.0,0.0,1.0,1.0,2.0,1.0
0.10183387270765912,0.0,0.0,0.0,1.0,1.0,1.0,1.0,1.01
0.2601941747572815,1.0,0.0,0.0,0.0,3.0,2.0,1.0,3.43
0.2365695792880259,1.0,0.0,0.0,0.0,1.0,3.0,2.0,3.4
0.11920172599784251,0.0,1.0,0.0,0.0,2.0,1.0,1.0,0.74
0.21477885652642936,1.0,0.0,0.0,0.0,1.0,3.0,2.0,2.99
0.08187702265372168,0.0,0.0,1.0,0.0,4.0,1.0,0.0,0.62
0.12405609492988134,0.0,0.0,1.0,0.0,2.0,1.0,1.0,0.7
0.1133764832793959,1.0,0.0,0.0,0.0,3.0,1.0,1.0,0.8
0.11531823085221143,1.0,0.0,0.0,0.0,2.0,1.0,1.0,0.79
0.15889967637540453,0.0,0.0,0.0,1.0,0.0,1.0,1.0,1.04
0.08338727076591154,0.0,1.0,0.0,0.0,2.0,0.0,2.0,0.66
0.39557713052858684,1.0,0.0,0.0,0.0,2.0,3.0,1.0,5.38
0.0760517799352751,0.0,0.0,0.0,1.0,2.0,1.0,0.0,0.45
0.15199568500539376,0.0,0.0,1.0,0.0,2.0,2.0,2.0,0.95
0.267529665587918,0.0,1.0,0.0,0.0,0.0,3.0,0.0,3.8
0.1319309600862999,0.0,0.0,1.0,0.0,1.0,3.0,1.0,0.78
0.11035598705501617,0.0,0.0,1.0,0.0,2.0,1.0,0.0,0.61
0.14811218985976268,0.0,0.0,1.0,0.0,2.0,2.0,1.0,1.39
0.0848975188781014,0.0,0.0,0.0,1.0,1.0,0.0,1.0,0.37
0.11574973031283711,1.0,0.0,0.0,0.0,0.0,1.0,2.0,1.05
0.05620280474649407,0.0,1.0,0.0,0.0,0.0,0.0,1.0,0.67
0.1378640776699029,0.0,1.0,0.0,0.0,3.0,2.0,1.0,0.79
0.1022653721682848,0.0,0.0,1.0,0.0,2.0,1.0,0.0,0.5
0.23160733549083065,1.0,0.0,0.0,0.0,2.0,3.0,2.0,5.0
0.13549083063646172,0.0,0.0,0.0,1.0,3.0,1.0,0.0,0.68
0.16882416396979505,0.0,0.0,1.0,0.0,3.0,2.0,1.0,0.68
0.13398058252427186,0.0,0.0,1.0,0.0,2.0,2.0,1.0,0.48
0.12696871628910464,1.0,0.0,0.0,0.0,1.0,2.0,1.0,0.5
0.1539374325782093,0.0,1.0,0.0,0.0,0.0,2.0,1.0,1.13
0.08338727076591154,1.0,0.0,0.0,0.0,4.0,0.0,0.0,0.22
0.5688241639697951,1.0,0.0,0.0,0.0,3.0,3.0,2.0,6.5
0.5689320388349515,1.0,0.0,0.0,0.0,2.0,3.0,2.0,8.3
0.18166127292340886,0.0,0.0,1.0,0.0,2.0,2.0,0.0,0.58
0.1243797195253506,1.0,0.0,0.0,0.0,2.0,1.0,0.0,0.75
0.08683926645091694,0.0,0.0,1.0,0.0,1.0,1.0,0.0,0.55
0.10140237324703344,0.0,0.0,0.0,1.0,2.0,1.0,2.0,0.62
0.2738942826321467,1.0,0.0,0.0,0.0,0.0,3.0,1.0,4.42
0.20765911542610574,0.0,1.0,0.0,0.0,2.0,2.0,1.0,1.62
0.28834951456310676,1.0,0.0,0.0,0.0,4.0,2.0,0.0,2.25
0.04670981661272924,0.0,0.0,0.0,1.0,1.0,0.0,1.0,0.26
0.12362459546925567,0.0,1.0,0.0,0.0,3.0,1.0,1.0,1.3
0.2854368932038835,0.0,0.0,1.0,0.0,0.0,2.0,1.0,1.6
0.15889967637540453,0.0,0.0,1.0,0.0,4.0,2.0,0.0,1.9
0.27486515641855447,0.0,1.0,0.0,0.0,0.0,3.0,1.0,6.5
0.13042071197411004,0.0,0.0,1.0,0.0,2.0,2.0,0.0,1.93
0.1145631067961165,0.0,0.0,1.0,0.0,0.0,1.0,1.0,0.46
0.13171521035598707,0.0,0.0,1.0,0.0,2.0,2.0,1.0,0.32
0.13732470334412084,0.0,1.0,0.0,0.0,0.0,1.0,1.0,1.7
0.11175836030204964,1.0,0.0,0.0,0.0,3.0,1.0,1.0,1.48
0.11984897518878102,0.0,1.0,0.0,0.0,0.0,1.0,1.0,2.0
0.12642934196332256,0.0,0.0,0.0,1.0,0.0,1.0,2.0,0.9
0.09255663430420713,0.0,0.0,0.0,1.0,3.0,1.0,0.0,0.46
0.20992448759439053,1.0,0.0,0.0,0.0,0.0,2.0,1.0,6.0
0.1319309600862999,0.0,0.0,1.0,0.0,3.0,2.0,0.0,0.47
0.1070118662351672,0.0,0.0,1.0,0.0,1.0,1.0,1.0,0.65
0.1341963322545847,1.0,0.0,0.0,0.0,4.0,1.0,1.0,0.7
0.1697950377562028,0.0,1.0,0.0,0.0,4.0,2.0,0.0,1.4
0.11693635382955772,1.0,0.0,0.0,0.0,0.0,1.0,1.0,1.18
0.16645091693635383,0.0,0.0,1.0,0.0,0.0,2.0,1.0,1.35
0.189428263214671,0.0,1.0,0.0,0.0,1.0,2.0,1.0,1.92
0.1249190938511327,0.0,1.0,0.0,0.0,2.0,1.0,1.0,0.96
0.11672060409924487,1.0,0.0,0.0,0.0,1.0,2.0,0.0,1.5
0.1714131607335491,0.0,0.0,1.0,0.0,3.0,2.0,1.0,0.71
0.11143473570658036,1.0,0.0,0.0,0.0,0.0,1.0,1.0,0.75
0.1133764832793959,0.0,1.0,0.0,0.0,1.0,1.0,1.0,1.15
0.21251348435814457,0.0,1.0,0.0,0.0,3.0,2.0,1.0,3.4
0.36548004314994603,0.0,1.0,0.0,0.0,2.0,3.0,2.0,6.9
0.227831715210356,1.0,0.0,0.0,0.0,3.0,2.0,1.0,3.15
0.4501618122977346,0.0,1.0,0.0,0.0,2.0,3.0,1.0,5.3
0.1110032362459547,0.0,0.0,0.0,1.0,3.0,1.0,1.0,0.66
0.14314994606256742,0.0,0.0,1.0,0.0,0.0,2.0,1.0,2.41
0.2111111111111111,0.0,1.0,0.0,0.0,0.0,2.0,1.0,2.05
0.16720604099244876,1.0,0.0,0.0,0.0,0.0,2.0,2.0,1.35
0.16677454153182308,0.0,1.0,0.0,0.0,0.0,2.0,1.0,2.3
0.1331175836030205,1.0,0.0,0.0,0.0,4.0,2.0,1.0,0.7
0.10312837108953615,0.0,0.0,1.0,0.0,0.0,3.0,0.0,0.78
0.2829557713052859,0.0,0.0,0.0,1.0,3.0,2.0,1.0,5.75
0.12653721682847896,0.0,0.0,1.0,0.0,2.0,1.0,0.0,0.49
0.15943905070118664,0.0,1.0,0.0,0.0,0.0,2.0,0.0,1.7
0.1422869471413161,0.0,1.0,0.0,0.0,2.0,2.0,0.0,2.08
0.12222222222222223,0.0,0.0,1.0,0.0,2.0,1.0,1.0,0.7
0.22114347357065806,0.0,0.0,1.0,0.0,1.0,2.0,2.0,1.8
0.13646170442286948,0.0,0.0,1.0,0.0,2.0,2.0,1.0,0.64
0.3530744336569579,1.0,0.0,0.0,0.0,0.0,3.0,2.0,3.9
0.2559870550161812,0.0,0.0,0.0,1.0,2.0,2.0,0.0,2.6
0.10183387270765912,0.0,0.0,0.0,1.0,3.0,2.0,1.0,0.56
0.29018338727076587,1.0,0.0,0.0,0.0,0.0,3.0,1.0,4.12
0.11143473570658036,1.0,0.0,0.0,0.0,0.0,1.0,0.0,0.88
0.21930960086299894,0.0,0.0,1.0,0.0,0.0,2.0,2.0,2.5
0.18673139158576052,0.0,0.0,1.0,0.0,4.0,2.0,0.0,0.7
0.19892125134843583,1.0,0.0,0.0,0.0,2.0,2.0,0.0,1.02
0.13398058252427186,1.0,0.0,0.0,0.0,1.0,2.0,1.0,2.07
0.08187702265372168,0.0,0.0,0.0,1.0,3.0,1.0,1.0,0.48
0.15221143473570659,1.0,0.0,0.0,0.0,0.0,2.0,2.0,1.91
0.14638619201726,1.0,0.0,0.0,0.0,3.0,2.0,1.0,1.25
0.12416396979503777,1.0,0.0,0.0,0.0,1.0,1.0,1.0,1.3
0.10733549083063645,0.0,0.0,1.0,0.0,2.0,1.0,1.0,0.75
0.5772384034519956,1.0,0.0,0.0,0.0,2.0,3.0,1.0,7.5
0.15221143473570659,0.0,1.0,0.0,0.0,2.0,2.0,1.0,1.2
0.3271844660194175,1.0,0.0,0.0,0.0,2.0,3.0,2.0,5.31
0.17648327939590078,1.0,0.0,0.0,0.0,3.0,2.0,1.0,0.97
0.1725997842502697,1.0,0.0,0.0,0.0,4.0,2.0,1.0,0.83
0.23441208198489752,0.0,0.0,1.0,0.0,0.0,2.0,1.0,3.15
0.11294498381877022,1.0,0.0,0.0,0.0,2.0,1.0,1.0,1.8
0.13117583603020497,0.0,0.0,0.0,1.0,0.0,1.0,0.0,0.95
0.4609492988133765,0.0,1.0,0.0,0.0,0.0,3.0,0.0,7.61
0.1133764832793959,0.0,0.0,0.0,1.0,2.0,2.0,1.0,1.2
0.11974110032362459,0.0,0.0,1.0,0.0,2.0,2.0,0.0,0.52
0.15350593311758362,0.0,0.0,1.0,0.0,1.0,2.0,0.0,1.39
0.0965480043149946,0.0,0.0,1.0,0.0,0.0,1.0,1.0,0.88
0.2,0.0,1.0,0.0,0.0,0.0,2.0,1.0,2.6
0.10312837108953615,0.0,0.0,1.0,0.0,2.0,1.0,1.0,1.23
0.39762675296655875,0.0,1.0,0.0,0.0,3.0,3.0,1.0,6.5
0.12265372168284791,1.0,0.0,0.0,0.0,0.0,1.0,1.0,1.8
0.10819848975188781,0.0,0.0,1.0,0.0,2.0,1.0,0.0,0.41
0.06472491909385114,0.0,1.0,0.0,0.0,0.0,0.0,1.0,0.6
0.15426105717367855,0.0,0.0,1.0,0.0,2.0,2.0,1.0,2.9
0.12653721682847896,0.0,1.0,0.0,0.0,2.0,2.0,1.0,0.85
0.2955771305285868,1.0,0.0,0.0,0.0,2.0,3.0,1.0,3.1
0.1912621359223301,0.0,1.0,0.0,0.0,1.0,2.0,2.0,2.95
0.20614886731391588,0.0,1.0,0.0,0.0,3.0,2.0,1.0,1.45
0.4687162891046386,1.0,0.0,0.0,0.0,3.0,3.0,1.0,4.6
0.1527508090614887,1.0,0.0,0.0,0.0,2.0,2.0,1.0,1.19
0.09428263214670982,1.0,0.0,0.0,0.0,1.0,2.0,1.0,1.4
0.13807982740021577,0.0,0.0,1.0,0.0,3.0,1.0,1.0,0.99
0.07756202804746495,1.0,0.0,0.0,0.0,2.0,1.0,0.0,0.48
0.39439050701186623,1.0,0.0,0.0,0.0,0.0,3.0,1.0,4.95
0.113915857605178,1.0,0.0,0.0,0.0,2.0,1.0,0.0,0.78
0.11283710895361382,0.0,0.0,0.0,1.0,2.0,1.0,0.0,1.45
0.39557713052858684,1.0,0.0,0.0,0.0,2.0,3.0,2.0,5.1
0.1655879180151025,1.0,0.0,0.0,0.0,1.0,2.0,1.0,1.19
0.22988133764832794,0.0,1.0,0.0,0.0,1.0,3.0,1.0,3.48
0.095361380798274,0.0,1.0,0.0,0.0,2.0,1.0,1.0,0.5
0.2184466019417476,0.0,1.0,0.0,0.0,2.0,2.0,1.0,2.4
0.10550161812297734,1.0,0.0,0.0,0.0,1.0,2.0,1.0,1.35
0.14983818770226537,1.0,0.0,0.0,0.0,0.0,2.0,0.0,2.18
0.12653721682847896,0.0,1.0,0.0,0.0,3.0,1.0,1.0,1.1
0.22632146709816614,0.0,1.0,0.0,0.0,0.0,2.0,1.0,2.88
0.1451995685005394,1.0,0.0,0.0,0.0,1.0,2.0,1.0,1.7
0.15922330097087378,0.0,0.0,1.0,0.0,1.0,2.0,1.0,2.4
0.14800431499460626,1.0,0.0,0.0,0.0,1.0,2.0,1.0,2.03
0.2249190938511327,0.0,1.0,0.0,0.0,2.0,2.0,1.0,1.35
0.20215749730312838,0.0,1.0,0.0,0.0,0.0,2.0,2.0,2.21
0.09352750809061489,0.0,1.0,0.0,0.0,3.0,1.0,1.0,0.65
0.17065803667745416,1.0,0.0,0.0,0.0,3.0,2.0,0.0,1.45
0.14444444444444446,0.0,0.0,1.0,0.0,2.0,2.0,1.0,0.62
0.13042071197411004,0.0,0.0,1.0,0.0,0.0,1.0,1.0,0.89
0.14897518878101404,1.0,0.0,0.0,0.0,3.0,1.0,1.0,0.85
0.44476806903991367,0.0,0.0,0.0,1.0,0.0,3.0,2.0,13.2
0.17971952535059332,1.0,0.0,0.0,0.0,1.0,2.0,0.0,1.4
0.10172599784250269,0.0,0.0,0.0,1.0,4.0,1.0,0.0,1.35
0.15426105717367855,0.0,1.0,0.0,0.0,2.0,2.0,1.0,1.9
0.12977346278317153,0.0,1.0,0.0,0.0,0.0,2.0,1.0,0.98
0.2834951456310679,0.0,0.0,1.0,0.0,4.0,2.0,1.0,3.0
0.13279395900755125,0.0,0.0,1.0,0.0,3.0,2.0,1.0,0.75
0.07313915857605177,0.0,1.0,0.0,0.0,3.0,0.0,1.0,0.7
0.1451995685005394,1.0,0.0,0.0,0.0,0.0,2.0,0.0,0.82
0.16720604099244876,0.0,1.0,0.0,0.0,0.0,1.0,0.0,2.0
0.13279395900755125,1.0,0.0,0.0,0.0,2.0,2.0,1.0,1.49
0.19093851132686085,0.0,1.0,0.0,0.0,0.0,2.0,1.0,3.0
0.23171521035598708,0.0,1.0,0.0,0.0,0.0,3.0,2.0,3.8
0.18155339805825244,0.0,1.0,0.0,0.0,2.0,2.0,1.0,3.2
0.09697950377562028,0.0,0.0,1.0,0.0,3.0,1.0,0.0,0.6
0.12308522114347359,0.0,1.0,0.0,0.0,3.0,2.0,1.0,0.72
0.15836030204962245,0.0,0.0,1.0,0.0,2.0,2.0,1.0,0.6
0.08543689320388351,1.0,0.0,0.0,0.0,0.0,1.0,1.0,0.7
0.1930960086299892,0.0,0.0,0.0,1.0,2.0,3.0,2.0,2.1
0.18845738942826323,0.0,1.0,0.0,0.0,1.0,3.0,1.0,2.0
0.13959007551240563,0.0,0.0,1.0,0.0,2.0,2.0,0.0,1.49
0.14778856526429343,0.0,1.0,0.0,0.0,2.0,1.0,1.0,1.0
0.1104638619201726,1.0,0.0,0.0,0.0,2.0,1.0,2.0,0.65
0.41391585760517796,1.0,0.0,0.0,0.0,3.0,3.0,2.0,7.25
0.15026968716289105,0.0,1.0,0.0,0.0,1.0,1.0,1.0,1.7
0.10496224379719526,0.0,0.0,1.0,0.0,1.0,1.0,1.0,0.77
0.09902912621359222,0.0,0.0,1.0,0.0,2.0,1.0,1.0,0.47
0.11294498381877022,1.0,0.0,0.0,0.0,2.0,1.0,1.0,0.75
0.1696871628910464,0.0,0.0,0.0,1.0,0.0,2.0,0.0,2.4
0.14261057173678535,0.0,0.0,1.0,0.0,3.0,1.0,0.0,0.75
0.17335490830636463,1.0,0.0,0.0,0.0,3.0,2.0,0.0,1.5
0.1696871628910464,0.0,0.0,0.0,1.0,2.0,1.0,1.0,4.5
0.12524271844660195,1.0,0.0,0.0,0.0,1.0,1.0,1.0,0.65
0.07216828478964402,0.0,0.0,1.0,0.0,1.0,0.0,1.0,0.68
0.04832793959007551,0.0,0.0,0.0,1.0,3.0,0.0,1.0,0.2
0.13398058252427186,0.0,0.0,1.0,0.0,3.0,2.0,0.0,1.9
0.28403451995685003,0.0,1.0,0.0,0.0,0.0,2.0,1.0,4.25
0.13549083063646172,0.0,1.0,0.0,0.0,2.0,1.0,1.0,1.4
0.498705501618123,0.0,1.0,0.0,0.0,0.0,3.0,1.0,11.25
0.16073354908306364,0.0,1.0,0.0,0.0,3.0,2.0,2.0,0.92
0.368824163969795,0.0,1.0,0.0,0.0,2.0,3.0,2.0,3.6
0.10852211434735706,0.0,0.0,1.0,0.0,0.0,1.0,0.0,0.85
0.1341963322545847,0.0,0.0,0.0,1.0,2.0,1.0,1.0,0.98
0.04412081984897519,0.0,1.0,0.0,0.0,4.0,0.0,2.0,0.18
0.09967637540453075,0.0,0.0,0.0,1.0,5.0,1.0,2.0,0.68
0.12265372168284791,0.0,0.0,1.0,0.0,0.0,2.0,1.0,1.3
0.30798274002157494,1.0,0.0,0.0,0.0,1.0,3.0,1.0,3.64
0.05426105717367853,0.0,0.0,1.0,0.0,2.0,0.0,0.0,0.34
0.17648327939590078,1.0,0.0,0.0,0.0,2.0,2.0,1.0,0.7
0.1464940668824164,0.0,1.0,0.0,0.0,0.0,1.0,1.0,1.4
0.11434735706580368,0.0,1.0,0.0,0.0,1.0,2.0,1.0,1.2
0.14444444444444446,0.0,1.0,0.0,0.0,4.0,1.0,0.0,0.8
0.18932038834951456,0.0,1.0,0.0,0.0,1.0,2.0,1.0,1.65
0.15469255663430423,1.0,0.0,0.0,0.0,2.0,1.0,1.0,0.82
0.23063646170442287,0.0,1.0,0.0,0.0,0.0,2.0,1.0,2.15
0.18295577130528587,0.0,1.0,0.0,0.0,1.0,2.0,1.0,1.35
0.1271844660194175,1.0,0.0,0.0,0.0,2.0,1.0,1.0,0.75
0.1174757281553398,1.0,0.0,0.0,0.0,0.0,1.0,1.0,1.8
0.15641855447680691,0.0,1.0,0.0,0.0,0.0,2.0,1.0,3.0
0.1714131607335491,1.0,0.0,0.0,0.0,4.0,2.0,2.0,2.35
0.17562028047464942,1.0,0.0,0.0,0.0,1.0,2.0,1.0,1.9
0.17044228694714134,0.0,1.0,0.0,0.0,1.0,2.0,0.0,1.8
0.05102481121898598,0.0,0.0,1.0,0.0,2.0,0.0,1.0,0.3
0.13861920172599784,1.0,0.0,0.0,0.0,3.0,1.0,1.0,0.75
0.09417475728155339,1.0,0.0,0.0,0.0,0.0,1.0,1.0,0.85
0.11305285868392664,1.0,0.0,0.0,0.0,1.0,1.0,1.0,1.42
0.3367853290183387,0.0,1.0,0.0,0.0,3.0,2.0,0.0,3.5
0.24217907227615967,1.0,0.0,0.0,0.0,1.0,3.0,1.0,3.35
0.37464940668824165,0.0,0.0,0.0,1.0,0.0,3.0,2.0,8.0
0.09514563106796117,0.0,0.0,1.0,0.0,2.0,1.0,1.0,0.37
0.13354908306364618,0.0,1.0,0.0,0.0,2.0,2.0,1.0,1.9
0.17162891046386192,0.0,0.0,0.0,1.0,1.0,2.0,0.0,1.65
0.3001078748651564,1.0,0.0,0.0,0.0,2.0,3.0,1.0,3.7
0.12006472491909384,1.0,0.0,0.0,0.0,1.0,1.0,1.0,1.58
0.09989212513484358,0.0,1.0,0.0,0.0,2.0,1.0,1.0,0.72
0.08360302049622437,0.0,0.0,1.0,0.0,5.0,0.0,1.0,0.38
0.16062567421790724,0.0,1.0,0.0,0.0,3.0,2.0,1.0,1.65
0.12524271844660195,0.0,0.0,1.0,0.0,2.0,1.0,0.0,1.0
0.13085221143473572,0.0,1.0,0.0,0.0,1.0,1.0,1.0,2.0
0.11240560949298814,0.0,0.0,1.0,0.0,4.0,1.0,2.0,0.5
0.18284789644012947,1.0,0.0,0.0,0.0,0.0,2.0,1.0,0.8
0.3174757281553398,0.0,1.0,0.0,0.0,0.0,3.0,1.0,4.4
0.19978425026968719,0.0,0.0,1.0,0.0,2.0,2.0,1.0,3.55
0.12103559870550162,0.0,0.0,0.0,1.0,0.0,1.0,0.0,1.7
0.07486515641855448,0.0,0.0,0.0,1.0,4.0,0.0,0.0,0.6
0.13354908306364618,0.0,1.0,0.0,0.0,3.0,2.0,0.0,1.45
0.1912621359223301,0.0,1.0,0.0,0.0,2.0,1.0,1.0,2.0
0.1488673139158576,0.0,0.0,1.0,0.0,2.0,2.0,0.0,0.8
0.05717367853290183,0.0,0.0,1.0,0.0,0.0,0.0,0.0,0.69
0.3051779935275081,1.0,0.0,0.0,0.0,1.0,3.0,0.0,3.5
0.10625674217907227,0.0,1.0,0.0,0.0,2.0,1.0,0.0,0.75
0.37464940668824165,0.0,1.0,0.0,0.0,0.0,3.0,0.0,7.25
0.10053937432578208,0.0,0.0,0.0,1.0,3.0,1.0,0.0,0.52
0.2505933117583603,1.0,0.0,0.0,0.0,1.0,3.0,1.0,3.4
0.15544768069039916,1.0,0.0,0.0,0.0,1.0,2.0,1.0,1.15
0.2377562028047465,0.0,1.0,0.0,0.0,2.0,2.0,0.0,4.57
0.14541531823085221,1.0,0.0,0.0,0.0,0.0,2.0,1.0,0.94
0.11078748651564185,0.0,0.0,1.0,0.0,2.0,1.0,0.0,0.68
0.10755124056094931,1.0,0.0,0.0,0.0,2.0,1.0,0.0,0.97
0.4710895361380798,0.0,1.0,0.0,0.0,0.0,2.0,1.0,5.18
0.13505933117583604,0.0,1.0,0.0,0.0,0.0,2.0,1.0,1.65
0.11887810140237326,0.0,0.0,1.0,0.0,2.0,1.0,1.0,0.54
0.16105717367853292,1.0,0.0,0.0,0.0,2.0,2.0,1.0,2.25
0.14368932038834953,1.0,0.0,0.0,0.0,0.0,2.0,0.0,0.84
0.14444444444444446,0.0,1.0,0.0,0.0,0.0,2.0,1.0,0.49
0.2307443365695793,1.0,0.0,0.0,0.0,2.0,3.0,1.0,3.0
0.17011866235167206,0.0,1.0,0.0,0.0,2.0,1.0,1.0,0.81
0.644336569579288,0.0,1.0,0.0,0.0,0.0,3.0,1.0,9.19
0.13732470334412084,0.0,1.0,0.0,0.0,2.0,2.0,1.0,1.3
0.12351672060409927,0.0,0.0,0.0,1.0,5.0,1.0,0.0,0.95
0.5621359223300971,1.0,0.0,0.0,0.0,0.0,3.0,2.0,6.1
0.12869471413160735,0.0,0.0,1.0,0.0,3.0,1.0,1.0,0.99
0.1696871628910464,0.0,0.0,0.0,1.0,0.0,2.0,1.0,2.5
0.11963322545846819,0.0,0.0,0.0,1.0,0.0,1.0,1.0,0.46
0.5610571736785329,1.0,0.0,0.0,0.0,2.0,3.0,2.0,5.3
0.16483279395900757,0.0,0.0,1.0,0.0,2.0,1.0,1.0,1.49
0.11715210355987055,0.0,1.0,0.0,0.0,2.0,1.0,0.0,1.5
0.09795037756202804,0.0,1.0,0.0,0.0,0.0,1.0,1.0,0.87
0.20765911542610574,0.0,1.0,0.0,0.0,3.0,2.0,0.0,1.63
0.22416396979503778,0.0,0.0,1.0,0.0,0.0,2.0,1.0,3.5
0.11359223300970875,0.0,0.0,0.0,1.0,3.0,2.0,1.0,0.7
0.17853290183387271,0.0,1.0,0.0,0.0,2.0,2.0,1.0,1.22
0.1347357065803668,0.0,0.0,1.0,0.0,3.0,2.0,1.0,0.65
0.04897518878101403,0.0,1.0,0.0,0.0,0.0,0.0,2.0,0.64
0.18295577130528587,0.0,0.0,1.0,0.0,2.0,2.0,0.0,0.85
0.26364617044228694,0.0,1.0,0.0,0.0,4.0,2.0,1.0,3.3
0.1057173678532902,0.0,0.0,1.0,0.0,3.0,2.0,0.0,0.83
0.17011866235167206,0.0,0.0,0.0,1.0,4.0,2.0,1.0,1.2
0.06116504854368932,0.0,0.0,1.0,0.0,2.0,0.0,1.0,0.25
0.18047464940668825,0.0,1.0,0.0,0.0,2.0,2.0,2.0,2.6
0.10258899676375405,0.0,1.0,0.0,0.0,0.0,1.0,1.0,1.3
0.12427184466019417,0.0,0.0,1.0,0.0,2.0,2.0,1.0,0.86
0.14660194174757282,0.0,1.0,0.0,0.0,0.0,2.0,0.0,1.75
0.21467098166127294,1.0,0.0,0.0,0.0,1.0,3.0,2.0,3.3
0.15728155339805827,0.0,0.0,1.0,0.0,0.0,1.0,0.0,1.05
0.15674217907227617,0.0,1.0,0.0,0.0,0.0,2.0,2.0,3.0
0.09492988133764832,0.0,1.0,0.0,0.0,0.0,1.0,1.0,1.15
0.12114347357065805,1.0,0.0,0.0,0.0,3.0,1.0,2.0,1.55
0.1783171521035599,1.0,0.0,0.0,0.0,4.0,2.0,1.0,1.93
0.14444444444444446,0.0,0.0,1.0,0.0,2.0,2.0,1.0,0.59
0.04746494066882417,0.0,0.0,1.0,0.0,2.0,0.0,1.0,0.3
0.16677454153182308,0.0,0.0,1.0,0.0,2.0,2.0,0.0,2.4
0.1609492988133765,0.0,1.0,0.0,0.0,0.0,2.0,2.0,1.75
0.16699029126213594,0.0,0.0,1.0,0.0,0.0,2.0,1.0,2.2
0.12017259978425027,0.0,0.0,1.0,0.0,3.0,1.0,2.0,0.45
0.26299892125134844,0.0,1.0,0.0,0.0,1.0,3.0,2.0,2.1
0.1447680690399137,1.0,0.0,0.0,0.0,1.0,1.0,0.0,0.57
0.1720604099244876,0.0,0.0,1.0,0.0,1.0,2.0,1.0,1.86
0.12114347357065805,0.0,0.0,1.0,0.0,3.0,2.0,1.0,0.48
0.17173678532901834,0.0,1.0,0.0,0.0,0.0,2.0,1.0,1.51
0.10474649406688241,1.0,0.0,0.0,0.0,0.0,1.0,0.0,1.3
0.2530744336569579,0.0,0.0,1.0,0.0,0.0,2.0,1.0,2.38
0.17335490830636463,1.0,0.0,0.0,0.0,0.0,2.0,1.0,0.82
0.32998921251348434,1.0,0.0,0.0,0.0,1.0,3.0,1.0,5.8
0.14368932038834953,1.0,0.0,0.0,0.0,2.0,2.0,0.0,0.9
0.7395900755124056,1.0,0.0,0.0,0.0,3.0,3.0,2.0,13.5
0.13149946062567422,1.0,0.0,0.0,0.0,0.0,2.0,0.0,1.5
0.12567421790722763,0.0,1.0,0.0,0.0,1.0,2.0,1.0,1.4
0.12869471413160735,1.0,0.0,0.0,0.0,0.0,1.0,1.0,2.04
0.11423948220064725,1.0,0.0,0.0,0.0,1.0,1.0,1.0,0.49
0.24228694714131607,0.0,0.0,0.0,1.0,2.0,2.0,0.0,6.9
0.13732470334412084,0.0,0.0,1.0,0.0,2.0,2.0,1.0,1.4
0.26299892125134844,0.0,1.0,0.0,0.0,1.0,3.0,0.0,1.79
0.16245954692556636,1.0,0.0,0.0,0.0,0.0,2.0,1.0,3.36
0.11704422869471412,1.0,0.0,0.0,0.0,1.0,1.0,1.0,1.64
0.11542610571736786,0.0,0.0,1.0,0.0,1.0,2.0,0.0,0.49
0.14185544768069042,0.0,0.0,0.0,1.0,1.0,2.0,1.0,1.2
0.16752966558791801,0.0,0.0,0.0,1.0,1.0,2.0,2.0,1.46
0.17885652642934197,0.0,0.0,0.0,1.0,3.0,2.0,2.0,1.55
0.14573894282632147,1.0,0.0,0.0,0.0,2.0,1.0,1.0,0.7
0.09320388349514563,0.0,0.0,1.0,0.0,4.0,1.0,1.0,0.55
0.10463861920172601,0.0,0.0,1.0,0.0,0.0,1.0,0.0,0.95
0.09018338727076591,0.0,0.0,1.0,0.0,2.0,1.0,0.0,0.53
0.1533980582524272,1.0,0.0,0.0,0.0,2.0,2.0,2.0,0.89
0.16871628910463862,1.0,0.0,0.0,0.0,0.0,2.0,1.0,1.77
0.20366774541531824,0.0,0.0,1.0,0.0,2.0,2.0,0.0,1.9
0.12006472491909384,0.0,0.0,1.0,0.0,0.0,2.0,0.0,0.44
0.1464940668824164,0.0,0.0,1.0,0.0,0.0,2.0,2.0,2.25
0.06386192017259978,1.0,0.0,0.0,0.0,0.0,0.0,0.0,0.52
0.16289104638619203,0.0,1.0,0.0,0.0,0.0,2.0,1.0,3.0
0.10809061488673138,0.0,1.0,0.0,0.0,2.0,2.0,1.0,0.93
0.11380798274002157,0.0,1.0,0.0,0.0,2.0,1.0,1.0,1.3
0.11531823085221143,0.0,1.0,0.0,0.0,4.0,1.0,1.0,0.95
0.15512405609492988,0.0,0.0,1.0,0.0,3.0,2.0,1.0,1.05
0.2587918015102481,0.0,1.0,0.0,0.0,0.0,3.0,2.0,2.8
0.16418554476806904,0.0,0.0,1.0,0.0,2.0,2.0,0.0,0.76
0.15242718446601944,0.0,0.0,1.0,0.0,2.0,2.0,0.0,0.66
0.21477885652642936,1.0,0.0,0.0,0.0,0.0,3.0,2.0,3.05
0.17885652642934197,1.0,0.0,0.0,0.0,1.0,2.0,1.0,1.46
0.1296655879180151,0.0,1.0,0.0,0.0,1.0,2.0,1.0,1.35
0.12006472491909384,1.0,0.0,0.0,0.0,2.0,1.0,1.0,1.23
0.7532901833872707,0.0,1.0,0.0,0.0,2.0,3.0,1.0,6.0
0.4501618122977346,0.0,1.0,0.0,0.0,0.0,3.0,1.0,8.5
0.08921251348435816,0.0,0.0,1.0,0.0,2.0,1.0,0.0,0.5
0.15350593311758362,1.0,0.0,0.0,0.0,1.0,2.0,0.0,2.55
0.32675296655879177,1.0,0.0,0.0,0.0,2.0,3.0,2.0,3.6
0.1070118662351672,0.0,1.0,0.0,0.0,2.0,1.0,1.0,1.4
0.14444444444444446,0.0,0.0,1.0,0.0,2.0,2.0,0.0,0.61
0.17270765911542613,0.0,0.0,1.0,0.0,2.0,2.0,1.0,0.95
0.1486515641855448,1.0,0.0,0.0,0.0,0.0,2.0,1.0,2.43
0.14368932038834953,1.0,0.0,0.0,0.0,2.0,2.0,0.0,0.85
0.13969795037756202,0.0,1.0,0.0,0.0,1.0,1.0,1.0,1.3
0.1388349514563107,0.0,0.0,1.0,0.0,3.0,1.0,1.0,0.62
0.43290183387270764,0.0,1.0,0.0,0.0,2.0,3.0,2.0,3.8
0.13635382955771305,0.0,1.0,0.0,0.0,2.0,1.0,0.0,0.85
0.08727076591154262,0.0,0.0,1.0,0.0,3.0,1.0,0.0,0.65
0.12384034519956852,0.0,0.0,1.0,0.0,2.0,2.0,1.0,1.44
0.1563106796116505,0.0,0.0,1.0,0.0,2.0,1.0,1.0,0.62
0.14735706580366775,0.0,1.0,0.0,0.0,2.0,2.0,1.0,1.5
0.11704422869471412,0.0,0.0,0.0,1.0,5.0,1.0,0.0,0.62
0.10161812297734629,1.0,0.0,0.0,0.0,0.0,1.0,1.0,1.1
0.08727076591154262,0.0,1.0,0.0,0.0,4.0,1.0,0.0,0.7
0.22125134843581445,0.0,0.0,1.0,0.0,1.0,2.0,1.0,1.8
0.32675296655879177,1.0,0.0,0.0,0.0,2.0,3.0,1.0,5.4
0.11618122977346279,1.0,0.0,0.0,0.0,2.0,1.0,1.0,1.45
0.16192017259978425,0.0,1.0,0.0,0.0,1.0,2.0,1.0,3.37
0.15091693635382958,0.0,0.0,0.0,1.0,3.0,1.0,0.0,0.65
0.09892125134843582,0.0,0.0,1.0,0.0,4.0,1.0,0.0,0.75
0.21175836030204964,0.0,1.0,0.0,0.0,2.0,2.0,1.0,3.85
0.17648327939590078,1.0,0.0,0.0,0.0,1.0,2.0,1.0,2.15
0.10474649406688241,0.0,0.0,1.0,0.0,4.0,0.0,0.0,1.08
0.17281553398058253,1.0,0.0,0.0,0.0,0.0,2.0,0.0,3.05
0.13322545846817693,0.0,1.0,0.0,0.0,2.0,1.0,1.0,0.99
0.11618122977346279,1.0,0.0,0.0,0.0,0.0,1.0,1.0,0.86
0.15846817691477885,0.0,1.0,0.0,0.0,2.0,2.0,1.0,1.22
0.24185544768069042,1.0,0.0,0.0,0.0,2.0,3.0,1.0,3.95
0.18802588996763756,0.0,1.0,0.0,0.0,0.0,2.0,1.0,1.19
0.27831715210355984,0.0,0.0,0.0,1.0,2.0,3.0,2.0,6.8
0.15026968716289105,0.0,0.0,1.0,0.0,0.0,2.0,0.0,1.47
0.37011866235167207,0.0,1.0,0.0,0.0,0.0,3.0,2.0,4.5
0.13333333333333333,0.0,1.0,0.0,0.0,2.0,1.0,2.0,1.2
0.27820927723840344,1.0,0.0,0.0,0.0,3.0,3.0,1.0,4.1
0.11877022653721683,0.0,0.0,0.0,1.0,2.0,1.0,0.0,0.68
0.14951456310679612,1.0,0.0,0.0,0.0,3.0,1.0,0.0,0.85
0.2727076591154261,1.0,0.0,0.0,0.0,0.0,3.0,2.0,4.2
0.3600862998921251,1.0,0.0,0.0,0.0,0.0,3.0,2.0,4.1
0.14735706580366775,1.0,0.0,0.0,0.0,0.0,1.0,1.0,1.94
0.2038834951456311,0.0,1.0,0.0,0.0,3.0,2.0,1.0,2.0
0.2885652642934196,0.0,1.0,0.0,0.0,4.0,2.0,2.0,2.6
0.3207119741100323,0.0,0.0,0.0,1.0,0.0,3.0,2.0,5.9
0.13182308522114347,0.0,1.0,0.0,0.0,0.0,2.0,1.0,1.9
0.1533980582524272,1.0,0.0,0.0,0.0,2.0,2.0,0.0,0.9
0.10377562028047466,0.0,1.0,0.0,0.0,0.0,1.0,1.0,0.94
0.1482200647249191,1.0,0.0,0.0,0.0,0.0,1.0,1.0,0.7
0.16375404530744336,1.0,0.0,0.0,0.0,0.0,2.0,2.0,0.78
0.08673139158576051,0.0,0.0,1.0,0.0,2.0,2.0,1.0,0.6
0.21305285868392665,1.0,0.0,0.0,0.0,4.0,1.0,1.0,1.8
0.14099244875943906,0.0,0.0,0.0,1.0,2.0,2.0,1.0,4.0
0.1058252427184466,1.0,0.0,0.0,0.0,2.0,1.0,1.0,0.93
0.08122977346278318,0.0,0.0,1.0,0.0,3.0,1.0,1.0,0.66
0.1243797195253506,1.0,0.0,0.0,0.0,0.0,1.0,2.0,0.75
0.2017259978425027,0.0,1.0,0.0,0.0,0.0,2.0,2.0,1.8
0.1796116504854369,0.0,0.0,0.0,1.0,0.0,2.0,0.0,5.12
0.1378640776699029,1.0,0.0,0.0,0.0,2.0,2.0,1.0,0.84
0.11294498381877022,0.0,1.0,0.0,0.0,0.0,1.0,1.0,0.66
0.26742179072276157,0.0,0.0,0.0,1.0,3.0,3.0,2.0,7.0
0.1533980582524272,1.0,0.0,0.0,0.0,2.0,2.0,1.0,0.9
0.11445523193096008,0.0,1.0,0.0,0.0,0.0,1.0,0.0,0.52
0.059223300970873784,0.0,1.0,0.0,0.0,4.0,0.0,1.0,0.18
0.1290183387270766,1.0,0.0,0.0,0.0,2.0,2.0,1.0,1.6
0.0552319309600863,1.0,0.0,0.0,0.0,1.0,0.0,0.0,0.68
0.15469255663430423,0.0,1.0,0.0,0.0,3.0,2.0,0.0,0.9
0.40388349514563104,0.0,0.0,0.0,1.0,2.0,3.0,2.0,7.0
0.09719525350593311,0.0,0.0,1.0,0.0,1.0,1.0,0.0,1.26
0.21305285868392665,0.0,0.0,1.0,0.0,4.0,2.0,0.0,2.0
0.13214670981661275,1.0,0.0,0.0,0.0,1.0,2.0,1.0,1.46
0.13354908306364618,0.0,1.0,0.0,0.0,1.0,2.0,1.0,1.4
0.22923408845738943,0.0,0.0,0.0,1.0,0.0,2.0,1.0,3.49
0.13495145631067962,0.0,0.0,0.0,1.0,2.0,1.0,1.0,1.7
0.14390507011866235,1.0,0.0,0.0,0.0,2.0,2.0,0.0,0.97
0.16116504854368932,0.0,0.0,1.0,0.0,2.0,2.0,1.0,0.6
0.13807982740021577,1.0,0.0,0.0,0.0,2.0,1.0,2.0,0.69
0.18381877022653723,0.0,1.0,0.0,0.0,2.0,2.0,1.0,1.55
0.12060409924487595,0.0,1.0,0.0,0.0,1.0,1.0,2.0,2.2
0.10453074433656959,1.0,0.0,0.0,0.0,2.0,1.0,0.0,0.9
0.16494066882416397,0.0,1.0,0.0,0.0,0.0,2.0,2.0,1.88
0.3047464940668824,1.0,0.0,0.0,0.0,3.0,3.0,1.0,1.4
0.14153182308522116,1.0,0.0,0.0,0.0,2.0,2.0,0.0,1.12
0.20496224379719527,0.0,1.0,0.0,0.0,1.0,2.0,2.0,2.35
0.1441208198489752,0.0,0.0,1.0,0.0,2.0,1.0,1.0,1.5
0.14153182308522116,1.0,0.0,0.0,0.0,2.0,2.0,0.0,1.12
0.2451995685005394,0.0,0.0,0.0,1.0,0.0,3.0,2.0,3.5
0.12653721682847896,0.0,1.0,0.0,0.0,1.0,1.0,2.0,1.7
0.13085221143473572,0.0,0.0,0.0,1.0,5.0,2.0,1.0,1.4
0.1441208198489752,0.0,0.0,1.0,0.0,0.0,2.0,0.0,1.22
0.32114347357065803,0.0,0.0,0.0,1.0,0.0,2.0,0.0,8.99
0.13042071197411004,1.0,0.0,0.0,0.0,2.0,2.0,1.0,0.75
0.12459546925566345,0.0,0.0,1.0,0.0,3.0,2.0,1.0,1.1
0.12891046386192018,0.0,0.0,0.0,1.0,1.0,1.0,1.0,1.25
0.1912621359223301,1.0,0.0,0.0,0.0,3.0,2.0,1.0,1.25
0.04897518878101403,0.0,0.0,1.0,0.0,1.0,0.0,0.0,0.65
0.16116504854368932,0.0,0.0,0.0,1.0,2.0,2.0,2.0,0.75
0.1249190938511327,1.0,0.0,0.0,0.0,3.0,2.0,1.0,1.0
0.14627831715210357,0.0,0.0,0.0,1.0,0.0,2.0,1.0,0.85
0.20550161812297735,0.0,0.0,0.0,1.0,0.0,2.0,0.0,2.58
0.11057173678532903,1.0,0.0,0.0,0.0,0.0,1.0,1.0,0.46
0.06375404530744336,0.0,0.0,1.0,0.0,4.0,0.0,0.0,0.21
0.15566343042071198,1.0,0.0,0.0,0.0,2.0,2.0,0.0,1.15
0.2758360302049622,0.0,1.0,0.0,0.0,0.0,3.0,2.0,3.35
0.17313915857605178,0.0,1.0,0.0,0.0,2.0,2.0,0.0,1.85
0.15922330097087378,0.0,1.0,0.0,0.0,0.0,2.0,0.0,0.91
0.2530744336569579,0.0,1.0,0.0,0.0,0.0,3.0,0.0,3.0
0.13743257820927723,0.0,0.0,1.0,0.0,3.0,1.0,0.0,0.99
0.14271844660194175,0.0,0.0,1.0,0.0,3.0,2.0,1.0,0.59
0.14595469255663432,0.0,1.0,0.0,0.0,2.0,2.0,1.0,1.18
0.06580366774541532,0.0,1.0,0.0,0.0,1.0,0.0,1.0,0.3
0.05329018338727077,1.0,0.0,0.0,0.0,2.0,0.0,1.0,0.38
0.12114347357065805,0.0,0.0,0.0,1.0,3.0,2.0,0.0,0.65
0.11823085221143473,0.0,1.0,0.0,0.0,4.0,1.0,1.0,0.65
0.12977346278317153,0.0,1.0,0.0,0.0,2.0,2.0,1.0,1.6
0.14390507011866235,1.0,0.0,0.0,0.0,2.0,1.0,0.0,0.97
0.2790722761596548,0.0,1.0,0.0,0.0,3.0,3.0,1.0,2.0
0.11024811218985978,0.0,0.0,1.0,0.0,2.0,1.0,0.0,1.15
0.19363538295577132,1.0,0.0,0.0,0.0,0.0,2.0,0.0,3.45
0.1336569579288026,0.0,0.0,0.0,1.0,0.0,1.0,0.0,0.88
0.2335490830636462,1.0,0.0,0.0,0.0,0.0,3.0,1.0,3.5
0.12286947141316074,0.0,0.0,1.0,0.0,1.0,2.0,1.0,1.31
0.17950377562028047,0.0,0.0,1.0,0.0,1.0,2.0,1.0,0.48
0.06699029126213593,0.0,0.0,1.0,0.0,0.0,0.0,1.0,0.22
0.2955771305285868,1.0,0.0,0.0,0.0,3.0,3.0,2.0,3.1
0.21941747572815534,0.0,1.0,0.0,0.0,2.0,2.0,1.0,2.0
0.10118662351672061,0.0,0.0,1.0,0.0,0.0,1.0,0.0,0.65
0.1442286947141316,1.0,0.0,0.0,0.0,0.0,2.0,0.0,0.74
0.12891046386192018,0.0,1.0,0.0,0.0,1.0,1.0,1.0,2.42
0.27939590075512405,1.0,0.0,0.0,0.0,4.0,3.0,0.0,4.66
0.1988133764832794,0.0,1.0,0.0,0.0,3.0,2.0,0.0,3.82
0.40722761596548,1.0,0.0,0.0,0.0,2.0,3.0,2.0,4.5
0.12653721682847896,0.0,0.0,1.0,0.0,2.0,1.0,1.0,1.4
0.1447680690399137,0.0,0.0,0.0,1.0,2.0,2.0,1.0,0.68
0.14444444444444446,0.0,1.0,0.0,0.0,2.0,2.0,1.0,1.2
0.0878101402373247,0.0,0.0,1.0,0.0,1.0,1.0,0.0,0.65
0.5364617044228694,0.0,1.0,0.0,0.0,0.0,3.0,0.0,8.54
0.10496224379719526,0.0,0.0,0.0,1.0,0.0,1.0,1.0,1.4
0.4850053937432578,1.0,0.0,0.0,0.0,2.0,3.0,0.0,4.9
0.11887810140237326,0.0,0.0,1.0,0.0,3.0,2.0,0.0,0.85
0.37464940668824165,0.0,1.0,0.0,0.0,2.0,3.0,1.0,4.5
0.14919093851132686,0.0,0.0,0.0,1.0,2.0,2.0,2.0,0.65
0.11240560949298814,1.0,0.0,0.0,0.0,0.0,1.0,1.0,0.6
0.12427184466019417,1.0,0.0,0.0,0.0,2.0,1.0,0.0,0.75
0.19514563106796118,0.0,0.0,0.0,1.0,4.0,2.0,1.0,1.7
0.17702265372168285,0.0,1.0,0.0,0.0,2.0,2.0,0.0,2.3
0.043581445523193096,0.0,0.0,1.0,0.0,2.0,0.0,1.0,0.2
0.1360302049622438,0.0,0.0,0.0,1.0,3.0,1.0,0.0,2.2
0.21175836030204964,1.0,0.0,0.0,0.0,1.0,3.0,2.0,2.1
0.14854368932038836,0.0,0.0,1.0,0.0,1.0,2.0,0.0,1.25
0.19827400215749733,0.0,0.0,0.0,1.0,0.0,3.0,2.0,4.61
0.13807982740021577,0.0,1.0,0.0,0.0,4.0,1.0,1.0,0.55
0.12513484358144553,0.0,0.0,0.0,1.0,0.0,2.0,2.0,1.05
0.2570658036677454,1.0,0.0,0.0,0.0,0.0,3.0,2.0,3.0
0.19320388349514564,0.0,1.0,0.0,0.0,1.0,2.0,1.0,2.7
0.09460625674217907,1.0,0.0,0.0,0.0,3.0,1.0,0.0,1.2
0.38058252427184464,1.0,0.0,0.0,0.0,0.0,3.0,1.0,3.9
0.2307443365695793,1.0,0.0,0.0,0.0,0.0,3.0,1.0,3.0
0.1366774541531823,0.0,1.0,0.0,0.0,0.0,2.0,1.0,1.31
0.18047464940668825,0.0,1.0,0.0,0.0,2.0,2.0,1.0,2.45
0.16494066882416397,1.0,0.0,0.0,0.0,3.0,1.0,1.0,0.84
0.09514563106796117,0.0,0.0,0.0,1.0,0.0,1.0,1.0,0.52
0.315210355987055,1.0,0.0,0.0,0.0,3.0,3.0,1.0,3.1
0.14681769147788565,1.0,0.0,0.0,0.0,2.0,2.0,1.0,1.45
0.18122977346278318,0.0,1.0,0.0,0.0,1.0,2.0,0.0,1.86
0.14261057173678535,1.0,0.0,0.0,0.0,0.0,1.0,1.0,0.51
0.368824163969795,1.0,0.0,0.0,0.0,2.0,3.0,2.0,4.6
0.11887810140237326,0.0,1.0,0.0,0.0,2.0,1.0,1.0,0.48
0.229126213592233,0.0,1.0,0.0,0.0,0.0,2.0,1.0,2.75
0.11628910463861919,0.0,0.0,1.0,0.0,1.0,1.0,1.0,0.75
0.15070118662351673,1.0,0.0,0.0,0.0,0.0,2.0,1.0,2.25
0.1511326860841424,0.0,1.0,0.0,0.0,0.0,2.0,1.0,1.45
0.09924487594390508,1.0,0.0,0.0,0.0,2.0,1.0,1.0,1.49
0.9996763754045307,0.0,1.0,0.0,0.0,2.0,3.0,1.0,12.0
0.7395900755124056,1.0,0.0,0.0,0.0,4.0,3.0,2.0,13.8
0.11790722761596548,1.0,0.0,0.0,0.0,2.0,1.0,2.0,0.69
0.3638619201725998,0.0,1.0,0.0,0.0,0.0,2.0,0.0,4.2
0.12653721682847896,0.0,1.0,0.0,0.0,2.0,1.0,1.0,1.3
0.14897518878101404,0.0,0.0,1.0,0.0,4.0,1.0,0.0,1.1
0.10377562028047466,1.0,0.0,0.0,0.0,1.0,1.0,1.0,0.75
0.1668824163969795,0.0,0.0,1.0,0.0,3.0,1.0,0.0,1.4
0.15426105717367855,0.0,0.0,1.0,0.0,2.0,1.0,2.0,2.0
0.19072276159654802,0.0,1.0,0.0,0.0,2.0,2.0,2.0,3.1
0.11812297734627833,1.0,0.0,0.0,0.0,2.0,1.0,2.0,0.69
0.18403451995685005,0.0,1.0,0.0,0.0,0.0,2.0,1.0,2.69
0.12114347357065805,0.0,0.0,1.0,0.0,2.0,2.0,0.0,0.75
0.09956850053937433,0.0,0.0,0.0,1.0,2.0,1.0,1.0,1.38
0.3207119741100323,1.0,0.0,0.0,0.0,4.0,3.0,1.0,3.3
0.09902912621359222,0.0,0.0,0.0,1.0,1.0,2.0,0.0,0.76
0.10507011866235166,0.0,1.0,0.0,0.0,1.0,1.0,1.0,1.3
0.3228694714131607,1.0,0.0,0.0,0.0,3.0,3.0,2.0,3.7
0.18867313915857606,0.0,0.0,1.0,0.0,3.0,2.0,0.0,1.25
0.1813376483279396,0.0,0.0,1.0,0.0,2.0,2.0,1.0,2.85
0.13581445523193098,0.0,0.0,0.0,1.0,2.0,2.0,1.0,0.8
0.22038834951456313,0.0,1.0,0.0,0.0,2.0,2.0,1.0,1.9
0.1858683926645092,0.0,0.0,0.0,1.0,2.0,2.0,1.0,4.5
0.12243797195253506,1.0,0.0,0.0,0.0,0.0,2.0,1.0,0.82
0.17777777777777778,0.0,0.0,0.0,1.0,2.0,2.0,0.0,3.5
0.1319309600862999,0.0,0.0,1.0,0.0,3.0,2.0,0.0,0.96
0.12362459546925567,0.0,0.0,1.0,0.0,3.0,1.0,0.0,0.68
0.059762675296655875,0.0,1.0,0.0,0.0,0.0,0.0,1.0,0.65
0.14217907227615967,1.0,0.0,0.0,0.0,1.0,1.0,1.0,1.36
0.3099244875943905,0.0,0.0,0.0,1.0,0.0,3.0,2.0,8.39
0.11305285868392664,0.0,1.0,0.0,0.0,3.0,2.0,0.0,0.55
0.23441208198489752,0.0,1.0,0.0,0.0,0.0,3.0,0.0,4.04
0.7737864077669903,1.0,0.0,0.0,0.0,2.0,3.0,2.0,14.0
0.1133764832793959,0.0,1.0,0.0,0.0,0.0,2.0,0.0,1.07
0.3946062567421791,0.0,1.0,0.0,0.0,2.0,3.0,1.0,5.8
0.12513484358144553,1.0,0.0,0.0,0.0,1.0,2.0,0.0,0.92
0.1511326860841424,0.0,0.0,1.0,0.0,1.0,2.0,0.0,1.52
0.09967637540453075,0.0,0.0,0.0,1.0,2.0,1.0,1.0,0.5
0.37464940668824165,1.0,0.0,0.0,0.0,1.0,3.0,1.0,2.6
0.20258899676375405,0.0,0.0,1.0,0.0,2.0,2.0,1.0,1.68
0.5903991370010787,0.0,1.0,0.0,0.0,0.0,3.0,2.0,12.0
0.10172599784250269,0.0,1.0,0.0,0.0,0.0,2.0,1.0,0.99
0.18155339805825244,0.0,0.0,0.0,1.0,1.0,2.0,0.0,1.35
0.17411003236245956,0.0,0.0,0.0,1.0,0.0,2.0,0.0,0.79
0.5098166127292341,0.0,1.0,0.0,0.0,0.0,3.0,0.0,11.5
0.1499460625674218,0.0,1.0,0.0,0.0,1.0,2.0,2.0,1.89
0.3228694714131607,1.0,0.0,0.0,0.0,4.0,3.0,1.0,3.5
0.1,1.0,0.0,0.0,0.0,3.0,1.0,1.0,1.05
0.12642934196332256,0.0,0.0,1.0,0.0,2.0,2.0,1.0,1.43
0.07723840345199567,0.0,0.0,0.0,1.0,1.0,0.0,0.0,0.55
0.40701186623516716,0.0,1.0,0.0,0.0,0.0,3.0,1.0,6.25
0.1168284789644013,0.0,0.0,1.0,0.0,0.0,1.0,1.0,0.75
0.16720604099244876,0.0,0.0,1.0,0.0,1.0,2.0,0.0,2.3
0.11790722761596548,0.0,0.0,0.0,1.0,0.0,1.0,1.0,1.81
0.12653721682847896,0.0,0.0,0.0,1.0,3.0,1.0,0.0,1.65
0.10927723840345199,1.0,0.0,0.0,0.0,2.0,1.0,1.0,1.25
0.18932038834951456,1.0,0.0,0.0,0.0,1.0,2.0,0.0,1.4
0.15134843581445523,0.0,0.0,0.0,1.0,0.0,2.0,0.0,0.85
0.20604099244875945,0.0,0.0,1.0,0.0,2.0,2.0,1.0,1.4
0.10798274002157499,0.0,1.0,0.0,0.0,0.0,1.0,1.0,0.88
0.045199568500539376,0.0,0.0,1.0,0.0,0.0,0.0,1.0,0.48
0.1732470334412082,1.0,0.0,0.0,0.0,3.0,2.0,1.0,1.38
0.0981661272923409,0.0,0.0,0.0,1.0,0.0,1.0,2.0,0.8
0.10140237324703344,0.0,0.0,0.0,1.0,2.0,1.0,2.0,0.45
0.11995685005393744,0.0,1.0,0.0,0.0,1.0,1.0,1.0,1.23
0.13937432578209277,0.0,1.0,0.0,0.0,2.0,2.0,1.0,1.75
0.1271844660194175,0.0,0.0,0.0,1.0,1.0,1.0,0.0,0.75
0.35782092772384033,1.0,0.0,0.0,0.0,2.0,3.0,1.0,5.8
0.12642934196332256,1.0,0.0,0.0,0.0,0.0,2.0,2.0,1.08
0.6757281553398058,1.0,0.0,0.0,0.0,2.0,3.0,2.0,12.0
0.1209277238403452,0.0,0.0,0.0,1.0,3.0,1.0,0.0,0.95
0.2559870550161812,0.0,0.0,0.0,1.0,4.0,2.0,1.0,1.85
0.23132254584681772,0.0,0.0,0.0,1.0,2.0,3.0,2.0,4.71
0.5070118662351671,0.0,1.0,0.0,0.0,2.0,3.0,1.0,7.8
0.17400215749730313,0.0,0.0,0.0,1.0,2.0,2.0,1.0,0.78
0.16375404530744336,0.0,0.0,1.0,0.0,3.0,2.0,1.0,1.05
0.11574973031283711,0.0,0.0,1.0,0.0,2.0,2.0,1.0,1.35
0.12427184466019417,0.0,1.0,0.0,0.0,0.0,1.0,1.0,0.67
0.1458468176914779,0.0,1.0,0.0,0.0,0.0,2.0,1.0,1.22
0.2879180151024811,1.0,0.0,0.0,0.0,2.0,3.0,1.0,3.3
0.11574973031283711,0.0,1.0,0.0,0.0,2.0,1.0,1.0,1.35
0.11380798274002157,0.0,1.0,0.0,0.0,0.0,1.0,1.0,1.25
0.19093851132686085,0.0,0.0,0.0,1.0,2.0,2.0,0.0,4.0
0.21283710895361382,0.0,1.0,0.0,0.0,2.0,2.0,1.0,2.5
0.16699029126213594,0.0,1.0,0.0,0.0,2.0,2.0,1.0,2.2
0.7385113268608414,1.0,0.0,0.0,0.0,3.0,3.0,2.0,12.0
0.18047464940668825,0.0,0.0,1.0,0.0,1.0,2.0,1.0,2.21
0.13398058252427186,1.0,0.0,0.0,0.0,2.0,2.0,1.0,0.78
0.0779935275080906,0.0,0.0,1.0,0.0,0.0,1.0,1.0,0.47
0.1499460625674218,0.0,1.0,0.0,0.0,0.0,2.0,1.0,2.9
0.32675296655879177,1.0,0.0,0.0,0.0,2.0,3.0,2.0,6.0
0.3228694714131607,1.0,0.0,0.0,0.0,0.0,3.0,1.0,4.55
0.11305285868392664,0.0,0.0,1.0,0.0,3.0,1.0,0.0,1.08
0.16526429341963322,0.0,0.0,1.0,0.0,1.0,2.0,0.0,1.95
0.15728155339805827,1.0,0.0,0.0,0.0,4.0,1.0,1.0,1.2
0.14811218985976268,0.0,1.0,0.0,0.0,0.0,1.0,1.0,1.2
0.15965480043149946,1.0,0.0,0.0,0.0,0.0,2.0,1.0,1.17
0.1714131607335491,1.0,0.0,0.0,0.0,0.0,2.0,2.0,3.45
0.20248112189859763,0.0,0.0,1.0,0.0,0.0,2.0,1.0,3.81
0.133764832793959,1.0,0.0,0.0,0.0,2.0,1.0,2.0,0.77
0.11574973031283711,0.0,0.0,1.0,0.0,5.0,1.0,0.0,0.42
0.14638619201726,1.0,0.0,0.0,0.0,1.0,2.0,1.0,1.54
0.09137001078748652,0.0,0.0,1.0,0.0,2.0,1.0,1.0,0.36
0.11887810140237326,1.0,0.0,0.0,0.0,3.0,1.0,1.0,0.78
0.14368932038834953,1.0,0.0,0.0,0.0,2.0,2.0,1.0,0.84
0.3145631067961165,0.0,1.0,0.0,0.0,3.0,3.0,2.0,6.0
0.15124056094929883,0.0,1.0,0.0,0.0,2.0,1.0,2.0,1.55
0.11574973031283711,0.0,0.0,0.0,1.0,2.0,1.0,0.0,1.5
0.10064724919093851,0.0,0.0,1.0,0.0,0.0,2.0,1.0,1.3
0.3238403451995685,1.0,0.0,0.0,0.0,1.0,3.0,1.0,2.26
0.10722761596548006,0.0,1.0,0.0,0.0,0.0,1.0,1.0,1.3
0.14811218985976268,0.0,1.0,0.0,0.0,2.0,1.0,0.0,1.43
0.11445523193096008,1.0,0.0,0.0,0.0,0.0,2.0,1.0,0.41
0.2405609492988134,0.0,0.0,0.0,1.0,2.0,2.0,0.0,6.5
0.30388349514563107,0.0,1.0,0.0,0.0,3.0,3.0,2.0,3.5
0.10852211434735706,0.0,1.0,0.0,0.0,1.0,1.0,1.0,0.85
0.14023732470334413,0.0,0.0,1.0,0.0,0.0,1.0,1.0,0.88
0.14077669902912623,0.0,1.0,0.0,0.0,0.0,2.0,1.0,2.15
0.17583603020496225,0.0,0.0,1.0,0.0,2.0,2.0,0.0,0.7
0.11574973031283711,0.0,0.0,0.0,1.0,5.0,2.0,0.0,0.8
0.1336569579288026,1.0,0.0,0.0,0.0,2.0,1.0,0.0,0.77
0.17885652642934197,0.0,1.0,0.0,0.0,2.0,2.0,0.0,2.35
0.10690399137001078,0.0,1.0,0.0,0.0,1.0,1.0,1.0,1.1
0.14681769147788565,0.0,1.0,0.0,0.0,1.0,3.0,0.0,1.9
0.2451995685005394,0.0,0.0,0.0,1.0,2.0,2.0,1.0,4.5
0.12017259978425027,0.0,0.0,1.0,0.0,3.0,1.0,1.0,1.49
0.14487594390507014,0.0,0.0,1.0,0.0,4.0,1.0,0.0,1.0
0.16817691477885655,0.0,0.0,0.0,1.0,0.0,2.0,0.0,2.58
0.11186623516720604,1.0,0.0,0.0,0.0,0.0,1.0,1.0,0.7
0.10323624595469255,0.0,0.0,0.0,1.0,4.0,1.0,1.0,0.65
0.14314994606256742,0.0,0.0,1.0,0.0,0.0,2.0,1.0,2.5
0.27551240560949297,1.0,0.0,0.0,0.0,0.0,2.0,2.0,3.0
0.14908306364617044,0.0,1.0,0.0,0.0,0.0,1.0,1.0,0.81
0.27432578209277236,1.0,0.0,0.0,0.0,0.0,3.0,2.0,3.3
0.17216828478964402,0.0,0.0,1.0,0.0,2.0,2.0,1.0,3.1
0.10927723840345199,0.0,0.0,0.0,1.0,0.0,1.0,0.0,0.58
0.09417475728155339,0.0,1.0,0.0,0.0,2.0,1.0,2.0,0.9
0.05965480043149946,1.0,0.0,0.0,0.0,2.0,0.0,1.0,0.43
0.23462783171521037,0.0,1.0,0.0,0.0,3.0,3.0,1.0,3.0
0.20938511326860842,1.0,0.0,0.0,0.0,1.0,3.0,2.0,3.1
0.17270765911542613,0.0,0.0,1.0,0.0,0.0,2.0,0.0,3.2
0.10474649406688241,1.0,0.0,0.0,0.0,0.0,1.0,1.0,1.13
0.1336569579288026,1.0,0.0,0.0,0.0,2.0,1.0,1.0,0.77
0.13527508090614887,0.0,0.0,1.0,0.0,2.0,2.0,0.0,0.56
0.06828478964401294,0.0,0.0,1.0,0.0,0.0,0.0,0.0,0.26
0.13085221143473572,0.0,0.0,1.0,0.0,4.0,2.0,1.0,1.08
0.14433656957928803,1.0,0.0,0.0,0.0,0.0,2.0,1.0,0.82
0.17680690399137003,1.0,0.0,0.0,0.0,1.0,2.0,1.0,1.52
0.11434735706580368,1.0,0.0,0.0,0.0,2.0,1.0,0.0,0.79
0.14368932038834953,1.0,0.0,0.0,0.0,0.0,2.0,0.0,0.85
0.15717367853290184,1.0,0.0,0.0,0.0,0.0,2.0,1.0,2.85
0.3567421790722761,0.0,1.0,0.0,0.0,3.0,3.0,2.0,5.23
0.11208198489751889,0.0,0.0,1.0,0.0,3.0,1.0,1.0,0.4
0.14735706580366775,0.0,1.0,0.0,0.0,0.0,2.0,1.0,1.45
0.18910463861920174,0.0,0.0,1.0,0.0,0.0,2.0,0.0,0.94
0.14368932038834953,1.0,0.0,0.0,0.0,2.0,2.0,0.0,0.84
0.2365695792880259,1.0,0.0,0.0,0.0,1.0,3.0,1.0,3.4
0.14444444444444446,0.0,0.0,1.0,0.0,2.0,1.0,1.0,1.0
0.11359223300970875,1.0,0.0,0.0,0.0,4.0,1.0,1.0,0.85
0.17001078748651566,0.0,0.0,0.0,1.0,0.0,2.0,1.0,3.04
0.17583603020496225,0.0,0.0,1.0,0.0,2.0,2.0,0.0,0.54
0.1486515641855448,1.0,0.0,0.0,0.0,1.0,2.0,1.0,2.4
0.30269687162891046,0.0,1.0,0.0,0.0,0.0,3.0,0.0,5.21
0.22200647249190938,0.0,0.0,1.0,0.0,2.0,2.0,1.0,1.85
0.12362459546925567,0.0,1.0,0.0,0.0,0.0,1.0,1.0,2.0
0.21305285868392665,0.0,1.0,0.0,0.0,1.0,2.0,1.0,1.7
0.1533980582524272,1.0,0.0,0.0,0.0,2.0,2.0,1.0,0.9
0.19093851132686085,0.0,1.0,0.0,0.0,1.0,2.0,0.0,3.1
0.05587918015102481,0.0,0.0,1.0,0.0,2.0,0.0,1.0,0.22
0.750269687162891,1.0,0.0,0.0,0.0,1.0,3.0,0.0,12.04
0.3908306364617044,1.0,0.0,0.0,0.0,3.0,3.0,1.0,2.43
0.19579288025889968,0.0,1.0,0.0,0.0,4.0,2.0,1.0,2.1
0.04325782092772384,1.0,0.0,0.0,0.0,1.0,0.0,1.0,0.33
0.0494066882416397,0.0,0.0,1.0,0.0,0.0,0.0,0.0,0.6
0.15091693635382958,1.0,0.0,0.0,0.0,1.0,1.0,1.0,0.78
0.08921251348435816,0.0,1.0,0.0,0.0,4.0,1.0,2.0,0.37
0.13840345199568502,1.0,0.0,0.0,0.0,0.0,2.0,1.0,3.0
0.13290183387270768,0.0,0.0,0.0,1.0,2.0,1.0,1.0,0.85
0.1283710895361381,1.0,0.0,0.0,0.0,0.0,2.0,1.0,1.5
0.09924487594390508,0.0,1.0,0.0,0.0,0.0,1.0,0.0,0.99
0.14207119741100324,0.0,1.0,0.0,0.0,0.0,2.0,1.0,1.42
0.30086299892125135,1.0,0.0,0.0,0.0,2.0,3.0,1.0,3.45
0.13300970873786408,1.0,0.0,0.0,0.0,2.0,1.0,0.0,2.02
0.6122977346278317,1.0,0.0,0.0,0.0,0.0,3.0,1.0,5.1
0.09201725997842503,0.0,1.0,0.0,0.0,3.0,1.0,1.0,0.69
0.1133764832793959,1.0,0.0,0.0,0.0,2.0,1.0,1.0,1.89
0.11628910463861919,0.0,1.0,0.0,0.0,2.0,1.0,2.0,1.0
0.040237324703344124,0.0,0.0,0.0,1.0,2.0,0.0,0.0,0.25
0.1394822006472492,0.0,1.0,0.0,0.0,2.0,2.0,0.0,1.35
0.11445523193096008,1.0,0.0,0.0,0.0,0.0,1.0,0.0,1.35
0.3797195253505933,0.0,1.0,0.0,0.0,2.0,3.0,1.0,3.9
0.20841423948220067,0.0,1.0,0.0,0.0,1.0,3.0,2.0,5.29
0.44563106796116503,0.0,1.0,0.0,0.0,2.0,2.0,0.0,5.6
0.2127292340884574,1.0,0.0,0.0,0.0,0.0,2.0,1.0,1.74
0.1558791801510248,1.0,0.0,0.0,0.0,1.0,2.0,1.0,2.0
0.5738942826321467,1.0,0.0,0.0,0.0,2.0,3.0,1.0,5.9
0.141747572815534,0.0,0.0,1.0,0.0,0.0,2.0,0.0,1.19
0.11823085221143473,0.0,1.0,0.0,0.0,3.0,2.0,1.0,0.75
0.1070118662351672,0.0,1.0,0.0,0.0,0.0,1.0,1.0,1.05
0.10755124056094931,1.0,0.0,0.0,0.0,0.0,1.0,2.0,1.51
0.20528586839266452,1.0,0.0,0.0,0.0,1.0,3.0,1.0,3.1
0.1533980582524272,1.0,0.0,0.0,0.0,0.0,2.0,0.0,0.9
0.10539374325782092,0.0,1.0,0.0,0.0,2.0,1.0,1.0,1.0
0.33646170442286943,1.0,0.0,0.0,0.0,0.0,3.0,1.0,4.2
0.10269687162891047,0.0,1.0,0.0,0.0,2.0,1.0,1.0,0.78
0.14099244875943906,1.0,0.0,0.0,0.0,2.0,2.0,1.0,0.85
0.11823085221143473,1.0,0.0,0.0,0.0,3.0,1.0,1.0,0.84
0.13354908306364618,0.0,1.0,0.0,0.0,2.0,2.0,1.0,1.95
0.17583603020496225,0.0,0.0,1.0,0.0,2.0,2.0,0.0,0.54
0.13710895361380798,0.0,0.0,1.0,0.0,2.0,1.0,0.0,0.77
0.13300970873786408,0.0,1.0,0.0,0.0,3.0,2.0,1.0,1.08
0.11833872707659115,0.0,0.0,1.0,0.0,1.0,1.0,1.0,1.25
0.1783171521035599,1.0,0.0,0.0,0.0,1.0,2.0,1.0,1.87
0.14951456310679612,0.0,0.0,1.0,0.0,2.0,2.0,0.0,0.52
0.12114347357065805,0.0,0.0,1.0,0.0,2.0,2.0,1.0,1.18
0.06947141316073355,0.0,1.0,0.0,0.0,2.0,1.0,1.0,0.36
0.15728155339805827,0.0,0.0,0.0,1.0,3.0,1.0,2.0,0.65
0.12977346278317153,0.0,1.0,0.0,0.0,2.0,1.0,1.0,0.66
0.11607335490830636,1.0,0.0,0.0,0.0,0.0,1.0,1.0,0.62
0.27993527508090615,1.0,0.0,0.0,0.0,0.0,3.0,1.0,3.2
0.11693635382955772,1.0,0.0,0.0,0.0,1.0,1.0,1.0,0.85
0.1401294498381877,0.0,1.0,0.0,0.0,2.0,2.0,0.0,1.31
0.18047464940668825,0.0,1.0,0.0,0.0,2.0,2.0,2.0,2.45
0.3,0.0,1.0,0.0,0.0,0.0,2.0,2.0,3.36
0.10280474649406687,0.0,0.0,0.0,1.0,2.0,1.0,1.0,1.25
0.1168284789644013,0.0,0.0,1.0,0.0,3.0,1.0,1.0,0.56
0.1562028047464941,0.0,0.0,1.0,0.0,2.0,2.0,0.0,2.2
0.10377562028047466,1.0,0.0,0.0,0.0,1.0,1.0,1.0,0.65
0.1378640776699029,0.0,0.0,0.0,1.0,2.0,2.0,0.0,0.8
0.21186623516720604,0.0,1.0,0.0,0.0,2.0,2.0,1.0,2.4
0.368824163969795,0.0,1.0,0.0,0.0,2.0,3.0,2.0,2.85
0.13969795037756202,0.0,0.0,1.0,0.0,0.0,2.0,1.0,2.11
0.15889967637540453,0.0,0.0,1.0,0.0,0.0,2.0,2.0,0.84
0.059978425026968714,0.0,0.0,0.0,1.0,3.0,0.0,1.0,0.59
0.1331175836030205,1.0,0.0,0.0,0.0,1.0,2.0,1.0,1.02
