apartment_name,apartment_loc,facility
21st Castle Green Boulevard,Sarjapur Road,"['Squash Court', 'Yoga/Meditation Area', 'Basketball Court', 'Club House', ""Children's Play Area"", 'Swimming Pool', 'Jogging Track', 'Lawn Tennis Court', 'Gymnasium']"
2Gtula,Hoodi,"['Lounge', 'Creche/Day Care', ""Children's Play Area"", 'Swimming Pool', 'Park', 'Banquet Hall', 'Jogging Track', 'Theatre', 'Gymnasium']"
A Grade,Hebbal,"['Centrally Air Conditioned', 'Water purifier', 'Security / Fire Alarm', 'Feng Shui / Vaastu Compliant', 'Private Garden / Terrace', 'Intercom Facility', 'Lift(s)', 'High Ceiling Height', 'Maintenance Staff', 'False Ceiling Lighting', 'Water Storage', 'Separate entry for servant room', 'No open drainage around', 'Piped-gas', 'Internet/wi-fi connectivity', 'Recently Renovated', 'Visitor Parking', 'Swimming Pool', 'Park', 'Natural Light', 'Airy Rooms', 'Spacious Interiors', 'Waste Disposal', 'Rain Water Harvesting', 'Water softening plant', 'Shopping Centre', 'Fitness Centre / GYM']"
ACS Meghana and Shali Apartments,Banashankari Stage 2,"['Security / Fire Alarm', 'Feng Shui / Vaastu Compliant', 'Intercom Facility', 'Lift(s)', 'Maintenance Staff', 'Water Storage', 'No open drainage around', 'Piped-gas', 'Visitor Parking', 'Swimming Pool', 'Park', 'Security Personnel', 'Natural Light', 'Internet/wi-fi connectivity', 'Airy Rooms', 'Spacious Interiors', 'Fitness Centre / GYM', 'Waste Disposal', 'Rain Water Harvesting', 'Club house / Community Center']"
AECS Layout RWA,Sanjayanagar,"['Security / Fire Alarm', 'Lift(s)', 'Water Storage', 'Rain Water Harvesting']"
AM Classic,Hongasandra,"['Security / Fire Alarm', 'Lift(s)', 'Water Storage']"
ARS Green Villae Rosaceae,Sompura,"['Lift(s)', 'Maintenance Staff', 'Water Storage', 'Piped-gas', 'Visitor Parking', 'Swimming Pool', 'Park', 'Security Personnel', 'Natural Light', 'Airy Rooms', 'Fitness Centre / GYM', 'Waste Disposal', 'Rain Water Harvesting', 'Club house / Community Center']"
ARS Signature Homes,Kada Agrahara,"['Multipurpose court', 'Skating Rink', 'Amphitheatre', ""Children's Play Area"", 'Swimming Pool', 'Park', 'Jogging Track', 'Multipurpose Hall', 'Gymnasium']"
ARVD Bel Air,Yelahanka,"['Gymnasium', 'Aerobics Centre', 'Club House', ""Children's Play Area"", 'Jogging Track', 'Restaurant', 'Library', 'Swimming Pool', 'Gazebo']"
ARVD Godavari,Rachenahalli,"['Power Back-up', 'Intercom Facility', 'Lift(s)', 'Fitness Centre / GYM', 'Club house / Community Center']"
ARVD Oasis,Nagasandra,"['Security / Fire Alarm', 'Power Back-up', 'Feng Shui / Vaastu Compliant', 'Intercom Facility', 'Lift(s)', 'High Ceiling Height', 'Maintenance Staff', 'False Ceiling Lighting', 'Water Storage', 'Separate entry for servant room', 'No open drainage around', 'Bank Attached Property', 'Piped-gas', 'Internet/wi-fi connectivity', 'Visitor Parking', 'Swimming Pool', 'Park', 'Security Personnel', 'Low Density Society', 'Waste Disposal', 'Rain Water Harvesting', 'Water softening plant', 'Shopping Centre', 'Fitness Centre / GYM', 'Club house / Community Center']"
ARVD Skylands,Jakkur,"['Security / Fire Alarm', 'Feng Shui / Vaastu Compliant', 'Intercom Facility', 'Lift(s)', 'Water purifier', 'Maintenance Staff', 'Water Storage', 'No open drainage around', 'Recently Renovated', 'Visitor Parking', 'Swimming Pool', 'Park', 'Security Personnel', 'Natural Light', 'Spacious Interiors', 'Low Density Society', 'Shopping Centre', 'Fitness Centre / GYM', 'Waste Disposal', 'Rain Water Harvesting', 'Club house / Community Center']"
ARVD Sowparnika,Hulimavu,"['Feng Shui / Vaastu Compliant', 'Security / Fire Alarm', 'Intercom Facility', 'Lift(s)', 'Maintenance Staff', 'Water Storage', 'Visitor Parking']"
ARVDS Nethravati,Billekahalli,"['Security / Fire Alarm', 'Lift(s)', 'Maintenance Staff', 'Piped-gas', 'Visitor Parking', 'Security Personnel', 'Internet/wi-fi connectivity', 'Fitness Centre / GYM', 'Waste Disposal']"
AWHO Sandeep Vihar,Whitefield,"['Security / Fire Alarm', 'Feng Shui / Vaastu Compliant', 'Intercom Facility', 'Lift(s)', 'Maintenance Staff', 'Water Storage', 'Separate entry for servant room', 'No open drainage around', 'Bank Attached Property', 'Piped-gas', 'Visitor Parking', 'Swimming Pool', 'Park', 'Security Personnel', 'Natural Light', 'Airy Rooms', 'Spacious Interiors', 'Low Density Society', 'Shopping Centre', 'Fitness Centre / GYM', 'Waste Disposal', 'Rain Water Harvesting', 'Club house / Community Center', 'Water softening plant']"
Aadhava Elite Homes K.Narayanapura,Chokkanahalli,"['Multipurpose Hall', 'Car Parking', 'Indoor Games', 'Banquet Hall', 'Community Hall', 'Jogging Track', 'Swimming Pool', ""Children's Play Area"", 'Gymnasium']"
Aakruti Amity,Shree Ananth Nagar Layout,"['Power Back-up', 'Feng Shui / Vaastu Compliant', 'Intercom Facility', 'Lift(s)', 'Swimming Pool', 'Park', 'Internet/wi-fi connectivity', 'Fitness Centre / GYM', 'Club house / Community Center']"
Aakruti Amity Apartment,Ananth Nagar Phase 2,"['Security / Fire Alarm', 'Feng Shui / Vaastu Compliant', 'Lift(s)', 'High Ceiling Height', 'Maintenance Staff', 'Water Storage', 'Visitor Parking', 'Park', 'Security Personnel', 'Natural Light', 'Airy Rooms', 'Low Density Society', 'Fitness Centre / GYM', 'Waste Disposal', 'Club house / Community Center']"
Aarena Guardiana,Ananth Nagar Phase 2,"['Feng Shui / Vaastu Compliant', 'Security / Fire Alarm', 'Intercom Facility', 'Lift(s)', 'Maintenance Staff', 'Water Storage', 'Park', 'Visitor Parking']"
Aarna Aplounder,Ananth Nagar Phase 2,"['Feng Shui / Vaastu Compliant', 'Security / Fire Alarm', 'Intercom Facility', 'Lift(s)', 'Maintenance Staff', 'Water Storage']"
Aarna Royal,Ananth Nagar Phase 2,"['Feng Shui / Vaastu Compliant', 'Security / Fire Alarm', 'Intercom Facility', 'Lift(s)', 'Maintenance Staff', 'Water Storage', 'Park', 'Visitor Parking']"
Aarna Splendor,Electronic City Phase 2,"['Feng Shui / Vaastu Compliant', 'Security / Fire Alarm', 'Intercom Facility', 'Lift(s)', 'Maintenance Staff', 'Water Storage', 'Visitor Parking']"
Aarna Splendour,Electronic City Phase 2,"['Feng Shui / Vaastu Compliant', 'Security / Fire Alarm', 'Lift(s)', 'Maintenance Staff', 'Water Storage']"
Aarna Sunrise,Ananth Nagar Phase 2,"['Security / Fire Alarm', 'Feng Shui / Vaastu Compliant', 'Intercom Facility', 'Lift(s)', 'High Ceiling Height', 'Maintenance Staff', 'False Ceiling Lighting', 'Water Storage', 'Separate entry for servant room', 'No open drainage around', 'Piped-gas', 'Visitor Parking', 'Swimming Pool', 'Park', 'Internet/wi-fi connectivity', 'Shopping Centre', 'Fitness Centre / GYM', 'Waste Disposal', 'Rain Water Harvesting', 'Water softening plant']"
Aarna Vintage,Electronics City Phase 2,"['Feng Shui / Vaastu Compliant', 'Security / Fire Alarm', 'Lift(s)', 'Maintenance Staff', 'Water Storage', 'Park', 'Visitor Parking']"
Aaspire Heights,Marathahalli,"['Power Back-up', 'Feng Shui / Vaastu Compliant', 'Intercom Facility', 'Lift(s)', 'Swimming Pool', 'Park', 'Fitness Centre / GYM', 'Club house / Community Center', 'Rain Water Harvesting']"
Abhee Siliconshe,Mullur,"['Gymnasium', ""Children's Play Area"", 'Amphitheatre', 'Swimming Pool', 'Creche/Day Care', 'Jogging Track', 'Skating Rink', 'Park', 'Yoga/Meditation Area']"
Abhiman,Electronic City Phase 2,"['Feng Shui / Vaastu Compliant', 'Security / Fire Alarm', 'Intercom Facility', 'Lift(s)', 'Maintenance Staff', 'Water Storage']"
Abodh Valmark,Govindapura,"['Power Back-up', 'Feng Shui / Vaastu Compliant', 'Intercom Facility', 'Lift(s)', 'Swimming Pool', 'Maintenance Staff', 'Park', 'Security Personnel', 'Fitness Centre / GYM', 'Club house / Community Center', 'Rain Water Harvesting']"
Acas Apoorva Dew Drops,Anjanapura Township,"['Intercom Facility', 'Lift(s)', 'Feng Shui / Vaastu Compliant', 'Piped-gas', 'Security Personnel', 'Maintenance Staff', 'Swimming Pool', 'Park', 'Club house / Community Center', 'Fitness Centre / GYM']"
Accent Ashlar,Chikkanagamangala,"['Lift(s)', 'Maintenance Staff', 'Water Storage', 'Park', 'Visitor Parking']"
Accent Kruthika Nilaya,Kudlu,"['Security / Fire Alarm', 'Feng Shui / Vaastu Compliant', 'Lift(s)', 'Water purifier', 'High Ceiling Height', 'Maintenance Staff', 'Water Storage', 'No open drainage around', 'Visitor Parking', 'Natural Light', 'Internet/wi-fi connectivity', 'Airy Rooms', 'Fitness Centre / GYM', 'Rain Water Harvesting', 'Club house / Community Center', 'Water softening plant']"
Adarsh Welk Park,Sarjapur Road,"['Golf Course', 'Club House', 'Gymnasium', ""Children's Play Area"", 'Amphitheatre', 'Swimming Pool', 'Creche/Day Care', 'Banquet Hall', 'Park']"
Adithya Beau Monde,Whitefield,"['Security / Fire Alarm', 'Intercom Facility', 'Lift(s)', 'Maintenance Staff', 'False Ceiling Lighting', 'Swimming Pool', 'Park', 'Security Personnel', 'Natural Light', 'Internet/wi-fi connectivity', 'Low Density Society', 'Fitness Centre / GYM', 'Waste Disposal', 'Rain Water Harvesting', 'Club house / Community Center']"
Adya Nivas,Electronics City,"['Feng Shui / Vaastu Compliant', 'Lift(s)', 'Swimming Pool', 'Park', 'Visitor Parking', 'Fitness Centre / GYM', 'Club house / Community Center']"
Affity Brundaavana,Thanisandra,"['Gymnasium', 'Park', 'Club House', ""Children's Play Area"", 'Jogging Track', 'Amphitheatre', 'Swimming Pool', 'Badminton Court', 'Basketball Court']"
Ahad Serenity,Sarjapur Road,"['Lift(s)', 'Swimming Pool', 'Park', 'Piped-gas', 'Fitness Centre / GYM', 'Club house / Community Center', 'Rain Water Harvesting']"
Aishwarya Chethana Meadows,Carmelaram,"['Feng Shui / Vaastu Compliant', 'Lift(s)', 'No open drainage around', 'Security Personnel', 'Natural Light', 'Airy Rooms', 'Spacious Interiors', 'Low Density Society']"
Aisiri Elegant,Gattigere,"['Feng Shui / Vaastu Compliant', 'Lift(s)', 'Water Storage', 'Visitor Parking']"
Ajmera Lakeside Paradise,Kempanahalli,"['Theatre', 'Gymnasium', 'Park', 'Club House', 'Banquet Hall', ""Children's Play Area"", 'Jogging Track', 'Swimming Pool', 'Gazebo']"
Ajmera Nucleus,Electronics City,"['Feng Shui / Vaastu Compliant', 'Security / Fire Alarm', 'Intercom Facility', 'Lift(s)', 'Maintenance Staff', 'Swimming Pool', 'Water Storage', 'Park', 'Visitor Parking', 'Internet/wi-fi connectivity', 'Fitness Centre / GYM', 'Club house / Community Center']"
Ajmera Stone Park,Electronics City,"['Power Back-up', 'Lift(s)', 'Swimming Pool', 'Park', 'Internet/wi-fi connectivity', 'Fitness Centre / GYM', 'Club house / Community Center', 'Rain Water Harvesting']"
Akash Villa,JP Nagar,"['Security / Fire Alarm', 'Lift(s)', 'Maintenance Staff', 'Water Storage', 'Visitor Parking']"
Akshara Paramount,Kammasandra,"['Security / Fire Alarm', 'Visitor Parking']"
Akshaya Temple Tree,Kundalahalli,"['Security / Fire Alarm', 'Intercom Facility', 'Lift(s)', 'Maintenance Staff', 'False Ceiling Lighting', 'Water Storage', 'Bank Attached Property', 'Visitor Parking', 'Swimming Pool', 'Park', 'Security Personnel', 'Natural Light', 'Internet/wi-fi connectivity', 'Airy Rooms', 'Spacious Interiors', 'Low Density Society', 'Shopping Centre', 'Fitness Centre / GYM', 'Rain Water Harvesting', 'Club house / Community Center', 'Water softening plant']"
Akshayas Shell Brundavan,Yelahanka New Town,"['Security / Fire Alarm', 'Feng Shui / Vaastu Compliant', 'Lift(s)', 'Maintenance Staff', 'False Ceiling Lighting', 'Water Storage', 'No open drainage around', 'Recently Renovated', 'Security Personnel', 'Natural Light', 'Internet/wi-fi connectivity', 'Airy Rooms', 'Spacious Interiors', 'Shopping Centre', 'Fitness Centre / GYM', 'Waste Disposal', 'Rain Water Harvesting']"
Akul Residency,Gunjur,"['Power Back-up', 'Feng Shui / Vaastu Compliant', 'Security / Fire Alarm', 'Intercom Facility', 'Lift(s)', 'Swimming Pool', 'Maintenance Staff', 'Water Storage', 'Park', 'Visitor Parking', 'Fitness Centre / GYM', 'Rain Water Harvesting']"
Alpe Eco,Kartik Nagar,"['Security / Fire Alarm', 'Private Garden / Terrace', 'Intercom Facility', 'Lift(s)', 'Maintenance Staff', 'False Ceiling Lighting', 'Water Storage', 'Visitor Parking', 'Park', 'Natural Light', 'Internet/wi-fi connectivity', 'Airy Rooms', 'Spacious Interiors']"
Alpe Eco Doddanekundi,Dodda Nekkundi,"['Security / Fire Alarm', 'Feng Shui / Vaastu Compliant', 'Private Garden / Terrace', 'Intercom Facility', 'Lift(s)', 'High Ceiling Height', 'Maintenance Staff', 'False Ceiling Lighting', 'Water Storage', 'No open drainage around', 'Bank Attached Property', 'Piped-gas', 'Internet/wi-fi connectivity', 'Visitor Parking', 'Swimming Pool', 'Park', 'Security Personnel', 'Natural Light', 'Airy Rooms', 'Spacious Interiors', 'Low Density Society', 'Waste Disposal', 'Rain Water Harvesting', 'Water softening plant', 'Shopping Centre', 'Fitness Centre / GYM', 'Club house / Community Center']"
Alpe Meadows,Vignana Nagar,"['Power Back-up', 'Feng Shui / Vaastu Compliant', 'Lift(s)', 'Maintenance Staff', 'Park', 'Security Personnel', 'Club house / Community Center', 'Rain Water Harvesting']"
Alpe Pyramid Sahakara Nagar,Yelahanka,"['Lounge', ""Children's Play Area"", 'Badminton Court', 'Park', 'Golf Course', 'Amphitheatre', 'Swimming Pool', 'Club House', 'Gymnasium']"
Alpe Viva,Whitefield,"['Private Garden / Terrace', 'Lift(s)', 'Swimming Pool', 'Park', 'Visitor Parking', 'Security Personnel', 'Internet/wi-fi connectivity', 'Shopping Centre', 'Fitness Centre / GYM', 'Club house / Community Center']"
Alpha Manor,3rd Block HBR Layout,"['Feng Shui / Vaastu Compliant', 'Security / Fire Alarm', 'Lift(s)', 'Maintenance Staff', 'Water Storage', 'Park']"
Amaravathi Sai Builders,Ananth Nagar Phase 2,"['Feng Shui / Vaastu Compliant', 'Security / Fire Alarm', 'Intercom Facility', 'Lift(s)', 'Maintenance Staff', 'Water Storage', 'Park', 'Visitor Parking']"
Amaravati Sai Mokshita,Electronics City Phase 2,"['Feng Shui / Vaastu Compliant', 'Security / Fire Alarm', 'Lift(s)', 'Water Storage']"
Ambika Residency,Sarjapur Road,"['Feng Shui / Vaastu Compliant', 'Security / Fire Alarm', 'Intercom Facility', 'Lift(s)', 'Maintenance Staff', 'Swimming Pool', 'Water Storage', 'Park', 'Visitor Parking', 'Shopping Centre', 'Fitness Centre / GYM', 'Water softening plant']"
Amigo Amparo,Yelahanka,"['Security / Fire Alarm', 'Feng Shui / Vaastu Compliant', 'Intercom Facility', 'Lift(s)', 'Maintenance Staff', 'Water Storage', 'Visitor Parking', 'Swimming Pool', 'Security Personnel', 'Natural Light', 'Airy Rooms', 'Low Density Society', 'Fitness Centre / GYM', 'Waste Disposal', 'Rain Water Harvesting', 'Club house / Community Center', 'Water softening plant']"
Amigo Estella,RK Hegde Nagar,"['Power Back-up', 'Feng Shui / Vaastu Compliant', 'Intercom Facility', 'Lift(s)', 'Maintenance Staff', 'Water Storage', 'No open drainage around', 'Swimming Pool', 'Park', 'Natural Light', 'Airy Rooms', 'Fitness Centre / GYM', 'Waste Disposal', 'Rain Water Harvesting', 'Club house / Community Center']"
Amigo Lake View Apartments,Thirumenahalli,"['Security / Fire Alarm', 'Lift(s)', 'Maintenance Staff', 'Swimming Pool', 'Water Storage', 'No open drainage around', 'Security Personnel', 'Natural Light', 'Airy Rooms', 'Spacious Interiors', 'Fitness Centre / GYM', 'Club house / Community Center']"
Amma and Sreerama Apartment,Amruthahalli,"['Feng Shui / Vaastu Compliant', 'Lift(s)', 'False Ceiling Lighting', 'Water Storage', 'Recently Renovated', 'Security Personnel', 'Natural Light', 'Internet/wi-fi connectivity', 'Airy Rooms', 'Spacious Interiors', 'Waste Disposal']"
Amrutha Heights Phase 2,Nallurhalli,"['Badminton Court', 'Basketball Court', 'Club House', ""Children's Play Area"", 'Swimming Pool', 'Park', 'Jogging Track', 'Multipurpose Hall', 'Gymnasium']"
Amrutha Heights Phase 2 Nallurhalli,Siddapura,"['Multipurpose Hall', 'Basketball Court', 'Badminton Court', ""Children's Play Area"", 'Gymnasium', 'Club House', 'Swimming Pool', 'Park', 'Jogging Track']"
Amrutha Lakewoods,Jakkur,"['Feng Shui / Vaastu Compliant', 'Security / Fire Alarm', 'Lift(s)', 'Maintenance Staff', 'Water Storage']"
Ananth Nagar Phase 2 SVR Kutiram,Ananth Nagar,"['Feng Shui / Vaastu Compliant', 'Security / Fire Alarm', 'Intercom Facility', 'Lift(s)', 'Maintenance Staff', 'Water Storage']"
Anjali Palms Meadows,Singasandra,"['Feng Shui / Vaastu Compliant', 'Intercom Facility', 'Lift(s)', 'Maintenance Staff', 'Park', 'Security Personnel', 'Fitness Centre / GYM', 'Club house / Community Center', 'Rain Water Harvesting']"
Anjanadri Apartment,Padmanabhanagar,"['Feng Shui / Vaastu Compliant', 'Security / Fire Alarm', 'Intercom Facility', 'Lift(s)', 'Water Storage']"
Anjandri Elite,Dubasi Palya,"['Security / Fire Alarm', 'Intercom Facility', 'Lift(s)', 'Water Storage', 'Visitor Parking']"
Anriya Dwellgton,Lottegollahalli,"['Security / Fire Alarm', 'Feng Shui / Vaastu Compliant', 'Intercom Facility', 'Lift(s)', 'High Ceiling Height', 'Maintenance Staff', 'Water Storage', 'No open drainage around', 'Piped-gas', 'Visitor Parking', 'Swimming Pool', 'Park', 'Security Personnel', 'Natural Light', 'Internet/wi-fi connectivity', 'Airy Rooms', 'Spacious Interiors', 'Low Density Society', 'Fitness Centre / GYM', 'Rain Water Harvesting', 'Club house / Community Center']"
Anugraha Apartments,KHB Colony,"['Feng Shui / Vaastu Compliant', 'Lift(s)', 'Water purifier', 'Water Storage', 'No open drainage around', 'Recently Renovated', 'Natural Light', 'Airy Rooms', 'Internet/wi-fi connectivity', 'Spacious Interiors', 'Low Density Society', 'Rain Water Harvesting']"
Aparna Ela,Yeshwanthpur,"['Security / Fire Alarm', 'Feng Shui / Vaastu Compliant', 'Private Garden / Terrace', 'Intercom Facility', 'Lift(s)', 'Centrally Air Conditioned', 'Water purifier', 'Water Storage', 'Bank Attached Property', 'Piped-gas', 'Visitor Parking', 'Swimming Pool', 'Park', 'Security Personnel', 'Internet/wi-fi connectivity', 'Shopping Centre', 'Fitness Centre / GYM', 'Waste Disposal', 'Club house / Community Center', 'Water softening plant']"
Apartment,Suryanagar Phase I,"['Feng Shui / Vaastu Compliant', 'Lift(s)', 'Maintenance Staff', 'Swimming Pool', 'Park', 'Visitor Parking', 'Fitness Centre / GYM']"
Apoorva Sree,Bommasandra,"['Feng Shui / Vaastu Compliant', 'Security / Fire Alarm', 'Intercom Facility', 'Lift(s)', 'Maintenance Staff', 'Swimming Pool', 'Water Storage', 'Park', 'Visitor Parking', 'Shopping Centre', 'Fitness Centre / GYM', 'Water softening plant']"
Apurva Maples,HRBR Layout,"['Lift(s)', 'Maintenance Staff', 'Water Storage']"
Ar Tranquil Green,Babusapalaya,"['Security / Fire Alarm', 'Power Back-up', 'Feng Shui / Vaastu Compliant', 'Intercom Facility', 'Lift(s)', 'High Ceiling Height', 'Maintenance Staff', 'Water Storage', 'Separate entry for servant room', 'No open drainage around', 'Piped-gas', 'Visitor Parking', 'Swimming Pool', 'Park', 'Security Personnel', 'Internet/wi-fi connectivity', 'Shopping Centre', 'Fitness Centre / GYM', 'Waste Disposal', 'Rain Water Harvesting', 'Club house / Community Center', 'Water softening plant']"
Aratt Milano,Gattahalli,"['Private Garden / Terrace', 'Intercom Facility', 'Lift(s)', 'Maintenance Staff', 'Swimming Pool', 'Water Storage', 'Park', 'Security Personnel', 'Fitness Centre / GYM', 'Club house / Community Center', 'Rain Water Harvesting']"
Aratt Premier,Seetharampalya,"['Security / Fire Alarm', 'Power Back-up', 'Lift(s)', 'Maintenance Staff', 'Water Storage', 'No open drainage around', 'Visitor Parking', 'Swimming Pool', 'Park', 'Security Personnel', 'Natural Light', 'Internet/wi-fi connectivity', 'Airy Rooms', 'Spacious Interiors', 'Fitness Centre / GYM', 'Waste Disposal', 'Rain Water Harvesting', 'Club house / Community Center', 'Water softening plant']"
Aratt Requizza,Gollahalli,"['Power Back-up', 'Intercom Facility', 'Lift(s)', 'Swimming Pool', 'Park', 'Piped-gas', 'Fitness Centre / GYM', 'Club house / Community Center', 'Rain Water Harvesting']"
Arcade Dreams,Whitefield,"['Feng Shui / Vaastu Compliant', 'Intercom Facility', 'Lift(s)', 'High Ceiling Height', 'Maintenance Staff', 'No open drainage around', 'Recently Renovated', 'Bank Attached Property', 'Swimming Pool', 'Park', 'Security Personnel', 'Natural Light', 'Airy Rooms', 'Internet/wi-fi connectivity', 'Spacious Interiors', 'Fitness Centre / GYM', 'Waste Disposal', 'Rain Water Harvesting', 'Club house / Community Center']"
Arcade Elegance,Divya Unnathi Layout,"['Security / Fire Alarm', 'Intercom Facility', 'Lift(s)', 'Water purifier', 'Maintenance Staff', 'No open drainage around', 'Swimming Pool', 'Park', 'Security Personnel', 'Natural Light', 'Fitness Centre / GYM', 'Waste Disposal', 'Rain Water Harvesting', 'Club house / Community Center']"
Architha 3,Rajarajeshwari Nagar,"['Security / Fire Alarm', 'Feng Shui / Vaastu Compliant', 'Intercom Facility', 'Lift(s)', 'High Ceiling Height', 'Maintenance Staff', 'Water Storage', 'No open drainage around', 'Visitor Parking', 'Security Personnel', 'Natural Light', 'Airy Rooms', 'Spacious Interiors', 'Low Density Society', 'Waste Disposal', 'Rain Water Harvesting']"
Architha Aarna,Rajarajeshwari Nagar,"['Terrace Garden', ""Children's Play Area"", 'Basketball Court', 'Swimming Pool', 'Park', 'Jogging Track', 'Club House', 'Yoga/Meditation Area', 'Gymnasium']"
Ardente PE Grove,Rayasandra,"['Feng Shui / Vaastu Compliant', 'Security / Fire Alarm', 'Lift(s)', 'Swimming Pool', 'Maintenance Staff', 'Water Storage', 'Park', 'Visitor Parking', 'Shopping Centre', 'Fitness Centre / GYM', 'Club house / Community Center', 'Rain Water Harvesting']"
Arge Urban Bloom,Yeshwanthpur,"['Security / Fire Alarm', 'Feng Shui / Vaastu Compliant', 'Private Garden / Terrace', 'Intercom Facility', 'Lift(s)', 'Maintenance Staff', 'Water Storage', 'Separate entry for servant room', 'No open drainage around', 'Piped-gas', 'Visitor Parking', 'Swimming Pool', 'Park', 'Security Personnel', 'Natural Light', 'Internet/wi-fi connectivity', 'Airy Rooms', 'Low Density Society', 'Fitness Centre / GYM', 'Waste Disposal', 'Rain Water Harvesting', 'Club house / Community Center', 'Water softening plant']"
Arjun Aura Apartments,Kutappa Garden,"['Intercom Facility', 'Lift(s)', 'Maintenance Staff', 'Park', 'Security Personnel', 'Fitness Centre / GYM', 'Club house / Community Center', 'Rain Water Harvesting', 'Water softening plant']"
Ark Serene County,Channasandra,"['Security / Fire Alarm', 'Maintenance Staff', 'Water Storage', 'Piped-gas', 'Visitor Parking']"
Arna Splendor,Shree Ananth Nagar Layout,"['Feng Shui / Vaastu Compliant', 'Intercom Facility', 'Lift(s)', 'Water Storage']"
Arsis Green Hills,KR Puram,"['Club House', 'Gymnasium', ""Children's Play Area"", 'Swimming Pool', 'Creche/Day Care', 'Theatre', 'Banquet Hall', 'Lounge', 'Park']"
Artha Emprasa,Kambalipura,"['Power Back-up', 'Lift(s)', 'Swimming Pool', 'Fitness Centre / GYM', 'Club house / Community Center']"
Artha Neo Midas,Hoskote,"['Lift(s)', 'Park', 'Fitness Centre / GYM', 'Club house / Community Center']"
Artisane Forest Breeze,Dollars Colony,"['Private Garden / Terrace', 'Lift(s)', 'Water purifier', 'High Ceiling Height', 'False Ceiling Lighting', 'Separate entry for servant room', 'No open drainage around', 'Piped-gas', 'Swimming Pool', 'Security Personnel', 'Natural Light', 'Internet/wi-fi connectivity', 'Airy Rooms', 'Spacious Interiors', 'Low Density Society', 'Fitness Centre / GYM', 'Waste Disposal', 'Rain Water Harvesting', 'Club house / Community Center', 'Water softening plant']"
Artismo Millionaire Tower,IVC Road,"['Gymnasium', 'Banquet Hall', ""Children's Play Area"", 'Yoga/Meditation Area', 'Party Lawn', 'Swimming Pool', 'Badminton Court', 'Creche/Day Care', 'Basketball Court']"
Arun MS Palazzo,Jakkur,"['Security / Fire Alarm', 'Feng Shui / Vaastu Compliant', 'Intercom Facility', 'Lift(s)', 'High Ceiling Height', 'Maintenance Staff', 'False Ceiling Lighting', 'Water Storage', 'Piped-gas', 'Visitor Parking', 'Swimming Pool', 'Park', 'Internet/wi-fi connectivity', 'Club house / Community Center']"
Arun Patios,Kenchenahalli,"['Security / Fire Alarm', 'Power Back-up', 'Feng Shui / Vaastu Compliant', 'Intercom Facility', 'Lift(s)', 'Maintenance Staff', 'Water Storage', 'No open drainage around', 'Swimming Pool', 'Park', 'Security Personnel', 'Natural Light', 'Internet/wi-fi connectivity', 'Airy Rooms', 'Spacious Interiors', 'Shopping Centre', 'Fitness Centre / GYM', 'Waste Disposal', 'Rain Water Harvesting', 'Club house / Community Center', 'Water softening plant']"
Arya Lotus,Whitefield,"['Power Back-up', 'Intercom Facility', 'Swimming Pool', 'Park', 'Natural Light', 'Airy Rooms', 'Fitness Centre / GYM', 'Club house / Community Center']"
Aryan 1 Celeste,Yelahanka,"['Centrally Air Conditioned', 'Water purifier', 'Security / Fire Alarm', 'Feng Shui / Vaastu Compliant', 'Private Garden / Terrace', 'Intercom Facility', 'Lift(s)', 'High Ceiling Height', 'Maintenance Staff', 'False Ceiling Lighting', 'Water Storage', 'Separate entry for servant room', 'No open drainage around', 'Bank Attached Property', 'Piped-gas', 'Internet/wi-fi connectivity', 'Recently Renovated', 'Visitor Parking', 'Swimming Pool', 'Park', 'Security Personnel', 'Natural Light', 'Airy Rooms', 'Spacious Interiors', 'Low Density Society', 'Waste Disposal', 'Rain Water Harvesting', 'Water softening plant', 'Shopping Centre', 'Fitness Centre / GYM', 'Club house / Community Center']"
Aryan Arcade,Hebbal,"['Feng Shui / Vaastu Compliant', 'Security / Fire Alarm', 'Intercom Facility', 'Lift(s)', 'Maintenance Staff', 'Water Storage', 'Waste Disposal', 'Rain Water Harvesting']"
Aryan Fairy,Ashwathnagar,"['Security / Fire Alarm', 'Lift(s)', 'Maintenance Staff', 'Visitor Parking']"
Aryan Opulence,Rajarajeshwari Nagar,"[""Children's Play Area"", 'Basketball Court', 'Park', 'Jogging Track', 'Badminton Court', 'Club House', 'Banquet Hall', 'Cricket Pitch', 'Gymnasium']"
Aryan Pebble Bay,Amam Enclave Layout,"['Security / Fire Alarm', 'Feng Shui / Vaastu Compliant', 'Private Garden / Terrace', 'Intercom Facility', 'Lift(s)', 'Maintenance Staff', 'Water Storage', 'No open drainage around', 'Visitor Parking', 'Swimming Pool', 'Park', 'Security Personnel', 'Natural Light', 'Airy Rooms', 'Spacious Interiors', 'Low Density Society', 'Fitness Centre / GYM', 'Waste Disposal', 'Rain Water Harvesting', 'Club house / Community Center']"
Aryan She,Mullur,"['Feng Shui / Vaastu Compliant', 'Security / Fire Alarm', 'Lift(s)', 'Maintenance Staff', 'Swimming Pool', 'Water Storage', 'Park', 'Visitor Parking', 'Shopping Centre', 'Fitness Centre / GYM', 'Water softening plant']"
Ashish Green B Block,Varthur,"['Security / Fire Alarm', 'Power Back-up', 'Feng Shui / Vaastu Compliant', 'Intercom Facility', 'Lift(s)', 'Maintenance Staff', 'False Ceiling Lighting', 'Water Storage', 'No open drainage around', 'Visitor Parking', 'Swimming Pool', 'Park', 'Natural Light', 'Airy Rooms', 'Internet/wi-fi connectivity', 'Spacious Interiors', 'Low Density Society', 'Fitness Centre / GYM', 'Waste Disposal', 'Rain Water Harvesting', 'Club house / Community Center']"
Ashish JK Apartments,Thubarahalli,"['Power Back-up', 'Intercom Facility', 'Lift(s)', 'Swimming Pool', 'Maintenance Staff', 'Park', 'Security Personnel', 'Internet/wi-fi connectivity', 'Fitness Centre / GYM', 'Club house / Community Center', 'Rain Water Harvesting']"
Ashish Monarch Apartments,Varthur,"['Security / Fire Alarm', 'Intercom Facility', 'Lift(s)', 'Maintenance Staff', 'Swimming Pool', 'Park', 'Security Personnel', 'Club house / Community Center']"
Ashrayam Apartment,Electronics City Phase 1,"['Security / Fire Alarm', 'Intercom Facility', 'Lift(s)', 'Water Storage', 'No open drainage around', 'Bank Attached Property', 'Visitor Parking', 'Security Personnel', 'Natural Light', 'Internet/wi-fi connectivity', 'Airy Rooms', 'Spacious Interiors', 'Waste Disposal', 'Rain Water Harvesting']"
Ashwi Flora Apartments,Horamavu,"['Security / Fire Alarm', 'Swimming Pool', 'Visitor Parking']"
Ashwi Heights,Kodihalli,"['Lift(s)', 'Maintenance Staff', 'Park']"
Aspira,Banashankari 6th Stage 2nd Block,"['Feng Shui / Vaastu Compliant', 'Lift(s)', 'Water Storage', 'No open drainage around', 'Piped-gas', 'Waste Disposal', 'Rain Water Harvesting']"
Asrithas Eeshan NZ Meadows,Adugodi,"['Lift(s)', 'Visitor Parking', 'Security Personnel']"
Asrithas Happy Living,Bommanahalli,"['Power Back-up', 'Feng Shui / Vaastu Compliant', 'Lift(s)', 'Rain Water Harvesting']"
Asset Alcazar,Volagerekallahalli,"['Power Back-up', 'Intercom Facility', 'Lift(s)', 'Swimming Pool', 'Park', 'Fitness Centre / GYM', 'Rain Water Harvesting']"
Assetz 22 and Crest,Yeshwanthpur,"['Feng Shui / Vaastu Compliant', 'Lift(s)', 'Swimming Pool', 'Water Storage', 'Park', 'Natural Light', 'Airy Rooms', 'Spacious Interiors', 'Fitness Centre / GYM', 'Club house / Community Center', 'Waste Disposal', 'Rain Water Harvesting']"
Assetz 63 Degree East,Kodathi,"['Feng Shui / Vaastu Compliant', 'Intercom Facility', 'Lift(s)', 'Swimming Pool', 'Park', 'Piped-gas', 'Internet/wi-fi connectivity', 'Shopping Centre', 'Fitness Centre / GYM', 'Club house / Community Center', 'Rain Water Harvesting', 'Water softening plant']"
Assetz 63 Degree East Kodathi,Budigere,"['Club House', 'Gymnasium', ""Children's Play Area"", 'Amphitheatre', 'Swimming Pool', 'Creche/Day Care', 'Banquet Hall', 'Jogging Track', 'Park']"
Assetz Bloom and Dell,Whitefield,"['Badminton Court', 'Basketball Court', 'Club House', 'Amphitheatre', ""Children's Play Area"", 'Swimming Pool', 'Jogging Track', 'Landscape Garden', 'Gymnasium']"
Assetz Canvas and Cove,Begur,"['Lift(s)', 'Swimming Pool', 'Park', 'Fitness Centre / GYM', 'Club house / Community Center', 'Rain Water Harvesting', 'Water softening plant']"
Assetz Canvas and Cove Begur,Kammasandra,"['Creche/Day Care', ""Children's Play Area"", 'Park', 'Gymnasium', 'Club House', 'Basketball Court', 'Badminton Court', 'Squash Court', 'Swimming Pool']"
Assetz Lumos,Yeshwanthpur,"['Centrally Air Conditioned', 'Water purifier', 'Security / Fire Alarm', 'Feng Shui / Vaastu Compliant', 'Private Garden / Terrace', 'Intercom Facility', 'Lift(s)', 'High Ceiling Height', 'Maintenance Staff', 'False Ceiling Lighting', 'Water Storage', 'Separate entry for servant room', 'No open drainage around', 'Bank Attached Property', 'Piped-gas', 'Internet/wi-fi connectivity', 'Recently Renovated', 'Visitor Parking', 'Swimming Pool', 'Park', 'Security Personnel', 'Natural Light', 'Airy Rooms', 'Spacious Interiors', 'Low Density Society', 'Waste Disposal', 'Rain Water Harvesting', 'Water softening plant', 'Shopping Centre', 'Fitness Centre / GYM', 'Club house / Community Center']"
Assetz Marq,Ardendale,"['Security / Fire Alarm', 'Power Back-up', 'Feng Shui / Vaastu Compliant', 'Intercom Facility', 'Lift(s)', 'High Ceiling Height', 'Maintenance Staff', 'False Ceiling Lighting', 'Water Storage', 'Piped-gas', 'Visitor Parking', 'Swimming Pool', 'Park', 'Shopping Centre', 'Fitness Centre / GYM', 'Rain Water Harvesting', 'Club house / Community Center', 'Water softening plant']"
Assetz Marq 2,Whitefield,"['Feng Shui / Vaastu Compliant', 'Lift(s)', 'Swimming Pool', 'Park', 'Fitness Centre / GYM', 'Club house / Community Center', 'Rain Water Harvesting']"
Assetz Marq 3,Whitefield,"['Security / Fire Alarm', 'Power Back-up', 'Feng Shui / Vaastu Compliant', 'Intercom Facility', 'Lift(s)', 'Water purifier', 'High Ceiling Height', 'Maintenance Staff', 'Water Storage', 'No open drainage around', 'Piped-gas', 'Visitor Parking', 'Swimming Pool', 'Park', 'Security Personnel', 'Natural Light', 'Internet/wi-fi connectivity', 'Airy Rooms', 'Shopping Centre', 'Fitness Centre / GYM', 'Waste Disposal', 'Rain Water Harvesting', 'Club house / Community Center', 'Water softening plant']"
Assetz Oasis Apartment,Chokkasandra,"['Feng Shui / Vaastu Compliant', 'Lift(s)', 'Swimming Pool', 'Park', 'Natural Light', 'Airy Rooms', 'Fitness Centre / GYM', 'Club house / Community Center', 'Waste Disposal', 'Rain Water Harvesting']"
Assetz Soho and Sky,Jakkur,"['Banquet Hall', 'Skating Rink', 'Badminton Court', 'Basketball Court', ""Children's Play Area"", 'Creche/Day Care', 'Swimming Pool', 'Club House', 'Gymnasium']"
Assetz Sora and Saki,Bagalur,"['Squash Court', 'Badminton Court', 'Basketball Court', ""Children's Play Area"", 'Creche/Day Care', 'Yoga/Meditation Area', 'Swimming Pool', 'Amphitheatre', 'Gymnasium']"
Assetz Soul and Soil,Chikkagubbi,"['Power Back-up', 'Lift(s)', 'Swimming Pool', 'Maintenance Staff', 'Park', 'Piped-gas', 'Fitness Centre / GYM', 'Club house / Community Center', 'Waste Disposal', 'Rain Water Harvesting', 'Water softening plant']"
Assetz Sun and Sanctum,Bhattarahalli,"['Club House', 'Gymnasium', ""Children's Play Area"", 'Amphitheatre', 'Swimming Pool', 'Terrace Garden', 'Badminton Court', 'Park', 'Yoga/Meditation Area']"
Aswani Aaeesha,Electronics City Phase 2,"['Feng Shui / Vaastu Compliant', 'Lift(s)', 'Maintenance Staff', 'Swimming Pool', 'Park', 'Security Personnel', 'Natural Light', 'Internet/wi-fi connectivity', 'Airy Rooms', 'Shopping Centre', 'Fitness Centre / GYM', 'Rain Water Harvesting', 'Club house / Community Center', 'Water softening plant']"
Aswani Sitara,Marsur,"['Feng Shui / Vaastu Compliant', 'Intercom Facility', 'Lift(s)', 'Maintenance Staff', 'Piped-gas', 'Swimming Pool', 'Park', 'Security Personnel', 'Shopping Centre', 'Fitness Centre / GYM', 'Rain Water Harvesting', 'Club house / Community Center', 'Water softening plant']"
Asya Pearl,Doddathoguru,"['Security / Fire Alarm', 'Lift(s)', 'Maintenance Staff', 'Water Storage', 'Park', 'Visitor Parking']"
Atarva Mansion,1st Block HBR Layout,"['Feng Shui / Vaastu Compliant', 'Lift(s)', 'Water Storage', 'Visitor Parking']"
Atco Sapphire,Sarjapur Road,"['Power Back-up', 'Feng Shui / Vaastu Compliant', 'Intercom Facility', 'Lift(s)', 'Maintenance Staff', 'Swimming Pool', 'Park', 'Security Personnel', 'Internet/wi-fi connectivity', 'Fitness Centre / GYM', 'Rain Water Harvesting', 'Club house / Community Center', 'Water softening plant']"
Audel Heights,JP Nagar,"['Feng Shui / Vaastu Compliant', 'Security / Fire Alarm', 'Intercom Facility', 'Lift(s)', 'Maintenance Staff', 'Water Storage', 'Visitor Parking', 'Security Personnel', 'Low Density Society', 'Fitness Centre / GYM', 'Club house / Community Center']"
Avanthika Apartment,Kothanur,"['Security / Fire Alarm', 'Lift(s)', 'Maintenance Staff', 'Water Storage', 'Visitor Parking']"
Avenue Pride,Konankunte,"['Security / Fire Alarm', 'Feng Shui / Vaastu Compliant', 'Lift(s)', 'Maintenance Staff', 'Water Storage', 'No open drainage around', 'Piped-gas', 'Visitor Parking', 'Security Personnel', 'Natural Light', 'Airy Rooms', 'Waste Disposal', 'Rain Water Harvesting']"
Avighna Aarna Vantage,Hebbagodi,"['Feng Shui / Vaastu Compliant', 'Security / Fire Alarm', 'Intercom Facility', 'Lift(s)', 'Water Storage', 'Park', 'Visitor Parking']"
Axis Aspira,JP Nagar,"['Intercom Facility', 'Lift(s)', 'Piped-gas', 'Swimming Pool', 'Park', 'Security Personnel', 'Natural Light', 'Internet/wi-fi connectivity', 'Airy Rooms', 'Spacious Interiors', 'Fitness Centre / GYM', 'Rain Water Harvesting', 'Club house / Community Center']"
Axis Oaklyn,Yelahanka,"['Power Back-up', 'Feng Shui / Vaastu Compliant', 'Private Garden / Terrace', 'Lift(s)', 'Water purifier', 'Piped-gas', 'Swimming Pool', 'Park', 'Internet/wi-fi connectivity', 'Fitness Centre / GYM', 'Waste Disposal', 'Rain Water Harvesting', 'Club house / Community Center']"
Azur,Bannerghatta Road,"['Security / Fire Alarm', 'Feng Shui / Vaastu Compliant', 'Private Garden / Terrace', 'Intercom Facility', 'Lift(s)', 'Maintenance Staff', 'False Ceiling Lighting', 'Water Storage', 'No open drainage around', 'Piped-gas', 'Visitor Parking', 'Swimming Pool', 'Park', 'Security Personnel', 'Natural Light', 'Internet/wi-fi connectivity', 'Airy Rooms', 'Low Density Society', 'Shopping Centre', 'Fitness Centre / GYM', 'Waste Disposal', 'Rain Water Harvesting', 'Club house / Community Center']"
BCD City,Hoskote,"['Feng Shui / Vaastu Compliant', 'Lift(s)', 'Water Storage', 'Natural Light', 'Airy Rooms', 'Spacious Interiors', 'Waste Disposal']"
BCD City Township,Nisarga Layout,"['Security / Fire Alarm', 'Feng Shui / Vaastu Compliant', 'Intercom Facility', 'Lift(s)', 'High Ceiling Height', 'Maintenance Staff', 'Water Storage', 'No open drainage around', 'Piped-gas', 'Visitor Parking', 'Swimming Pool', 'Park', 'Security Personnel', 'Internet/wi-fi connectivity', 'Airy Rooms', 'Shopping Centre', 'Fitness Centre / GYM', 'Waste Disposal', 'Rain Water Harvesting', 'Club house / Community Center', 'Water softening plant']"
BCD Emprasa,Kambalipura,"['Swimming Pool', 'Internet/wi-fi connectivity', 'Fitness Centre / GYM', 'Club house / Community Center']"
BCM Vertex,Yelahanka New Town,"['Security / Fire Alarm', 'Power Back-up', 'Feng Shui / Vaastu Compliant', 'Intercom Facility', 'Lift(s)', 'Maintenance Staff', 'Water Storage', 'Visitor Parking', 'Swimming Pool', 'Park', 'Security Personnel', 'Internet/wi-fi connectivity', 'Shopping Centre', 'Fitness Centre / GYM', 'Rain Water Harvesting', 'Club house / Community Center', 'Water softening plant']"
BDA Apartment,Gunjur,"['Lift(s)', 'Park']"
BDA Apartment Kommaghatta,Kengeri Hobli,"['Feng Shui / Vaastu Compliant', 'Security / Fire Alarm', 'Lift(s)', 'Maintenance Staff', 'Water Storage', 'Park', 'Visitor Parking']"
BDA Chandragiri Apartment,Doddabanahalli,"['Feng Shui / Vaastu Compliant', 'Security / Fire Alarm', 'Lift(s)', 'High Ceiling Height', 'Maintenance Staff', 'Water Storage', 'Park', 'Piped-gas', 'Visitor Parking', 'Rain Water Harvesting', 'Water softening plant']"
BDA Flat,Kengeri,['Water Storage']
BDA Flats,Neelasandra,"['No open drainage around', 'Park']"
BDA Flats Phase 2,Kommaghatta,"['Security / Fire Alarm', 'Feng Shui / Vaastu Compliant', 'Intercom Facility', 'Lift(s)', 'Maintenance Staff', 'Water Storage', 'No open drainage around', 'Piped-gas', 'Visitor Parking', 'Park', 'Security Personnel', 'Natural Light', 'Airy Rooms', 'Spacious Interiors', 'Low Density Society', 'Fitness Centre / GYM', 'Waste Disposal']"
BDA Gunjur Housing Project,Gunjur Palya,"['Lift(s)', 'High Ceiling Height', 'Natural Light']"
BDA Malagala Apartments,Nagarbhavi,"['Security / Fire Alarm', 'Maintenance Staff', 'Park', 'Visitor Parking', 'Security Personnel', 'Natural Light', 'Waste Disposal']"
BDA Valagerahalli Phase 5,Kengeri Hobli,"['Feng Shui / Vaastu Compliant', 'Security / Fire Alarm', 'Lift(s)', 'Maintenance Staff', 'False Ceiling Lighting', 'Water Storage', 'Park', 'Visitor Parking', 'Security Personnel', 'Airy Rooms', 'Spacious Interiors', 'Club house / Community Center']"
BDU Amulya Apartment,Anjana Nagar,"['Feng Shui / Vaastu Compliant', 'Security / Fire Alarm', 'Intercom Facility', 'Lift(s)', 'Maintenance Staff', 'Water Storage', 'Park', 'Visitor Parking']"
BM Glorieta,Nallurhalli,"['Intercom Facility', 'Lift(s)', 'Maintenance Staff', 'Water Storage', 'No open drainage around', 'Piped-gas', 'Visitor Parking', 'Swimming Pool', 'Park', 'Security Personnel', 'Spacious Interiors', 'Low Density Society', 'Fitness Centre / GYM', 'Waste Disposal', 'Rain Water Harvesting', 'Club house / Community Center', 'Water softening plant']"
Bagalur Residency Plot,Bagalur Main Road,"['Feng Shui / Vaastu Compliant', 'Security / Fire Alarm', 'Intercom Facility', 'Lift(s)', 'Maintenance Staff', 'Swimming Pool', 'Water Storage', 'Park', 'Security Personnel', 'Fitness Centre / GYM', 'Rain Water Harvesting']"
Bairavi Cruz Luxor,Chelekare,"['Security / Fire Alarm', 'Feng Shui / Vaastu Compliant', 'Intercom Facility', 'Lift(s)', 'Maintenance Staff', 'Water Storage', 'Separate entry for servant room', 'No open drainage around', 'Piped-gas', 'Visitor Parking', 'Swimming Pool', 'Park', 'Security Personnel', 'Fitness Centre / GYM', 'Waste Disposal', 'Rain Water Harvesting', 'Club house / Community Center', 'Water softening plant']"
Balaji Emerald BEL Layout Vidyaranyapura,Hennur Road,"['Power Back-up', 'Security / Fire Alarm', 'Swimming Pool', 'Maintenance Staff', 'Water Storage', 'Security Personnel', 'Natural Light', 'Airy Rooms', 'Spacious Interiors', 'Fitness Centre / GYM', 'Club house / Community Center', 'Rain Water Harvesting']"
Balaji Homes,Judicial Layout,"['Security / Fire Alarm', 'Lift(s)', 'Visitor Parking']"
Balaji Meadows,Akshayanagara East,"['Feng Shui / Vaastu Compliant', 'Intercom Facility', 'Lift(s)', 'Swimming Pool', 'Park', 'Fitness Centre / GYM', 'Club house / Community Center', 'Rain Water Harvesting']"
Balaji Paradise,Hebbal,"['Feng Shui / Vaastu Compliant', 'Intercom Facility', 'Lift(s)', 'Maintenance Staff', 'Park', 'Piped-gas', 'Security Personnel', 'Fitness Centre / GYM', 'Club house / Community Center', 'Rain Water Harvesting']"
Balaji Residency,Saraswathipuram,"['Security / Fire Alarm', 'Maintenance Staff', 'Water Storage', 'Visitor Parking']"
Balaji Vajraa,Gottigere,"['Security / Fire Alarm', 'Power Back-up', 'Feng Shui / Vaastu Compliant', 'Intercom Facility', 'Lift(s)', 'Maintenance Staff', 'Water Storage', 'Visitor Parking', 'Swimming Pool', 'Park', 'Security Personnel', 'Fitness Centre / GYM', 'Rain Water Harvesting', 'Club house / Community Center', 'Water softening plant']"
Bannerghatta House of Hiranandani,Akshaya Nagar,"['Security / Fire Alarm', 'Feng Shui / Vaastu Compliant', 'Intercom Facility', 'Lift(s)', 'High Ceiling Height', 'Maintenance Staff', 'Water Storage', 'Recently Renovated', 'Visitor Parking', 'Swimming Pool', 'Park', 'Security Personnel', 'Natural Light', 'Airy Rooms', 'Spacious Interiors', 'Shopping Centre', 'Fitness Centre / GYM', 'Club house / Community Center']"
Barry Temple Tree,Sarjapur Road,"['Gymnasium', ""Children's Play Area"", 'Swimming Pool', 'Banquet Hall', 'Jogging Track', 'Skating Rink', 'Badminton Court', 'Park', 'Yoga/Meditation Area']"
Barvika Residency,Basapura,"['Feng Shui / Vaastu Compliant', 'Intercom Facility', 'Lift(s)', 'Maintenance Staff', 'Water Storage']"
Basaveshwara Nagar,Vinayaka Layout,"['Intercom Facility', 'High Ceiling Height', 'Maintenance Staff', 'False Ceiling Lighting', 'Water Storage', 'Separate entry for servant room', 'No open drainage around', 'Visitor Parking', 'Swimming Pool', 'Shopping Centre', 'Fitness Centre / GYM', 'Waste Disposal', 'Water softening plant']"
Basil at Brigade Meadows,Kaggalipura,"['Power Back-up', 'Feng Shui / Vaastu Compliant', 'Security / Fire Alarm', 'Intercom Facility', 'Lift(s)', 'Internet/wi-fi connectivity', 'Water Storage', 'Visitor Parking', 'Swimming Pool', 'Security Personnel', 'Park', 'Maintenance Staff', 'Fitness Centre / GYM', 'Water softening plant', 'Club house / Community Center', 'Shopping Centre', 'Waste Disposal', 'Rain Water Harvesting']"
Bavisha Urban Homes,Sree Narayana Nagar,"['Security / Fire Alarm', 'Power Back-up', 'Intercom Facility', 'Lift(s)', 'Maintenance Staff', 'False Ceiling Lighting', 'Water Storage', 'Bank Attached Property', 'Visitor Parking', 'Swimming Pool', 'Park', 'Security Personnel', 'Fitness Centre / GYM', 'Waste Disposal', 'Rain Water Harvesting', 'Club house / Community Center']"
Bearys Lake Side Habitat,Sanjeevini Nagar,"['Security / Fire Alarm', 'Feng Shui / Vaastu Compliant', 'Intercom Facility', 'Lift(s)', 'Maintenance Staff', 'Water Storage', 'No open drainage around', 'Piped-gas', 'Visitor Parking', 'Swimming Pool', 'Park', 'Security Personnel', 'Natural Light', 'Airy Rooms', 'Spacious Interiors', 'Fitness Centre / GYM', 'Waste Disposal', 'Rain Water Harvesting', 'Club house / Community Center', 'Water softening plant']"
Begur Heights Begur Woods Layout,Yelenahalli,"['Security Personnel', 'Airy Rooms', 'Fitness Centre / GYM', 'Club house / Community Center']"
Bengaluru North,RT Nagar,"['Maintenance Staff', 'Water Storage', 'Visitor Parking']"
Best Apartments,Rajarajeshwari Nagar,"['Security / Fire Alarm', 'Lift(s)', 'High Ceiling Height', 'Maintenance Staff', 'Water Storage', 'Park', 'Piped-gas', 'Natural Light', 'Internet/wi-fi connectivity', 'Airy Rooms', 'Waste Disposal', 'Rain Water Harvesting']"
Bhadra Landmark,Kengeri,"['Feng Shui / Vaastu Compliant', 'Lift(s)', 'Swimming Pool', 'Water Storage', 'Park', 'Natural Light', 'Airy Rooms', 'Spacious Interiors', 'Fitness Centre / GYM', 'Waste Disposal']"
Bharatiya City,Chokkanahalli,"['Feng Shui / Vaastu Compliant', 'Security / Fire Alarm', 'Intercom Facility', 'Maintenance Staff', 'False Ceiling Lighting', 'No open drainage around', 'Piped-gas', 'Shopping Centre', 'Rain Water Harvesting']"
Bhartiya City Nikoo Homes 1,Thanisandra,"['Centrally Air Conditioned', 'Water purifier', 'Security / Fire Alarm', 'Feng Shui / Vaastu Compliant', 'Private Garden / Terrace', 'Intercom Facility', 'Lift(s)', 'High Ceiling Height', 'Maintenance Staff', 'False Ceiling Lighting', 'Water Storage', 'No open drainage around', 'Bank Attached Property', 'Piped-gas', 'Internet/wi-fi connectivity', 'Recently Renovated', 'Visitor Parking', 'Swimming Pool', 'Park', 'Security Personnel', 'Natural Light', 'Spacious Interiors', 'Low Density Society', 'Waste Disposal', 'Rain Water Harvesting', 'Water softening plant', 'Shopping Centre', 'Fitness Centre / GYM', 'Club house / Community Center']"
Bhartiya City Nikoo Homes 4,Chokkanahalli,"['Swimming Pool', 'Fitness Centre / GYM']"
Bhartiya City Nikoo Homes 6,Kogilu,"['Power Back-up', 'Feng Shui / Vaastu Compliant', 'Intercom Facility', 'Lift(s)', 'Maintenance Staff', 'Piped-gas', 'Swimming Pool', 'Park', 'Security Personnel', 'Shopping Centre', 'Fitness Centre / GYM', 'Waste Disposal', 'Rain Water Harvesting', 'Club house / Community Center', 'Water softening plant']"
Bhartiya City Nikoo Homes 6 Kogilu,Devanahalli,"['Shopping Centre', 'Gymnasium', 'Park', 'Club House', ""Children's Play Area"", 'Jogging Track', 'Yoga/Meditation Area', 'Restaurant', 'Swimming Pool']"
Bhavisha Bentley Goldberg Phase 2,Kada Agrahara,"['Security / Fire Alarm', 'Lift(s)', 'Maintenance Staff', 'False Ceiling Lighting', 'Water Storage', 'No open drainage around', 'Visitor Parking', 'Swimming Pool', 'Park', 'Security Personnel', 'Natural Light', 'Airy Rooms', 'Low Density Society', 'Fitness Centre / GYM', 'Waste Disposal', 'Club house / Community Center']"
Bhavya Balaji,Sanjayanagara,"['Security / Fire Alarm', 'Feng Shui / Vaastu Compliant', 'Intercom Facility', 'Lift(s)', 'High Ceiling Height', 'Maintenance Staff', 'Water Storage', 'No open drainage around', 'Recently Renovated', 'Bank Attached Property', 'Visitor Parking', 'Security Personnel', 'Airy Rooms', 'Spacious Interiors', 'Low Density Society', 'Waste Disposal', 'Rain Water Harvesting', 'Water softening plant']"
Bhavya Coral,1st Block Rajajinagar,"['Security / Fire Alarm', 'Feng Shui / Vaastu Compliant', 'Intercom Facility', 'Lift(s)', 'High Ceiling Height', 'Maintenance Staff', 'No open drainage around', 'Bank Attached Property', 'Visitor Parking', 'Security Personnel', 'Natural Light', 'Airy Rooms', 'Spacious Interiors', 'Low Density Society', 'Fitness Centre / GYM', 'Waste Disposal', 'Rain Water Harvesting', 'Water softening plant']"
Bhavya Serene,Kasavanhalli,"['Security / Fire Alarm', 'Intercom Facility', 'Lift(s)', 'Maintenance Staff', 'Water Storage', 'Recently Renovated', 'Visitor Parking', 'Swimming Pool', 'Park', 'Security Personnel', 'Natural Light', 'Internet/wi-fi connectivity', 'Airy Rooms', 'Spacious Interiors', 'Fitness Centre / GYM', 'Waste Disposal', 'Rain Water Harvesting', 'Club house / Community Center']"
Bhoo Aabharana,Kyalasanahalli,"['Car Parking', 'Indoor Games', 'Banquet Hall', 'Open Space', 'Jogging Track', 'Swimming Pool', ""Children's Play Area"", 'Senior Citizen Sitout', 'Gymnasium']"
Bhoomika Vista Lagos,Old Airport Road,"['Power Back-up', 'Intercom Facility', 'Lift(s)', 'Maintenance Staff', 'Water Storage', 'No open drainage around', 'Visitor Parking', 'Security Personnel', 'Natural Light', 'Spacious Interiors', 'Fitness Centre / GYM', 'Waste Disposal', 'Club house / Community Center']"
Birla Ojasvi,Rajarajeshwari Nagar,"['Lounge', ""Children's Play Area"", 'Mini Theatre', 'Terrace Garden', 'Park', 'Swimming Pool', 'Club House', 'Gymnasium', 'Amphitheatre']"
Birla Tisya,Agrahara Dasarahalli,"['Security / Fire Alarm', 'Feng Shui / Vaastu Compliant', 'Intercom Facility', 'Lift(s)', 'Maintenance Staff', 'Water Storage', 'Visitor Parking', 'Swimming Pool', 'Park', 'Security Personnel', 'Shopping Centre', 'Fitness Centre / GYM', 'Rain Water Harvesting', 'Club house / Community Center']"
Birla Trimaya,Devanahalli,"['Jogging Track', 'Indoor Games', 'Yoga/Meditation Area', 'Car Parking', 'Multipurpose Hall', 'Internal Street Lights', 'Swimming Pool', 'Club House', 'Gymnasium']"
Bollineni Astra,Kogilu,"['Water purifier', 'Security / Fire Alarm', 'Power Back-up', 'Feng Shui / Vaastu Compliant', 'Private Garden / Terrace', 'Intercom Facility', 'Lift(s)', 'High Ceiling Height', 'Maintenance Staff', 'Water Storage', 'No open drainage around', 'Bank Attached Property', 'Piped-gas', 'Internet/wi-fi connectivity', 'Visitor Parking', 'Swimming Pool', 'Park', 'Security Personnel', 'Natural Light', 'Airy Rooms', 'Spacious Interiors', 'Low Density Society', 'Waste Disposal', 'Rain Water Harvesting', 'Water softening plant', 'Fitness Centre / GYM', 'Club house / Community Center']"
Bramani Brundhavan,Kaggadasapura,"['Feng Shui / Vaastu Compliant', 'Security / Fire Alarm', 'Lift(s)', 'Maintenance Staff', 'Water Storage', 'Visitor Parking']"
Brdavan Apartment,Nagashetty Halli,"['Security / Fire Alarm', 'Lift(s)', 'Maintenance Staff', 'Water Storage', 'No open drainage around', 'Security Personnel', 'Natural Light', 'Airy Rooms', 'Spacious Interiors', 'Low Density Society']"
Bren Imperia,Sarjapur Road,"['Golf Course', 'Club House', 'Gymnasium', ""Children's Play Area"", 'Swimming Pool', 'Banquet Hall', 'Gazebo', 'Terrace Garden', 'Park']"
Bren Northern Lights,Yelahanka,"['Intercom Facility', 'Lift(s)', 'Swimming Pool', 'Park', 'Security Personnel', 'Fitness Centre / GYM', 'Club house / Community Center', 'Rain Water Harvesting']"
Bren Trillium,Electronics City,"['Power Back-up', 'Feng Shui / Vaastu Compliant', 'Intercom Facility', 'Lift(s)', 'Maintenance Staff', 'Piped-gas', 'Swimming Pool', 'Park', 'Security Personnel', 'Fitness Centre / GYM', 'Rain Water Harvesting', 'Club house / Community Center', 'Water softening plant']"
Bren Woods,Electronics City Phase 2,"['Power Back-up', 'Feng Shui / Vaastu Compliant', 'Private Garden / Terrace', 'Lift(s)', 'Water purifier', 'Maintenance Staff', 'False Ceiling Lighting', 'No open drainage around', 'Recently Renovated', 'Piped-gas', 'Swimming Pool', 'Park', 'Security Personnel', 'Natural Light', 'Internet/wi-fi connectivity', 'Airy Rooms', 'Spacious Interiors', 'Fitness Centre / GYM', 'Waste Disposal', 'Rain Water Harvesting', 'Club house / Community Center', 'Water softening plant']"
Bren Zahara,Sarjapur Road,"['Security / Fire Alarm', 'Feng Shui / Vaastu Compliant', 'Intercom Facility', 'Lift(s)', 'Maintenance Staff', 'Water Storage', 'Visitor Parking', 'Swimming Pool', 'Park', 'Security Personnel', 'Fitness Centre / GYM', 'Waste Disposal', 'Club house / Community Center', 'Water softening plant']"
Bricks and Milestones Wonderwall,Sarjapur Road,"['Power Back-up', 'Intercom Facility', 'Lift(s)', 'Water purifier', 'Recently Renovated', 'Piped-gas', 'Swimming Pool', 'Park', 'Security Personnel', 'Natural Light', 'Internet/wi-fi connectivity', 'Fitness Centre / GYM', 'Waste Disposal', 'Rain Water Harvesting', 'Club house / Community Center', 'Water softening plant']"
Brigade 7 Gardens,Banashankari,"['Security / Fire Alarm', 'Feng Shui / Vaastu Compliant', 'Intercom Facility', 'Lift(s)', 'Maintenance Staff', 'Water Storage', 'Visitor Parking', 'Swimming Pool', 'Park', 'Fitness Centre / GYM', 'Rain Water Harvesting', 'Club house / Community Center', 'Water softening plant']"
Brigade 7 Gardens Banashankari,Banashankari,"[""Children's Play Area"", 'Jogging Track', 'Park', 'Gymnasium', 'Club House', 'Basketball Court', 'Badminton Court', 'Aerobics Centre', 'Swimming Pool']"
Brigade Atmosphere,Devanahalli,"['Grocery Shop', 'Badminton Court', ""Children's Play Area"", 'Aerobics Centre', 'Swimming Pool', 'Club House', 'Park', 'Amphitheatre', 'Gymnasium']"
Brigade Buena Vista,Budigere,"['Centrally Air Conditioned', 'Water purifier', 'Security / Fire Alarm', 'Feng Shui / Vaastu Compliant', 'Private Garden / Terrace', 'Intercom Facility', 'Lift(s)', 'High Ceiling Height', 'Maintenance Staff', 'False Ceiling Lighting', 'Water Storage', 'Separate entry for servant room', 'No open drainage around', 'Bank Attached Property', 'Piped-gas', 'Internet/wi-fi connectivity', 'Recently Renovated', 'Visitor Parking', 'Swimming Pool', 'Park', 'Security Personnel', 'Natural Light', 'Airy Rooms', 'Spacious Interiors', 'Low Density Society', 'Waste Disposal', 'Rain Water Harvesting', 'Water softening plant', 'Shopping Centre', 'Fitness Centre / GYM', 'Club house / Community Center']"
Brigade Buena Vista Budigere,Kannamangala,"['Club House', 'Gymnasium', ""Children's Play Area"", 'Amphitheatre', 'Swimming Pool', 'Banquet Hall', 'Natural Pond', 'Terrace Garden', 'Park']"
Brigade Caladium,Hebbal,"['Security / Fire Alarm', 'Intercom Facility', 'Lift(s)', 'High Ceiling Height', 'Maintenance Staff', 'Water Storage', 'No open drainage around', 'Piped-gas', 'Visitor Parking', 'Swimming Pool', 'Park', 'Security Personnel', 'Natural Light', 'Airy Rooms', 'Spacious Interiors', 'Fitness Centre / GYM', 'Waste Disposal', 'Rain Water Harvesting', 'Club house / Community Center', 'Water softening plant']"
Brigade Citrine,Budigere Cross,"['Feng Shui / Vaastu Compliant', 'Swimming Pool', 'Water Storage', 'No open drainage around', 'Rain Water Harvesting']"
Brigade Citrine Budigere Cross,Byrathi,"['Pet Park', ""Children's Play Area"", 'Landscape Garden', 'Gymnasium', 'Swimming Pool', 'Changing Area', 'Multipurpose court']"
Brigade Cornerstone Utopia,Varthur,"['Power Back-up', 'Feng Shui / Vaastu Compliant', 'Security / Fire Alarm', 'Intercom Facility', 'Lift(s)', 'Swimming Pool', 'Maintenance Staff', 'Water Storage', 'Park', 'Visitor Parking', 'Fitness Centre / GYM', 'Club house / Community Center']"
Brigade Cosmopolis,Whitefield,"['Security / Fire Alarm', 'Power Back-up', 'Intercom Facility', 'Lift(s)', 'Maintenance Staff', 'Water Storage', 'No open drainage around', 'Piped-gas', 'Visitor Parking', 'Swimming Pool', 'Park', 'Security Personnel', 'Natural Light', 'Internet/wi-fi connectivity', 'Airy Rooms', 'Spacious Interiors', 'Low Density Society', 'Fitness Centre / GYM', 'Waste Disposal', 'Rain Water Harvesting', 'Club house / Community Center', 'Water softening plant']"
Brigade Exotica,Old Madras Road,"['Badminton Court', 'Basketball Court', 'Club House', 'Amphitheatre', ""Children's Play Area"", 'Swimming Pool', 'Park', 'Jogging Track', 'Gymnasium']"
Brigade Gateway,Rajajinagar,"['Security / Fire Alarm', 'Feng Shui / Vaastu Compliant', 'Private Garden / Terrace', 'Intercom Facility', 'Lift(s)', 'Centrally Air Conditioned', 'Water purifier', 'Maintenance Staff', 'Water Storage', 'Bank Attached Property', 'Piped-gas', 'Visitor Parking', 'Swimming Pool', 'Park', 'Security Personnel', 'Internet/wi-fi connectivity', 'Shopping Centre', 'Fitness Centre / GYM', 'Waste Disposal', 'Rain Water Harvesting', 'Club house / Community Center', 'Water softening plant']"
Brigade Gem,Chikkanayakanahalli,"['Security / Fire Alarm', 'Feng Shui / Vaastu Compliant', 'Private Garden / Terrace', 'Intercom Facility', 'Lift(s)', 'Maintenance Staff', 'Water Storage', 'No open drainage around', 'Piped-gas', 'Visitor Parking', 'Swimming Pool', 'Park', 'Natural Light', 'Airy Rooms', 'Spacious Interiors', 'Low Density Society', 'Fitness Centre / GYM', 'Rain Water Harvesting', 'Club house / Community Center']"
Brigade Golden Triangle,Katamnallur,"['Security / Fire Alarm', 'Power Back-up', 'Feng Shui / Vaastu Compliant', 'Intercom Facility', 'Lift(s)', 'Maintenance Staff', 'Water Storage', 'Piped-gas', 'Visitor Parking', 'Swimming Pool', 'Park', 'Security Personnel', 'Internet/wi-fi connectivity', 'Shopping Centre', 'Fitness Centre / GYM', 'Rain Water Harvesting', 'Club house / Community Center', 'Water softening plant']"
Brigade Horizon,Kambipura,"[""Children's Play Area"", 'Multipurpose Hall', 'Sun Deck', 'Jogging Track', 'Yoga/Meditation Area', 'Park', 'Gymnasium', 'Library', 'Swimming Pool']"
Brigade Insignia,Yelahanka,"['Squash Court', 'Jogging Track', 'Badminton Court', ""Children's Play Area"", 'Swimming Pool', 'Terrace Garden', 'Gymnasium', 'Amphitheatre', 'Lounge']"
Brigade Laguna,Hebbal,"['Feng Shui / Vaastu Compliant', 'Security / Fire Alarm', 'Intercom Facility', 'Lift(s)', 'Maintenance Staff', 'Water Storage', 'Park', 'Visitor Parking']"
Brigade Laguna Hebbal,Yelahanka,"['Multipurpose court', 'Jogging Track', ""Children's Play Area"", 'Gazebo', 'Yoga/Meditation Area', 'Multipurpose Hall', 'Billiards', 'Swimming Pool', 'Gymnasium']"
Brigade Lakefront,EPIP Zone,"['Security / Fire Alarm', 'Feng Shui / Vaastu Compliant', 'Intercom Facility', 'Lift(s)', 'High Ceiling Height', 'Maintenance Staff', 'False Ceiling Lighting', 'Water Storage', 'Separate entry for servant room', 'No open drainage around', 'Piped-gas', 'Visitor Parking', 'Swimming Pool', 'Park', 'Security Personnel', 'Natural Light', 'Airy Rooms', 'Low Density Society', 'Shopping Centre', 'Fitness Centre / GYM', 'Rain Water Harvesting', 'Club house / Community Center', 'Water softening plant']"
Brigade Lakefront Blue,Whitefield,"['Security / Fire Alarm', 'Feng Shui / Vaastu Compliant', 'Intercom Facility', 'Lift(s)', 'High Ceiling Height', 'Maintenance Staff', 'False Ceiling Lighting', 'Water Storage', 'Separate entry for servant room', 'No open drainage around', 'Piped-gas', 'Visitor Parking', 'Swimming Pool', 'Park', 'Natural Light', 'Airy Rooms', 'Low Density Society', 'Shopping Centre', 'Fitness Centre / GYM', 'Waste Disposal', 'Rain Water Harvesting', 'Club house / Community Center', 'Water softening plant']"
Brigade Meadows,Kaggalipura,"['Security / Fire Alarm', 'Feng Shui / Vaastu Compliant', 'Private Garden / Terrace', 'Intercom Facility', 'Lift(s)', 'High Ceiling Height', 'Maintenance Staff', 'Water Storage', 'Separate entry for servant room', 'No open drainage around', 'Bank Attached Property', 'Visitor Parking', 'Swimming Pool', 'Park', 'Security Personnel', 'Natural Light', 'Airy Rooms', 'Spacious Interiors', 'Low Density Society', 'Waste Disposal', 'Rain Water Harvesting', 'Water softening plant', 'Shopping Centre', 'Fitness Centre / GYM', 'Club house / Community Center']"
Brigade Metropolis,Garudachar Palya,"['Security / Fire Alarm', 'Feng Shui / Vaastu Compliant', 'Intercom Facility', 'Lift(s)', 'Water purifier', 'Maintenance Staff', 'Water Storage', 'Recently Renovated', 'Piped-gas', 'Visitor Parking', 'Swimming Pool', 'Park', 'Security Personnel', 'Natural Light', 'Internet/wi-fi connectivity', 'Shopping Centre', 'Fitness Centre / GYM', 'Rain Water Harvesting', 'Club house / Community Center']"
Brigade Millennium Jacaranda,7th Phase JP Nagar,"['Security / Fire Alarm', 'Power Back-up', 'Feng Shui / Vaastu Compliant', 'Intercom Facility', 'Lift(s)', 'Maintenance Staff', 'Separate entry for servant room', 'Piped-gas', 'Visitor Parking', 'Swimming Pool', 'Park', 'Security Personnel', 'Natural Light', 'Internet/wi-fi connectivity', 'Fitness Centre / GYM', 'Rain Water Harvesting', 'Club house / Community Center']"
Brigade New Launch,Budigere Cross,"['Security / Fire Alarm', 'Feng Shui / Vaastu Compliant', 'Intercom Facility', 'Lift(s)', 'High Ceiling Height', 'Maintenance Staff', 'Water Storage', 'No open drainage around', 'Piped-gas', 'Visitor Parking', 'Swimming Pool', 'Park', 'Security Personnel', 'Natural Light', 'Airy Rooms', 'Shopping Centre', 'Fitness Centre / GYM', 'Waste Disposal', 'Rain Water Harvesting', 'Club house / Community Center', 'Water softening plant']"
Brigade Northridge,Yelahanka,"['Security / Fire Alarm', 'Feng Shui / Vaastu Compliant', 'Intercom Facility', 'Lift(s)', 'Water purifier', 'Maintenance Staff', 'Water Storage', 'No open drainage around', 'Visitor Parking', 'Swimming Pool', 'Park', 'Security Personnel', 'Natural Light', 'Airy Rooms', 'Spacious Interiors', 'Fitness Centre / GYM', 'Waste Disposal', 'Rain Water Harvesting', 'Club house / Community Center']"
Brigade Northridge Neo,Kogilu,"['Security / Fire Alarm', 'Feng Shui / Vaastu Compliant', 'Intercom Facility', 'Lift(s)', 'High Ceiling Height', 'Maintenance Staff', 'Water Storage', 'Piped-gas', 'Visitor Parking', 'Swimming Pool', 'Park', 'Natural Light', 'Internet/wi-fi connectivity', 'Airy Rooms', 'Spacious Interiors', 'Fitness Centre / GYM', 'Waste Disposal', 'Rain Water Harvesting', 'Water softening plant']"
Brigade Omega,Banashankari Stage 6,"['Power Back-up', 'Feng Shui / Vaastu Compliant', 'Security / Fire Alarm', 'Intercom Facility', 'Lift(s)', 'Swimming Pool', 'Maintenance Staff', 'Water Storage', 'Park', 'Visitor Parking', 'Fitness Centre / GYM', 'Club house / Community Center']"
Brigade Orchards Goldspire,Devanahalli,"['Power Back-up', 'Feng Shui / Vaastu Compliant', 'Security / Fire Alarm', 'Lift(s)', 'Maintenance Staff', 'Water Storage', 'Park', 'Visitor Parking', 'Fitness Centre / GYM', 'Club house / Community Center']"
Brigade Panorama,Mysore Road,"[""Children's Play Area"", 'Swimming Pool', 'Park', 'Jogging Track', 'Club House', 'Gazebo', 'Creche/Day Care', 'Theatre', 'Gymnasium']"
Brigade Parkside East,Chikkakannalli,"['Lift(s)', 'Swimming Pool', 'No open drainage around', 'Park', 'Shopping Centre', 'Fitness Centre / GYM', 'Club house / Community Center', 'Waste Disposal', 'Rain Water Harvesting', 'Water softening plant']"
Brigade Woods,Pattandur Agrahara,"['Feng Shui / Vaastu Compliant', 'Intercom Facility', 'Lift(s)', 'Swimming Pool', 'Park', 'Fitness Centre / GYM', 'Club house / Community Center', 'Rain Water Harvesting']"
Brillio at Brigade Valencia,Banashankari,"['Intercom Facility', 'Lift(s)', 'Water purifier', 'Swimming Pool', 'Security Personnel', 'Natural Light', 'Internet/wi-fi connectivity', 'Airy Rooms', 'Shopping Centre', 'Fitness Centre / GYM', 'Waste Disposal', 'Rain Water Harvesting', 'Club house / Community Center', 'Water softening plant']"
CJN Sai Golden Landmark,Whitefield,"['Security / Fire Alarm', 'Lift(s)', 'Maintenance Staff', 'Water Storage', 'No open drainage around', 'Swimming Pool', 'Park', 'Security Personnel', 'Natural Light', 'Internet/wi-fi connectivity', 'Airy Rooms', 'Spacious Interiors', 'Fitness Centre / GYM', 'Waste Disposal', 'Rain Water Harvesting', 'Club house / Community Center']"
Candeur Carlisle,B Narayanapura,"['Swimming Pool', 'Security Personnel', 'Fitness Centre / GYM', 'Club house / Community Center', 'Rain Water Harvesting', 'Water softening plant']"
Candeur Landmark,Varthur,"['Security / Fire Alarm', 'Feng Shui / Vaastu Compliant', 'Intercom Facility', 'Lift(s)', 'Maintenance Staff', 'False Ceiling Lighting', 'Bank Attached Property', 'Visitor Parking', 'Swimming Pool', 'Park', 'Security Personnel', 'Natural Light', 'Internet/wi-fi connectivity', 'Airy Rooms', 'Shopping Centre', 'Fitness Centre / GYM', 'Waste Disposal', 'Rain Water Harvesting', 'Club house / Community Center', 'Water softening plant']"
Candeur Signature,Varthur,"['Power Back-up', 'Feng Shui / Vaastu Compliant', 'Lift(s)', 'Swimming Pool', 'Park', 'Fitness Centre / GYM', 'Club house / Community Center', 'Rain Water Harvesting']"
Capricorn Heights Hennur Garden,Hennur Gardens,"['Security / Fire Alarm', 'Lift(s)', 'Water Storage']"
Capstone Flowg Tree,Yelahanka,"['Power Back-up', 'Intercom Facility', 'Lift(s)', 'Swimming Pool', 'Park', 'Fitness Centre / GYM', 'Club house / Community Center']"
Cardal One,Peenya,"['Feng Shui / Vaastu Compliant', 'Security / Fire Alarm', 'Intercom Facility', 'Lift(s)', 'Maintenance Staff', 'Water Storage', 'Park', 'Visitor Parking']"
Carmel Heights Whitefield,Varthur,"['Gymnasium', ""Children's Play Area"", 'Amphitheatre', 'Swimming Pool', 'Jogging Track', 'Basketball Court', 'Cricket Pitch', 'Banquet Hall', 'Yoga/Meditation Area']"
Casagrand Amor,Akshaya Nagar,"['Amphitheatre', 'Yoga/Meditation Area', 'Basketball Court', 'Skating Rink', 'Creche/Day Care', 'Squash Court', 'Gymnasium', ""Children's Play Area"", 'Jogging Track']"
Casagrand Aquene,Kengeri,"['Feng Shui / Vaastu Compliant', 'Lift(s)', 'Centrally Air Conditioned', 'No open drainage around', 'Swimming Pool', 'Park', 'Natural Light', 'Airy Rooms', 'Spacious Interiors', 'Fitness Centre / GYM', 'Waste Disposal', 'Rain Water Harvesting', 'Club house / Community Center']"
Casagrand Boulevard,Chikkagubbi,"['Feng Shui / Vaastu Compliant', 'Private Garden / Terrace', 'Intercom Facility', 'Lift(s)', 'High Ceiling Height', 'Maintenance Staff', 'Water Storage', 'No open drainage around', 'Visitor Parking', 'Swimming Pool', 'Park', 'Fitness Centre / GYM', 'Rain Water Harvesting', 'Club house / Community Center', 'Water softening plant']"
Casagrand Casablanca,Kanakapura Road,"['Golf Course', 'Park', 'Natural Pond', 'Club House', 'Creche/Day Care', 'Banquet Hall', 'Gymnasium', ""Children's Play Area"", 'Swimming Pool']"
Casagrand Flamingo,Begur,"['Power Back-up', 'Feng Shui / Vaastu Compliant', 'Lift(s)', 'Swimming Pool', 'Park', 'Fitness Centre / GYM', 'Club house / Community Center']"
Casagrand Hazen,Gottigere,"['Private Garden / Terrace', 'Intercom Facility', 'Lift(s)', 'Swimming Pool', 'Park', 'Natural Light', 'Spacious Interiors', 'Fitness Centre / GYM', 'Club house / Community Center', 'Rain Water Harvesting', 'Water softening plant']"
Casagrand Lorenza,Kogilu,"['Power Back-up', 'Feng Shui / Vaastu Compliant', 'Security / Fire Alarm', 'Private Garden / Terrace', 'Lift(s)', 'Swimming Pool', 'Park', 'Airy Rooms', 'Spacious Interiors', 'Fitness Centre / GYM', 'Club house / Community Center', 'Rain Water Harvesting']"
Casagrand Royce,Hoodi,"['Power Back-up', 'Feng Shui / Vaastu Compliant', 'Lift(s)', 'High Ceiling Height', 'Swimming Pool', 'No open drainage around', 'Park', 'Fitness Centre / GYM', 'Club house / Community Center', 'Rain Water Harvesting']"
Casagrand Zaiden,Kanakapura Road,"['Golf Course', 'Amphitheatre', 'Basketball Court', 'Skating Rink', 'Club House', 'Gymnasium', ""Children's Play Area"", 'Jogging Track', 'Swimming Pool']"
Cedar at Brigade Orchards,Devanahalli,"['Power Back-up', 'Security / Fire Alarm', 'Lift(s)', 'Swimming Pool', 'Maintenance Staff', 'Park', 'Visitor Parking', 'Security Personnel', 'Shopping Centre', 'Fitness Centre / GYM', 'Club house / Community Center', 'Rain Water Harvesting']"
Celebration Apartment,BEL Layout,"['Feng Shui / Vaastu Compliant', 'Security / Fire Alarm', 'Intercom Facility', 'Lift(s)', 'Maintenance Staff', 'Water Storage', 'Visitor Parking']"
Celebrations,Bharat Nagar,"['Feng Shui / Vaastu Compliant', 'Security / Fire Alarm', 'Lift(s)', 'Water Storage']"
Celebrity Signature,Doddathoguru,"['Power Back-up', 'Feng Shui / Vaastu Compliant', 'Intercom Facility', 'Lift(s)', 'Water purifier', 'High Ceiling Height', 'Maintenance Staff', 'No open drainage around', 'Recently Renovated', 'Piped-gas', 'Swimming Pool', 'Park', 'Security Personnel', 'Natural Light', 'Internet/wi-fi connectivity', 'Airy Rooms', 'Spacious Interiors', 'Low Density Society', 'Shopping Centre', 'Fitness Centre / GYM', 'Waste Disposal', 'Rain Water Harvesting', 'Club house / Community Center']"
Celebrity Square,Bidaraguppe,"['Security / Fire Alarm', 'Feng Shui / Vaastu Compliant', 'Intercom Facility', 'Lift(s)', 'Maintenance Staff', 'Water Storage', 'No open drainage around', 'Bank Attached Property', 'Visitor Parking', 'Swimming Pool', 'Park', 'Security Personnel', 'Natural Light', 'Internet/wi-fi connectivity', 'Airy Rooms', 'Fitness Centre / GYM', 'Waste Disposal', 'Rain Water Harvesting', 'Club house / Community Center']"
Celebrity Square Apartments,Bidaraguppe,"['Lift(s)', 'Swimming Pool', 'Park', 'Visitor Parking', 'Security Personnel', 'Fitness Centre / GYM', 'Club house / Community Center']"
Centreo by Prime One Corp and Enessen Estates,Raghuvanahalli,"['Security / Fire Alarm', 'Power Back-up', 'Intercom Facility', 'Lift(s)', 'Maintenance Staff', 'Water Storage', 'Visitor Parking', 'Swimming Pool', 'Security Personnel', 'Fitness Centre / GYM', 'Waste Disposal', 'Rain Water Harvesting', 'Club house / Community Center']"
Century,Jakkur,"['Security / Fire Alarm', 'Private Garden / Terrace', 'Intercom Facility', 'Lift(s)', 'Maintenance Staff', 'Water Storage', 'No open drainage around', 'Piped-gas', 'Visitor Parking', 'Security Personnel', 'Natural Light', 'Low Density Society', 'Shopping Centre', 'Rain Water Harvesting', 'Club house / Community Center']"
Century Breeze,Jakkur,"['Security / Fire Alarm', 'Feng Shui / Vaastu Compliant', 'Lift(s)', 'High Ceiling Height', 'Maintenance Staff', 'No open drainage around', 'Visitor Parking', 'Swimming Pool', 'Park', 'Shopping Centre', 'Fitness Centre / GYM', 'Waste Disposal', 'Club house / Community Center', 'Water softening plant']"
Century Celeste,Nehru Nagar,"['Feng Shui / Vaastu Compliant', 'Lift(s)', 'Maintenance Staff', 'Swimming Pool', 'Park', 'Piped-gas', 'Visitor Parking', 'Security Personnel', 'Internet/wi-fi connectivity', 'Fitness Centre / GYM']"
Century Central,Uttarahalli,"['Feng Shui / Vaastu Compliant', 'Security / Fire Alarm', 'Intercom Facility', 'Lift(s)', 'Swimming Pool', 'Maintenance Staff', 'Water Storage', 'Park', 'Visitor Parking', 'Fitness Centre / GYM', 'Club house / Community Center']"
Century Commanders Vista,Ferrar Nagar,"['Security / Fire Alarm', 'Power Back-up', 'Feng Shui / Vaastu Compliant', 'Intercom Facility', 'Lift(s)', 'Maintenance Staff', 'Water Storage', 'Visitor Parking', 'Swimming Pool', 'Park', 'Security Personnel', 'Shopping Centre', 'Fitness Centre / GYM', 'Rain Water Harvesting', 'Club house / Community Center', 'Water softening plant']"
Century Ethos,Hebbal,"['Banquet Hall', 'Theatre', 'Golf Course', ""Children's Play Area"", 'Swimming Pool', 'Club House', 'Park', 'Amphitheatre', 'Gymnasium']"
Century Ethos Hebbal,Thanisandra,"[""Children's Play Area"", 'Park', 'Golf Course', 'Amphitheatre', 'Theatre', 'Swimming Pool', 'Banquet Hall', 'Club House', 'Gymnasium']"
Century Indus,Rajarajeshwari Nagar,"['Security / Fire Alarm', 'Feng Shui / Vaastu Compliant', 'Intercom Facility', 'Lift(s)', 'High Ceiling Height', 'Maintenance Staff', 'Water Storage', 'No open drainage around', 'Recently Renovated', 'Visitor Parking', 'Swimming Pool', 'Park', 'Security Personnel', 'Natural Light', 'Internet/wi-fi connectivity', 'Airy Rooms', 'Spacious Interiors', 'Fitness Centre / GYM', 'Waste Disposal', 'Rain Water Harvesting', 'Club house / Community Center']"
Chaithanya Oakville,Whitefield,"['Security / Fire Alarm', 'Power Back-up', 'Feng Shui / Vaastu Compliant', 'Intercom Facility', 'High Ceiling Height', 'Maintenance Staff', 'False Ceiling Lighting', 'Water Storage', 'Separate entry for servant room', 'Bank Attached Property', 'Piped-gas', 'Visitor Parking', 'Swimming Pool', 'Security Personnel', 'Natural Light', 'Airy Rooms', 'Low Density Society', 'Shopping Centre', 'Fitness Centre / GYM', 'Waste Disposal', 'Rain Water Harvesting', 'Water softening plant']"
Chaithanya Samarth,Budigere Cross,"['Security / Fire Alarm', 'Feng Shui / Vaastu Compliant', 'Intercom Facility', 'Lift(s)', 'Maintenance Staff', 'Water Storage', 'Separate entry for servant room', 'No open drainage around', 'Bank Attached Property', 'Visitor Parking', 'Swimming Pool', 'Park', 'Security Personnel', 'Natural Light', 'Airy Rooms', 'Low Density Society', 'Shopping Centre', 'Fitness Centre / GYM', 'Waste Disposal', 'Rain Water Harvesting', 'Club house / Community Center', 'Water softening plant']"
Chartered Madhura,Chikkalasandra,"['Security / Fire Alarm', 'Intercom Facility', 'Lift(s)', 'Maintenance Staff', 'Water Storage', 'Visitor Parking', 'Swimming Pool', 'Park', 'Security Personnel', 'Natural Light', 'Internet/wi-fi connectivity', 'Airy Rooms', 'Spacious Interiors', 'Fitness Centre / GYM', 'Rain Water Harvesting', 'Club house / Community Center']"
Chetan Habitat,Kothanur,"['Security / Fire Alarm', 'Intercom Facility', 'Lift(s)', 'Maintenance Staff', 'Water Storage', 'Visitor Parking', 'Swimming Pool', 'Park', 'Security Personnel', 'Internet/wi-fi connectivity', 'Fitness Centre / GYM', 'Rain Water Harvesting', 'Club house / Community Center']"
Chethan,Alfa Gardens,"['Security / Fire Alarm', 'Feng Shui / Vaastu Compliant', 'Intercom Facility', 'Lift(s)', 'Maintenance Staff', 'Park', 'Security Personnel', 'Natural Light', 'Airy Rooms', 'Low Density Society', 'Fitness Centre / GYM', 'Waste Disposal', 'Club house / Community Center']"
Chirag Residency,Mysore Road,"['Security / Fire Alarm', 'Feng Shui / Vaastu Compliant', 'Lift(s)', 'Centrally Air Conditioned', 'High Ceiling Height', 'Maintenance Staff', 'Water Storage', 'No open drainage around', 'Visitor Parking', 'Security Personnel', 'Natural Light', 'Airy Rooms', 'Spacious Interiors', 'Low Density Society', 'Waste Disposal', 'Rain Water Harvesting']"
Chithaary Greens,MLA Layout,"['Security / Fire Alarm', 'Lift(s)', 'Maintenance Staff', 'Water Storage', 'No open drainage around', 'Waste Disposal']"
Chithaary Sayoonee,MLA Layout,"['Security / Fire Alarm', 'Maintenance Staff']"
Chitrakut Shelter,Hebbal,"['Security / Fire Alarm', 'Power Back-up', 'Feng Shui / Vaastu Compliant', 'Intercom Facility', 'Lift(s)', 'Maintenance Staff', 'Water Storage', 'Visitor Parking', 'Swimming Pool', 'Park', 'Security Personnel', 'Fitness Centre / GYM', 'Rain Water Harvesting', 'Club house / Community Center']"
Chowdeshwari Arcade,Nagappa Block,"['Security / Fire Alarm', 'Lift(s)', 'Water Storage']"
Chowriyappa Consolation,Hennur Road,"['Feng Shui / Vaastu Compliant', 'Security / Fire Alarm', 'Lift(s)', 'Maintenance Staff', 'Park', 'Visitor Parking']"
Columbia AALtius,Electronics City Phase 1,"['Power Back-up', 'Feng Shui / Vaastu Compliant', 'Intercom Facility', 'Lift(s)', 'Centrally Air Conditioned', 'High Ceiling Height', 'No open drainage around', 'Piped-gas', 'Swimming Pool', 'Park', 'Security Personnel', 'Internet/wi-fi connectivity', 'Shopping Centre', 'Fitness Centre / GYM', 'Waste Disposal', 'Rain Water Harvesting', 'Club house / Community Center']"
Columbia Pacific Serviced Community,Bommenahalli,"['Security / Fire Alarm', 'Feng Shui / Vaastu Compliant', 'Intercom Facility', 'Lift(s)', 'Water purifier', 'Maintenance Staff', 'Water Storage', 'No open drainage around', 'Visitor Parking', 'Swimming Pool', 'Park', 'Security Personnel', 'Natural Light', 'Internet/wi-fi connectivity', 'Airy Rooms', 'Spacious Interiors', 'Low Density Society', 'Fitness Centre / GYM', 'Waste Disposal', 'Rain Water Harvesting', 'Club house / Community Center', 'Water softening plant']"
Columbia SR Flora,Mico Layout,"['Feng Shui / Vaastu Compliant', 'Intercom Facility', 'Lift(s)', 'Maintenance Staff', 'Swimming Pool', 'Park', 'Security Personnel', 'Fitness Centre / GYM', 'Club house / Community Center', 'Rain Water Harvesting']"
Concord Heights,Thanisandra,"['Feng Shui / Vaastu Compliant', 'Security / Fire Alarm', 'Lift(s)', 'Maintenance Staff', 'Swimming Pool', 'Water Storage', 'Park', 'Visitor Parking', 'Fitness Centre / GYM', 'Club house / Community Center', 'Rain Water Harvesting']"
Concorde Auriga,KR Puram,"['Security / Fire Alarm', 'Power Back-up', 'Feng Shui / Vaastu Compliant', 'Lift(s)', 'Maintenance Staff', 'Visitor Parking', 'Swimming Pool', 'Park', 'Security Personnel', 'Natural Light', 'Airy Rooms', 'Fitness Centre / GYM', 'Waste Disposal', 'Rain Water Harvesting', 'Club house / Community Center']"
Concorde Epitome,Electronics City Phase 2,"['Security / Fire Alarm', 'Power Back-up', 'Feng Shui / Vaastu Compliant', 'Intercom Facility', 'Lift(s)', 'Maintenance Staff', 'Water Storage', 'Visitor Parking', 'Swimming Pool', 'Park', 'Fitness Centre / GYM', 'Rain Water Harvesting', 'Club house / Community Center']"
Concorde Mayfair,Yelahanka,"['Party Lawn', 'Basketball Court', 'Indoor Games', 'Yoga/Meditation Area', 'Car Parking', 'Swimming Pool', 'Club House', 'Amphitheatre', 'Gymnasium']"
Concorde Midway City,Hosur Road,"['Security / Fire Alarm', 'Feng Shui / Vaastu Compliant', 'Intercom Facility', 'Lift(s)', 'High Ceiling Height', 'Maintenance Staff', 'Water Storage', 'No open drainage around', 'Piped-gas', 'Visitor Parking', 'Swimming Pool', 'Security Personnel', 'Natural Light', 'Internet/wi-fi connectivity', 'Airy Rooms', 'Spacious Interiors', 'Low Density Society', 'Shopping Centre', 'Fitness Centre / GYM', 'Waste Disposal', 'Rain Water Harvesting', 'Club house / Community Center']"
Concorde Neo,Jakkur,"['Security / Fire Alarm', 'Feng Shui / Vaastu Compliant', 'Intercom Facility', 'Lift(s)', 'Maintenance Staff', 'False Ceiling Lighting', 'Water Storage', 'No open drainage around', 'Piped-gas', 'Visitor Parking', 'Swimming Pool', 'Park', 'Natural Light', 'Airy Rooms', 'Waste Disposal', 'Rain Water Harvesting']"
Concorde Tech Turf,Electronics City Phase 1,"['Power Back-up', 'Intercom Facility', 'Lift(s)', 'High Ceiling Height', 'No open drainage around', 'Bank Attached Property', 'Piped-gas', 'Swimming Pool', 'Park', 'Security Personnel', 'Natural Light', 'Airy Rooms', 'Spacious Interiors', 'Low Density Society', 'Fitness Centre / GYM', 'Rain Water Harvesting', 'Club house / Community Center']"
Confident Meadows,Yamare,"['Lift(s)', 'Swimming Pool', 'Fitness Centre / GYM', 'Club house / Community Center']"
Confident Oxygen,Dommasandra,"['Security / Fire Alarm', 'Feng Shui / Vaastu Compliant', 'Intercom Facility', 'Lift(s)', 'High Ceiling Height', 'Maintenance Staff', 'Water Storage', 'No open drainage around', 'Piped-gas', 'Visitor Parking', 'Swimming Pool', 'Park', 'Internet/wi-fi connectivity', 'Shopping Centre', 'Fitness Centre / GYM', 'Waste Disposal', 'Rain Water Harvesting', 'Water softening plant']"
Corporate Suncity Apartments,Sarjapur Road,"['Security / Fire Alarm', 'Power Back-up', 'Feng Shui / Vaastu Compliant', 'Intercom Facility', 'Lift(s)', 'Maintenance Staff', 'Water Storage', 'No open drainage around', 'Piped-gas', 'Visitor Parking', 'Swimming Pool', 'Park', 'Security Personnel', 'Natural Light', 'Internet/wi-fi connectivity', 'Airy Rooms', 'Spacious Interiors', 'Shopping Centre', 'Fitness Centre / GYM', 'Waste Disposal', 'Rain Water Harvesting', 'Club house / Community Center', 'Water softening plant']"
Countryside Radiance,Electronics City Phase 1,"['Power Back-up', 'Feng Shui / Vaastu Compliant', 'Intercom Facility', 'Lift(s)', 'Swimming Pool', 'No open drainage around', 'Park', 'Piped-gas', 'Fitness Centre / GYM', 'Club house / Community Center', 'Rain Water Harvesting', 'Water softening plant']"
Creative Elegance,Nagavara,"['Power Back-up', 'Feng Shui / Vaastu Compliant', 'Intercom Facility', 'Lift(s)', 'Swimming Pool', 'Park', 'Internet/wi-fi connectivity', 'Fitness Centre / GYM', 'Club house / Community Center', 'Rain Water Harvesting']"
Creative Shree Vikas,Thanisandra,"['Feng Shui / Vaastu Compliant', 'Intercom Facility', 'Lift(s)', 'Swimming Pool', 'Park', 'Fitness Centre / GYM', 'Club house / Community Center', 'Rain Water Harvesting']"
DC Golden Lotus,Muthyala Nagar,"['Lift(s)', 'Visitor Parking', 'Security Personnel']"
DD Wisdom Pearl Apartment,Ramamurthy Nagar,"['Feng Shui / Vaastu Compliant', 'Maintenance Staff', 'Water Storage']"
DLF Maiden Heights,Jigani,"['Security / Fire Alarm', 'Power Back-up', 'Feng Shui / Vaastu Compliant', 'Lift(s)', 'Maintenance Staff', 'Water Storage', 'No open drainage around', 'Piped-gas', 'Visitor Parking', 'Swimming Pool', 'Park', 'Security Personnel', 'Natural Light', 'Internet/wi-fi connectivity', 'Airy Rooms', 'Spacious Interiors', 'Fitness Centre / GYM', 'Waste Disposal', 'Rain Water Harvesting', 'Club house / Community Center']"
DLF Westend Heights,Akshaya Nagar,"['Security / Fire Alarm', 'Power Back-up', 'Feng Shui / Vaastu Compliant', 'Lift(s)', 'High Ceiling Height', 'Maintenance Staff', 'Water Storage', 'No open drainage around', 'Visitor Parking', 'Swimming Pool', 'Fitness Centre / GYM', 'Waste Disposal', 'Rain Water Harvesting', 'Club house / Community Center', 'Water softening plant']"
DLF Woodland Heights,Rajapura,"['Power Back-up', 'Intercom Facility', 'Lift(s)', 'Swimming Pool', 'Park', 'Club house / Community Center']"
DNR Arista,Kaikondrahalli,"['Security / Fire Alarm', 'Feng Shui / Vaastu Compliant', 'Lift(s)', 'High Ceiling Height', 'Maintenance Staff', 'False Ceiling Lighting', 'Water Storage', 'Separate entry for servant room', 'No open drainage around', 'Piped-gas', 'Visitor Parking', 'Swimming Pool', 'Park', 'Internet/wi-fi connectivity', 'Shopping Centre', 'Fitness Centre / GYM', 'Waste Disposal', 'Rain Water Harvesting', 'Club house / Community Center', 'Water softening plant']"
DNR Parklink,Byrathi,"['Club House', 'Gymnasium', ""Children's Play Area"", 'Amphitheatre', 'Swimming Pool', 'Jogging Track', 'Landscape Garden', 'Squash Court', 'Banquet Hall']"
DNR Reflection,Green Glen Layout,"['Security / Fire Alarm', 'Feng Shui / Vaastu Compliant', 'Lift(s)', 'Water purifier', 'High Ceiling Height', 'Maintenance Staff', 'False Ceiling Lighting', 'Water Storage', 'Separate entry for servant room', 'Piped-gas', 'Visitor Parking', 'Swimming Pool', 'Park', 'Natural Light', 'Internet/wi-fi connectivity', 'Spacious Interiors', 'Fitness Centre / GYM', 'Rain Water Harvesting', 'Club house / Community Center', 'Water softening plant']"
DRA Ranka Aquagreens,Kengeri,"['Security / Fire Alarm', 'Power Back-up', 'Feng Shui / Vaastu Compliant', 'Intercom Facility', 'Lift(s)', 'Maintenance Staff', 'Water Storage', 'Piped-gas', 'Visitor Parking', 'Swimming Pool', 'Park', 'Fitness Centre / GYM', 'Club house / Community Center']"
DS Max Saaga,Subramanyapura,"['Lift(s)', 'Swimming Pool', 'Fitness Centre / GYM']"
DS Max Sahara,Chikkanagamangala,"['Party Lawn', 'Park', 'Squash Court', 'Banquet Hall', 'Gymnasium', ""Children's Play Area"", 'Sun Deck', 'Jogging Track', 'Swimming Pool']"
DS Max Samyak,Bheemanakuppe,"[""Children's Play Area"", 'Basketball Court', 'Swimming Pool', 'Jogging Track', 'Club House', 'Party Lawn', 'Yoga/Meditation Area', 'Gymnasium', 'Table Tennis']"
DS Max Sandalwood,Nagasandra,"['Power Back-up', 'Intercom Facility', 'Lift(s)', 'High Ceiling Height', 'No open drainage around', 'Swimming Pool', 'Park', 'Natural Light', 'Internet/wi-fi connectivity', 'Airy Rooms', 'Low Density Society', 'Fitness Centre / GYM', 'Waste Disposal', 'Rain Water Harvesting', 'Club house / Community Center']"
DS Max Sangam,Sonnenahalli,"['Lift(s)', 'Maintenance Staff', 'Swimming Pool', 'Park', 'Security Personnel', 'Fitness Centre / GYM']"
DS Max Sankalp Manor,Kalkere,"['Security / Fire Alarm', 'Feng Shui / Vaastu Compliant', 'Intercom Facility', 'Lift(s)', 'Maintenance Staff', 'False Ceiling Lighting', 'Water Storage', 'No open drainage around', 'Visitor Parking', 'Swimming Pool', 'Park', 'Security Personnel', 'Natural Light', 'Airy Rooms', 'Spacious Interiors', 'Low Density Society', 'Fitness Centre / GYM', 'Waste Disposal', 'Club house / Community Center']"
DS Max Satellite,Kengeri Satellite Town,"['Feng Shui / Vaastu Compliant', 'Security / Fire Alarm', 'Lift(s)', 'Maintenance Staff', 'Swimming Pool', 'Water Storage', 'Park', 'Visitor Parking', 'Fitness Centre / GYM', 'Club house / Community Center']"
DS Max Seasons,Vibhutipura,"['Intercom Facility', 'Lift(s)']"
DS Max Senate,Begur,"['Feng Shui / Vaastu Compliant', 'Security / Fire Alarm', 'Lift(s)', 'Swimming Pool', 'Maintenance Staff', 'Water Storage', 'Park', 'Fitness Centre / GYM', 'Rain Water Harvesting']"
DS Max Shreshta,Thanisandra,"['Power Back-up', 'Feng Shui / Vaastu Compliant', 'Security / Fire Alarm', 'Lift(s)', 'Swimming Pool', 'Maintenance Staff', 'Water Storage', 'Park', 'Visitor Parking', 'Fitness Centre / GYM', 'Club house / Community Center']"
DS Max Silver Bell,Magadi Road,"['Security / Fire Alarm', 'Intercom Facility', 'Lift(s)', 'Maintenance Staff', 'Water Storage', 'Park']"
DS Max Silver Oak,Kammasandra,"['Power Back-up', 'Intercom Facility', 'Lift(s)', 'Swimming Pool', 'Park', 'Fitness Centre / GYM']"
DS Max Silver Wood,Bommasandra,"['Power Back-up', 'Intercom Facility', 'Lift(s)', 'Swimming Pool', 'Park', 'Fitness Centre / GYM', 'Club house / Community Center', 'Rain Water Harvesting']"
DS Max Sista Grand,Uttarahalli,"['Skating Rink', 'Party Lawn', 'Gymnasium', 'Barbecue', 'Swimming Pool', 'Lounge', 'Park', 'Carrom', 'Chess']"
DS Max Sista Nest,Uttarahalli,"['Intercom Facility', 'Lift(s)', 'False Ceiling Lighting', 'Swimming Pool', 'No open drainage around', 'Park', 'Natural Light', 'Spacious Interiors', 'Fitness Centre / GYM', 'Waste Disposal', 'Rain Water Harvesting']"
DS Max Sky City,Thanisandra,"['Intercom Facility', 'Lift(s)', 'Swimming Pool', 'Park', 'Piped-gas', 'Fitness Centre / GYM', 'Club house / Community Center', 'Rain Water Harvesting', 'Water softening plant']"
DS Max Sky Samurai,Soukya Road,"['Club House', 'Gymnasium', ""Children's Play Area"", 'Jogging Track', 'Skating Rink', 'Basketball Court', 'Gazebo', 'Park', 'Yoga/Meditation Area']"
DS Max Sky Shubham,KR Puram,"['Gymnasium', ""Children's Play Area"", 'Amphitheatre', 'Swimming Pool', 'Banquet Hall', 'Jogging Track', 'Party Lawn', 'Park', 'Multipurpose court']"
DS Max Sky Sisira,Yelahanka,"['Jogging Track', 'Cycling Track', ""Children's Play Area"", 'Amphitheatre', 'Yoga/Meditation Area', 'Swimming Pool', 'Club House', 'EV Charging Stations', 'Gymnasium']"
DS Max Skycity,Yelahanka,"['Squash Court', 'Jogging Track', 'Banquet Hall', 'Badminton Court', ""Children's Play Area"", 'Swimming Pool', 'Club House', 'Park', 'Gymnasium']"
DS Max Skysupreme,Kengeri,"['Power Back-up', 'Intercom Facility', 'Lift(s)', 'Swimming Pool', 'Park', 'Fitness Centre / GYM', 'Club house / Community Center', 'Rain Water Harvesting']"
DS Max Smart Nest,Ganigarahalli,"['Power Back-up', 'Feng Shui / Vaastu Compliant', 'Intercom Facility', 'Lift(s)', 'Swimming Pool', 'Maintenance Staff', 'Park', 'Security Personnel', 'Internet/wi-fi connectivity', 'Fitness Centre / GYM', 'Club house / Community Center', 'Rain Water Harvesting']"
DS Max Sonata,Chikkabanavar,"['Power Back-up', 'Feng Shui / Vaastu Compliant', 'Security / Fire Alarm', 'Lift(s)', 'Swimming Pool', 'Maintenance Staff', 'Water Storage', 'Park', 'Visitor Parking', 'Fitness Centre / GYM', 'Club house / Community Center', 'Rain Water Harvesting']"
DS Max Sparkle Nest,K.Narayanapura,"['Power Back-up', 'Feng Shui / Vaastu Compliant', 'Intercom Facility', 'Lift(s)', 'Park', 'Fitness Centre / GYM']"
DS Max Sparkles,Chikkakannalli,"['Lift(s)', 'Maintenance Staff', 'Swimming Pool', 'Park', 'Security Personnel', 'Fitness Centre / GYM', 'Waste Disposal', 'Club house / Community Center', 'Rain Water Harvesting']"
DS Max Spoorthi,Sarjapur Attibele Road,"['Indoor Games', 'Senior Citizen Sitout', 'Club House', 'Lounge', 'Gymnasium', ""Children's Play Area"", 'Sun Deck', 'Jogging Track', 'Swimming Pool']"
DS Max Springfield,Anagalapura,"['Power Back-up', 'Feng Shui / Vaastu Compliant', 'Lift(s)', 'Swimming Pool', 'Maintenance Staff', 'Park', 'Security Personnel', 'Fitness Centre / GYM', 'Club house / Community Center', 'Rain Water Harvesting']"
DS Max Star Nest,SMV Layout Block 1,"['Security / Fire Alarm', 'Power Back-up', 'Feng Shui / Vaastu Compliant', 'Intercom Facility', 'Lift(s)', 'Maintenance Staff', 'Water Storage', 'No open drainage around', 'Swimming Pool', 'Park', 'Security Personnel', 'Natural Light', 'Airy Rooms', 'Fitness Centre / GYM', 'Waste Disposal', 'Rain Water Harvesting', 'Club house / Community Center']"
DS Max Starle,Electronics City Phase 2,"['Security / Fire Alarm', 'Intercom Facility', 'Lift(s)', 'Maintenance Staff', 'Water Storage', 'Visitor Parking', 'Swimming Pool', 'Park', 'Security Personnel', 'Natural Light', 'Airy Rooms', 'Spacious Interiors', 'Fitness Centre / GYM', 'Club house / Community Center', 'Water softening plant']"
DS Max Stavam,Yelahanka,"['Power Back-up', 'Security / Fire Alarm', 'Intercom Facility', 'Lift(s)', 'Swimming Pool', 'Maintenance Staff', 'Water Storage', 'Park', 'Visitor Parking', 'Fitness Centre / GYM', 'Rain Water Harvesting']"
DS Max Stavam Nest,Yelahanka,"['Power Back-up', 'Feng Shui / Vaastu Compliant', 'Security / Fire Alarm', 'Intercom Facility', 'Lift(s)', 'Swimming Pool', 'Maintenance Staff', 'Water Storage', 'Park', 'Visitor Parking', 'Fitness Centre / GYM', 'Rain Water Harvesting']"
DS Max Sterling,Varthur,"['Feng Shui / Vaastu Compliant', 'Security / Fire Alarm', 'Intercom Facility', 'Lift(s)', 'High Ceiling Height', 'Maintenance Staff', 'Swimming Pool', 'Security Personnel', 'Fitness Centre / GYM', 'Club house / Community Center', 'Rain Water Harvesting']"
DS Max Stonescape,9th Phase JP Nagar,"['Security / Fire Alarm', 'Feng Shui / Vaastu Compliant', 'Intercom Facility', 'Lift(s)', 'Maintenance Staff', 'Water Storage', 'No open drainage around', 'Visitor Parking', 'Swimming Pool', 'Park', 'Security Personnel', 'Natural Light', 'Airy Rooms', 'Spacious Interiors', 'Low Density Society', 'Fitness Centre / GYM', 'Waste Disposal', 'Rain Water Harvesting', 'Club house / Community Center', 'Water softening plant']"
DS Max Sukruth,Chandapura,"['Party Lawn', 'Gymnasium', 'Gated Community', ""Children's Play Area"", 'Multipurpose Hall', 'Car Parking', 'Swimming Pool', 'Club House', 'Landscape Garden']"
DS Max Sukruth Chandapura,7th Phase JP Nagar,"[""Children's Play Area"", 'Gymnasium', 'Club House', 'Landscape Garden', 'Party Lawn', 'Gated Community', 'Swimming Pool', 'Multipurpose Hall', 'Car Parking']"
DS Max Supreme,Green View Layout,"['Security / Fire Alarm', 'Power Back-up', 'Feng Shui / Vaastu Compliant', 'Intercom Facility', 'Lift(s)', 'High Ceiling Height', 'Maintenance Staff', 'Water Storage', 'Visitor Parking', 'Swimming Pool', 'Park', 'Security Personnel', 'Shopping Centre', 'Fitness Centre / GYM', 'Rain Water Harvesting', 'Club house / Community Center', 'Water softening plant']"
DS Max Synergy,Yelahanka,"['Intercom Facility', 'Lift(s)', 'Swimming Pool', 'Park', 'Fitness Centre / GYM']"
DS Needs 3 Project 276,Kalena Agrahara,"['Car Parking', 'Multipurpose court', 'Shopping Centre', 'Park', 'Club House', 'Multipurpose Hall', 'Gymnasium', ""Children's Play Area"", 'Swimming Pool']"
DSMax Savera,Uttarahalli,"['Power Back-up', 'Feng Shui / Vaastu Compliant', 'Security / Fire Alarm', 'Intercom Facility', 'Lift(s)', 'Swimming Pool', 'Maintenance Staff', 'Water Storage', 'Park', 'Visitor Parking', 'Fitness Centre / GYM', 'Club house / Community Center']"
DSMax Stonescape,Anjanapura Twp,"['Power Back-up', 'Intercom Facility', 'Lift(s)', 'High Ceiling Height', 'No open drainage around', 'Swimming Pool', 'Park', 'Security Personnel', 'Natural Light', 'Airy Rooms', 'Low Density Society', 'Fitness Centre / GYM', 'Waste Disposal', 'Rain Water Harvesting', 'Club house / Community Center']"
DSR Brown Creeper,Gunjur,"['Club House', 'Gymnasium', ""Children's Play Area"", 'Jogging Track', 'Multipurpose Hall', 'Basketball Court', 'Badminton Court', 'Cricket Pitch', 'Park']"
DSR Green Waters,Gunjur,"['Club House', 'Gymnasium', ""Children's Play Area"", 'Fire Fighting Systems', 'Swimming Pool', 'Indoor Games', 'Multipurpose Hall', 'Car Parking', 'CCTV Camera Security']"
DSR Highland Greenz,Sarjapur Road,"['Club House', 'Gymnasium', ""Children's Play Area"", 'Amphitheatre', 'Swimming Pool', 'Creche/Day Care', 'Jogging Track', 'Squash Court', 'Park']"
DSR Parkway,Gunjur,"['Club House', 'Gymnasium', ""Children's Play Area"", 'Amphitheatre', 'Banquet Hall', 'Basketball Court', 'Gazebo', 'Badminton Court', 'Park']"
DSR The Courtyard,Sarjapur Road,"['Club House', 'Gymnasium', ""Children's Play Area"", 'Amphitheatre', 'Swimming Pool', 'Basketball Court', 'Badminton Court', 'Cricket Pitch', 'Yoga/Meditation Area']"
Daadys Elixir,Gulimangala,"['Feng Shui / Vaastu Compliant', 'Intercom Facility', 'Lift(s)', 'Maintenance Staff', 'Swimming Pool', 'Park', 'Piped-gas', 'Security Personnel', 'Fitness Centre / GYM', 'Club house / Community Center', 'Rain Water Harvesting', 'Water softening plant']"
Daisy Mansion,Byrappa Layout,"['Feng Shui / Vaastu Compliant', 'Security / Fire Alarm', 'Lift(s)', 'Maintenance Staff', 'Water Storage']"
Datla Satya Greens,Tindlu,"['Security / Fire Alarm', 'Feng Shui / Vaastu Compliant', 'Private Garden / Terrace', 'Intercom Facility', 'Lift(s)', 'Maintenance Staff', 'Water Storage', 'Separate entry for servant room', 'No open drainage around', 'Bank Attached Property', 'Visitor Parking', 'Swimming Pool', 'Park', 'Security Personnel', 'Natural Light', 'Internet/wi-fi connectivity', 'Fitness Centre / GYM', 'Waste Disposal', 'Rain Water Harvesting', 'Club house / Community Center']"
Daya M K Santara Magan Place Phase 2,Hulimavu,"['Security / Fire Alarm', 'Intercom Facility', 'Lift(s)', 'Maintenance Staff', 'Water Storage', 'No open drainage around', 'Recently Renovated', 'Bank Attached Property', 'Visitor Parking', 'Swimming Pool', 'Park', 'Security Personnel', 'Natural Light', 'Airy Rooms', 'Spacious Interiors', 'Low Density Society', 'Fitness Centre / GYM', 'Rain Water Harvesting', 'Club house / Community Center']"
Deccan Heights,Rajarajeshwari Nagar,"['Power Back-up', 'Intercom Facility', 'Lift(s)', 'High Ceiling Height', 'Maintenance Staff', 'No open drainage around', 'Piped-gas', 'Swimming Pool', 'Park', 'Security Personnel', 'Natural Light', 'Fitness Centre / GYM', 'Waste Disposal', 'Rain Water Harvesting', 'Club house / Community Center']"
Deepicas Residency,Nagavarapalya,"['Feng Shui / Vaastu Compliant', 'Security / Fire Alarm', 'Intercom Facility', 'Lift(s)', 'Maintenance Staff', 'Water Storage', 'Visitor Parking', 'Security Personnel', 'Fitness Centre / GYM', 'Club house / Community Center', 'Rain Water Harvesting']"
Defence Colony Residents Association,Bommasandra,"['Feng Shui / Vaastu Compliant', 'Security / Fire Alarm', 'Intercom Facility', 'Lift(s)', 'Water purifier', 'Security Personnel', 'Natural Light', 'Airy Rooms', 'Rain Water Harvesting', 'Water softening plant']"
Defer Hi Life,Mathrushree Layout,"['Security / Fire Alarm', 'Feng Shui / Vaastu Compliant', 'Intercom Facility', 'Lift(s)', 'Maintenance Staff', 'Water Storage', 'No open drainage around', 'Visitor Parking', 'Swimming Pool', 'Park', 'Security Personnel', 'Low Density Society', 'Fitness Centre / GYM', 'Waste Disposal', 'Rain Water Harvesting', 'Club house / Community Center', 'Water softening plant']"
Defer Kingdom,Bommenahalli,"['Security / Fire Alarm', 'Power Back-up', 'Feng Shui / Vaastu Compliant', 'Intercom Facility', 'Lift(s)', 'High Ceiling Height', 'Maintenance Staff', 'Recently Renovated', 'Piped-gas', 'Visitor Parking', 'Swimming Pool', 'Park', 'Security Personnel', 'Natural Light', 'Internet/wi-fi connectivity', 'Airy Rooms', 'Fitness Centre / GYM', 'Waste Disposal', 'Rain Water Harvesting', 'Club house / Community Center', 'Water softening plant']"
Deodar at Brigade Orchards,Devanahalli,"['Power Back-up', 'Intercom Facility', 'Lift(s)', 'Swimming Pool', 'Maintenance Staff', 'Park', 'Visitor Parking', 'Security Personnel', 'Shopping Centre', 'Fitness Centre / GYM', 'Club house / Community Center', 'Rain Water Harvesting']"
Dev In Paradise Enclave,Thirumenahalli,"['Swimming Pool', 'Park', 'Fitness Centre / GYM']"
Dezire Sai Sankalp,Devarachikkanahalli,"['Feng Shui / Vaastu Compliant', 'Security / Fire Alarm', 'Lift(s)', 'Water Storage', 'No open drainage around', 'Bank Attached Property', 'Low Density Society', 'Shopping Centre', 'Waste Disposal', 'Rain Water Harvesting']"
Dhammanagi Lilium Gardenia,RK Hegde Nagar,"['Intercom Facility', 'Lift(s)', 'Swimming Pool', 'Fitness Centre / GYM', 'Club house / Community Center', 'Rain Water Harvesting']"
Dhiraan Newyork Meadows,Iggalur,"['Power Back-up', 'Intercom Facility', 'Lift(s)', 'Swimming Pool', 'Park', 'Fitness Centre / GYM', 'Club house / Community Center', 'Rain Water Harvesting']"
Diamond Regency,Doddagubbi,"['Maintenance Staff', 'Park', 'Visitor Parking']"
Disha Solaris,Bannerghatta Road,"['Theatre', 'Park', 'Gazebo', 'Club House', 'Creche/Day Care', 'Gymnasium', ""Children's Play Area"", 'Jogging Track', 'Swimming Pool']"
Dive Green Leaf,Yelahanka,"['Club House', 'Vastu Compliant', 'CCTV Camera Security', 'Car Parking', 'Wi-Fi Connectivity', 'Earthquake Resistant', 'Swimming Pool', '24x7 Security', 'Lifts']"
Divya Enclave,Jaladarsini Layout,"['Security / Fire Alarm', 'Maintenance Staff', 'Water Storage', 'Park', 'Visitor Parking']"
Divya JSR Limelite,Kammagondahalli,"['Lift(s)', 'Maintenance Staff', 'False Ceiling Lighting', 'Water Storage', 'Visitor Parking', 'Swimming Pool', 'Natural Light', 'Internet/wi-fi connectivity', 'Airy Rooms', 'Spacious Interiors', 'Fitness Centre / GYM', 'Rain Water Harvesting', 'Water softening plant']"
Divya MSR Gateway,MSR Main Road,"['Lift(s)', 'Swimming Pool', 'Park', 'Security Personnel', 'Internet/wi-fi connectivity', 'Fitness Centre / GYM', 'Club house / Community Center']"
Divyasree Elan,Sarjapur,"['Swimming Pool', 'Piped-gas', 'Fitness Centre / GYM']"
Divyasree Republic of Whitefield,Kundalahalli,"['Security / Fire Alarm', 'Feng Shui / Vaastu Compliant', 'Lift(s)', 'Maintenance Staff', 'Water Storage', 'No open drainage around', 'Piped-gas', 'Visitor Parking', 'Swimming Pool', 'Park', 'Security Personnel', 'Natural Light', 'Internet/wi-fi connectivity', 'Airy Rooms', 'Spacious Interiors', 'Shopping Centre', 'Fitness Centre / GYM', 'Waste Disposal', 'Rain Water Harvesting', 'Club house / Community Center', 'Water softening plant']"
Dollar Heights,Muthyala Nagar,"['Intercom Facility', 'Lift(s)', 'Maintenance Staff', 'Water Storage', 'Visitor Parking']"
Dream Home Apartment,Gottigere,"['Security / Fire Alarm', 'Feng Shui / Vaastu Compliant', 'Intercom Facility', 'Lift(s)', 'Water purifier', 'High Ceiling Height', 'Maintenance Staff', 'False Ceiling Lighting', 'Water Storage', 'No open drainage around', 'Recently Renovated', 'Piped-gas', 'Visitor Parking', 'Swimming Pool', 'Park', 'Natural Light', 'Internet/wi-fi connectivity', 'Airy Rooms', 'Spacious Interiors', 'Shopping Centre', 'Fitness Centre / GYM', 'Club house / Community Center']"
Dream Paradise,Gubbalala,"['Feng Shui / Vaastu Compliant', 'Security / Fire Alarm', 'Intercom Facility', 'Lift(s)', 'Maintenance Staff', 'Water Storage']"
Drishika Enclave,Telecom Layout,"['Feng Shui / Vaastu Compliant', 'Security / Fire Alarm', 'Intercom Facility', 'Lift(s)', 'Maintenance Staff', 'Water Storage']"
Dwaraka Westside Apartment,Vidhana Soudha Layout,"['Security / Fire Alarm', 'Intercom Facility', 'Lift(s)', 'Maintenance Staff', 'No open drainage around', 'Park', 'Security Personnel', 'Natural Light', 'Airy Rooms', 'Low Density Society', 'Fitness Centre / GYM', 'Rain Water Harvesting', 'Club house / Community Center']"
Dya Estate Greens Anekal,Karpur,"['Feng Shui / Vaastu Compliant', 'Security / Fire Alarm', 'Lift(s)', 'Maintenance Staff', 'Water Storage', 'Park', 'Visitor Parking']"
EAPL Sri Tirumala Sarovar,Singasandra,"['Power Back-up', 'Security / Fire Alarm', 'Lift(s)', 'Swimming Pool', 'Maintenance Staff', 'Park', 'Piped-gas', 'Fitness Centre / GYM', 'Club house / Community Center', 'Rain Water Harvesting']"
ELV High Garden,Whitefield,"['Gymnasium', ""Children's Play Area"", 'Amphitheatre', 'Swimming Pool', 'Creche/Day Care', 'Jogging Track', 'Lounge', 'Mini Theatre', 'Banquet Hall']"
Eastwood Apartment,Nallurhalli,"['Security / Fire Alarm', 'Lift(s)', 'Water Storage', 'Visitor Parking']"
Eden Park at The Prestige City,Sarjapur,"['Power Back-up', 'Lift(s)', 'Swimming Pool', 'Fitness Centre / GYM', 'Club house / Community Center']"
Elegant Altima,Kanakapura Road,"['Carrom', 'Indoor Games', 'Yoga/Meditation Area', 'Park', 'Banquet Hall', 'Gymnasium', ""Children's Play Area"", 'Swimming Pool', 'Chess']"
Elegant Bristol,Banaswadi,"['Power Back-up', 'Feng Shui / Vaastu Compliant', 'Security / Fire Alarm', 'Lift(s)', 'Swimming Pool', 'Maintenance Staff', 'Water Storage', 'Park', 'Security Personnel', 'Club house / Community Center', 'Rain Water Harvesting']"
Elegant Exquisite,Rajarajeshwari Nagar,"[""Children's Play Area"", 'Multipurpose Hall', 'Basketball Court', 'Park', 'Swimming Pool', 'Jogging Track', 'Club House', 'Yoga/Meditation Area', 'Gymnasium']"
Elegant Hermitage,Rajarajeshwari Nagar,"['Fire Fighting Systems', 'Security Cabin', 'Park', 'Swimming Pool', 'Club House', 'CCTV Camera Security', 'Internal Street Lights', 'Indoor Games', 'Gymnasium']"
Elegant Orchid,Akshayanagara East,"['Power Back-up', 'Security / Fire Alarm', 'Lift(s)', 'Swimming Pool', 'Maintenance Staff', 'Water Storage', 'Park', 'Security Personnel', 'Fitness Centre / GYM', 'Club house / Community Center', 'Waste Disposal', 'Rain Water Harvesting']"
Elegant Tranquility,Rajarajeshwari Nagar,"[""Children's Play Area"", 'Swimming Pool', 'Jogging Track', 'Badminton Court', 'Club House', 'Banquet Hall', 'Gazebo', 'Amphitheatre', 'Gymnasium']"
Elita Promenade,7th Phase JP Nagar,"['Security / Fire Alarm', 'Power Back-up', 'Feng Shui / Vaastu Compliant', 'Intercom Facility', 'Lift(s)', 'High Ceiling Height', 'Maintenance Staff', 'Water Storage', 'No open drainage around', 'Bank Attached Property', 'Piped-gas', 'Internet/wi-fi connectivity', 'Visitor Parking', 'Swimming Pool', 'Park', 'Security Personnel', 'Natural Light', 'Airy Rooms', 'Spacious Interiors', 'Low Density Society', 'Waste Disposal', 'Rain Water Harvesting', 'Water softening plant', 'Shopping Centre', 'Fitness Centre / GYM', 'Club house / Community Center']"
Elite Greenwood Apartment,Basapura Main Road,"['Feng Shui / Vaastu Compliant', 'Security / Fire Alarm', 'Intercom Facility', 'Lift(s)', 'Maintenance Staff', 'Water Storage', 'Park', 'Waste Disposal', 'Rain Water Harvesting']"
Elite Greenwoods,Electronics City,"['Power Back-up', 'Feng Shui / Vaastu Compliant', 'Lift(s)', 'Swimming Pool', 'Maintenance Staff', 'Park', 'Security Personnel', 'Fitness Centre / GYM', 'Club house / Community Center', 'Rain Water Harvesting', 'Water softening plant']"
Elixir Palazzo,Chikkagubbi,"['Feng Shui / Vaastu Compliant', 'Security / Fire Alarm', 'Lift(s)', 'False Ceiling Lighting', 'Swimming Pool', 'Park', 'Natural Light', 'Fitness Centre / GYM', 'Club house / Community Center', 'Waste Disposal']"
Embassy Grove,Rustam Bagh Layout,"['Security / Fire Alarm', 'Power Back-up', 'Feng Shui / Vaastu Compliant', 'Intercom Facility', 'Lift(s)', 'High Ceiling Height', 'Maintenance Staff', 'False Ceiling Lighting', 'Water Storage', 'Separate entry for servant room', 'No open drainage around', 'Piped-gas', 'Visitor Parking', 'Swimming Pool', 'Park', 'Internet/wi-fi connectivity', 'Shopping Centre', 'Fitness Centre / GYM', 'Waste Disposal', 'Rain Water Harvesting', 'Club house / Community Center', 'Water softening plant']"
Embassy Lake Terraces,Hebbal Kempapura,"['Jogging Track', 'Banquet Hall', 'Badminton Court', ""Children's Play Area"", 'Swimming Pool', 'Club House', 'Park', 'Amphitheatre', 'Gymnasium']"
Embassy Verde,Devanahalli,"['Gymnasium', 'Club House', 'Vastu Compliant', ""Children's Play Area"", 'Car Parking', 'Jogging Track', 'Landscape Garden', 'Swimming Pool', 'Gated Community']"
Engrace by Modern Spaaces,Sarjapur Road,"['Security / Fire Alarm', 'Lift(s)', 'Maintenance Staff', 'Water Storage', 'No open drainage around', 'Visitor Parking', 'Swimming Pool', 'Park', 'Natural Light', 'Airy Rooms', 'Spacious Interiors', 'Fitness Centre / GYM', 'Club house / Community Center']"
Eshwari Enclave,Kanaka Nagar,"['Security / Fire Alarm', 'Lift(s)', 'Maintenance Staff', 'Water Storage', 'Security Personnel', 'Natural Light', 'Airy Rooms', 'Waste Disposal']"
Esteem Emblem,Electronics City Phase 2,"['Feng Shui / Vaastu Compliant', 'Intercom Facility', 'Lift(s)', 'Maintenance Staff', 'Swimming Pool', 'Park', 'Security Personnel', 'Natural Light', 'Fitness Centre / GYM', 'Club house / Community Center', 'Rain Water Harvesting']"
Esteem KGS Court,JP Nagar,"['Security / Fire Alarm', 'Feng Shui / Vaastu Compliant', 'Private Garden / Terrace', 'Intercom Facility', 'Lift(s)', 'Maintenance Staff', 'False Ceiling Lighting', 'Water Storage', 'No open drainage around', 'Piped-gas', 'Visitor Parking', 'Swimming Pool', 'Park', 'Security Personnel', 'Natural Light', 'Internet/wi-fi connectivity', 'Airy Rooms', 'Spacious Interiors', 'Low Density Society', 'Shopping Centre', 'Fitness Centre / GYM', 'Waste Disposal', 'Rain Water Harvesting', 'Club house / Community Center']"
Esteem South Park,Gottigere,"['Gymnasium', ""Children's Play Area"", 'Swimming Pool', 'Lounge', 'Park', 'Jogging Track', 'Squash Court', 'Creche/Day Care', 'Club House']"
Estella Maple Square,Choodasandra,"['Power Back-up', 'Intercom Facility', 'Lift(s)', 'False Ceiling Lighting', 'Swimming Pool', 'Park', 'Security Personnel', 'Natural Light', 'Internet/wi-fi connectivity', 'Airy Rooms', 'Spacious Interiors', 'Fitness Centre / GYM', 'Rain Water Harvesting', 'Club house / Community Center']"
Eswar Vanamali,KR Puram,"['Power Back-up', 'Feng Shui / Vaastu Compliant', 'Intercom Facility', 'Lift(s)', 'Maintenance Staff', 'Water Storage', 'No open drainage around', 'Piped-gas', 'Visitor Parking', 'Swimming Pool', 'Park', 'Security Personnel', 'Natural Light', 'Fitness Centre / GYM', 'Waste Disposal', 'Rain Water Harvesting', 'Club house / Community Center']"
Eta Star Benson Boulevard,Jayamahal,"['Security / Fire Alarm', 'Lift(s)', 'Security Personnel', 'Natural Light', 'Spacious Interiors', 'Low Density Society', 'Waste Disposal', 'Rain Water Harvesting']"
Eternity Serene,Kaveri Nagar,"['Security / Fire Alarm', 'Intercom Facility', 'Lift(s)', 'Fitness Centre / GYM', 'Club house / Community Center']"
Excel Amber Meadows,Balagere,"['Security / Fire Alarm', 'Feng Shui / Vaastu Compliant', 'Intercom Facility', 'Lift(s)', 'Water purifier', 'Maintenance Staff', 'Water Storage', 'No open drainage around', 'Piped-gas', 'Visitor Parking', 'Swimming Pool', 'Park', 'Security Personnel', 'Natural Light', 'Fitness Centre / GYM', 'Waste Disposal', 'Club house / Community Center']"
Falcon by BHP Housing,Sarjapur Road,"['Gymnasium', ""Children's Play Area"", 'Amphitheatre', 'Swimming Pool', 'Multipurpose Hall', 'Basketball Court', 'Badminton Court', 'Cricket Pitch', 'Park']"
Feldspar at Brigade El Dorado,Bagalur,"['Security / Fire Alarm', 'Power Back-up', 'Feng Shui / Vaastu Compliant', 'Intercom Facility', 'Lift(s)', 'High Ceiling Height', 'No open drainage around', 'Piped-gas', 'Visitor Parking', 'Swimming Pool', 'Park', 'Security Personnel', 'Natural Light', 'Airy Rooms', 'Spacious Interiors', 'Low Density Society', 'Shopping Centre', 'Fitness Centre / GYM', 'Waste Disposal', 'Rain Water Harvesting', 'Club house / Community Center', 'Water softening plant']"
Flourish Gurushree Apartments,Nagarbhavi,"['Feng Shui / Vaastu Compliant', 'Security / Fire Alarm', 'Intercom Facility', 'Lift(s)', 'Maintenance Staff', 'Water Storage', 'Visitor Parking']"
Folium by Sumadhura Phase 1,Whitefield,"['Intercom Facility', 'Lift(s)', 'Swimming Pool', 'Park', 'Fitness Centre / GYM', 'Club house / Community Center']"
Folium by Sumadhura Phase 2,Whitefield,"['Club House', 'Creche/Day Care', 'Terrace Garden', 'Swimming Pool', 'Mini Theatre', ""Children's Play Area"", 'Park', 'Gymnasium', 'Golf Course']"
Folium by Sumadhura Phase 3,Whitefield,"['Badminton Court', 'Club House', 'Lounge', 'Amphitheatre', 'Swimming Pool', 'Mini Theatre', ""Children's Play Area"", 'Jogging Track', 'Gymnasium']"
Fortitudes Lakshya,Mookambika Nagar,"['Power Back-up', 'Feng Shui / Vaastu Compliant', 'Intercom Facility', 'Lift(s)', 'Maintenance Staff', 'Security Personnel', 'Rain Water Harvesting']"
Fortuna Center Park,Sonappa Layout,"['Security / Fire Alarm', 'Power Back-up', 'Feng Shui / Vaastu Compliant', 'Intercom Facility', 'Lift(s)', 'Maintenance Staff', 'Water Storage', 'Visitor Parking', 'Swimming Pool', 'Park', 'Security Personnel', 'Internet/wi-fi connectivity', 'Fitness Centre / GYM', 'Rain Water Harvesting', 'Club house / Community Center', 'Water softening plant']"
Fortuna Icon,Sahakara Nagar,"['Feng Shui / Vaastu Compliant', 'Lift(s)', 'Maintenance Staff', 'Swimming Pool', 'Piped-gas', 'Security Personnel', 'Fitness Centre / GYM', 'Club house / Community Center', 'Rain Water Harvesting', 'Water softening plant']"
Fortune Apartments,Gottigere,"['Security / Fire Alarm', 'Feng Shui / Vaastu Compliant', 'Intercom Facility', 'Lift(s)', 'Maintenance Staff', 'Water Storage', 'Visitor Parking', 'Swimming Pool', 'Park', 'Internet/wi-fi connectivity', 'Fitness Centre / GYM', 'Rain Water Harvesting', 'Club house / Community Center']"
Fortune Heights,Jayamahal Extension,"['Lift(s)', 'Maintenance Staff', 'Water Storage', 'No open drainage around', 'Security Personnel', 'Natural Light', 'Airy Rooms', 'Spacious Interiors']"
Fusion 4 Iris Apartments,Mathikere,"['Feng Shui / Vaastu Compliant', 'Security / Fire Alarm', 'Intercom Facility', 'Lift(s)', 'Maintenance Staff', 'Water Storage', 'Internet/wi-fi connectivity', 'Fitness Centre / GYM', 'Rain Water Harvesting']"
Futureisone Aiikya Village Sarjapur Road,Doddabanahalli,"['Creche/Day Care', 'Badminton Court', 'Lounge', 'Jogging Track', 'Gymnasium', 'Swimming Pool', 'Park', 'Amphitheatre', 'Theatre']"
G Corp Mahalakshmi,Koti Hosahalli,"['Security / Fire Alarm', 'Intercom Facility', 'Lift(s)', 'Maintenance Staff', 'Swimming Pool', 'Water Storage', 'Park', 'Visitor Parking', 'Fitness Centre / GYM', 'Club house / Community Center']"
G Corp The Icon,Thanisandra,"['Security / Fire Alarm', 'Power Back-up', 'Feng Shui / Vaastu Compliant', 'Intercom Facility', 'Lift(s)', 'No open drainage around', 'Visitor Parking', 'Swimming Pool', 'Park', 'Natural Light', 'Spacious Interiors', 'Shopping Centre', 'Fitness Centre / GYM', 'Club house / Community Center']"
G K Lakeview,Anantapuram,"['Security / Fire Alarm', 'Feng Shui / Vaastu Compliant', 'Lift(s)', 'Water purifier', 'High Ceiling Height', 'Maintenance Staff', 'Water Storage', 'No open drainage around', 'Piped-gas', 'Visitor Parking', 'Swimming Pool', 'Park', 'Security Personnel', 'Natural Light', 'Airy Rooms', 'Internet/wi-fi connectivity', 'Spacious Interiors', 'Fitness Centre / GYM', 'Waste Disposal', 'Club house / Community Center']"
G P North Avenue,Thanisandra,"['Feng Shui / Vaastu Compliant', 'Security / Fire Alarm', 'Intercom Facility', 'Lift(s)', 'Maintenance Staff', 'Water Storage', 'Natural Light', 'Spacious Interiors', 'Low Density Society', 'Fitness Centre / GYM', 'Club house / Community Center', 'Rain Water Harvesting']"
GA Shalom,KR Puram,"['Power Back-up', 'Feng Shui / Vaastu Compliant', 'Intercom Facility', 'Lift(s)', 'Swimming Pool', 'Park', 'Natural Light', 'Airy Rooms', 'Fitness Centre / GYM', 'Club house / Community Center', 'Waste Disposal', 'Rain Water Harvesting']"
GCA Rabow,Chandapura,"['Security / Fire Alarm', 'Lift(s)', 'Maintenance Staff', 'Water Storage', 'Park']"
GK Lake View,Anantapuram,"['Feng Shui / Vaastu Compliant', 'Lift(s)', 'Swimming Pool', 'Park', 'Security Personnel', 'Fitness Centre / GYM', 'Club house / Community Center']"
GM Ambitious Enclave,Electronics City Phase 1,"['Lift(s)', 'High Ceiling Height', 'Swimming Pool', 'Park', 'Rain Water Harvesting', 'Water softening plant']"
GM E City Town,Bommasandra,"['Security / Fire Alarm', 'Intercom Facility', 'Lift(s)', 'Maintenance Staff', 'Visitor Parking', 'Swimming Pool', 'Park', 'Security Personnel', 'Natural Light', 'Airy Rooms', 'Shopping Centre', 'Fitness Centre / GYM', 'Club house / Community Center']"
GM Global Techies Town,Electronics City,"['Feng Shui / Vaastu Compliant', 'Security / Fire Alarm', 'Intercom Facility', 'Lift(s)', 'Maintenance Staff', 'Water Storage', 'Park', 'Visitor Parking']"
GM Infinite E City Town,Electronics City,"['Feng Shui / Vaastu Compliant', 'Security / Fire Alarm', 'Lift(s)', 'Maintenance Staff', 'Swimming Pool', 'Park', 'Visitor Parking', 'Fitness Centre / GYM', 'Club house / Community Center']"
GM Sai Kuteer,Sanjayanagara,"['Feng Shui / Vaastu Compliant', 'Lift(s)', 'Water purifier', 'False Ceiling Lighting', 'Natural Light', 'Internet/wi-fi connectivity', 'Airy Rooms', 'Spacious Interiors']"
GP Aditya,Koramangala,"['Power Back-up', 'Feng Shui / Vaastu Compliant', 'Private Garden / Terrace', 'Lift(s)', 'Swimming Pool', 'Park', 'Natural Light', 'Airy Rooms', 'Spacious Interiors', 'Shopping Centre', 'Fitness Centre / GYM', 'Club house / Community Center']"
GR Green Leaf,7th Phase JP Nagar,"['Car Parking', 'Park', 'Swimming Pool', '24x7 Security', 'Vastu Compliant', 'Gymnasium', ""Children's Play Area"", 'Multipurpose Hall', 'CCTV Camera Security']"
GR Green Leaf 7th Phase JP Nagar,Kanakapura Road,"['CCTV Camera Security', ""Children's Play Area"", 'Gymnasium', '24x7 Security', 'Swimming Pool', 'Park', 'Multipurpose Hall', 'Vastu Compliant', 'Car Parking']"
GR Lavender,7th Phase JP Nagar,"['Security / Fire Alarm', 'Power Back-up', 'Feng Shui / Vaastu Compliant', 'Lift(s)', 'Maintenance Staff', 'Water Storage', 'Visitor Parking', 'Swimming Pool', 'Park', 'Natural Light', 'Fitness Centre / GYM', 'Waste Disposal', 'Rain Water Harvesting', 'Club house / Community Center', 'Water softening plant']"
GR Mansion,Ramamurthy Nagar,"['Lift(s)', 'Water Storage', 'No open drainage around', 'Security Personnel', 'Natural Light', 'Waste Disposal']"
GR Queens Pride,Yelenahalli,"['Security / Fire Alarm', 'Feng Shui / Vaastu Compliant', 'Intercom Facility', 'Lift(s)', 'Maintenance Staff', 'False Ceiling Lighting', 'Water Storage', 'Visitor Parking', 'Swimming Pool', 'Park', 'Security Personnel', 'Fitness Centre / GYM', 'Rain Water Harvesting', 'Club house / Community Center']"
GR Residency,Garebhavipalya,"['Security / Fire Alarm', 'Lift(s)', 'Maintenance Staff', 'Water Storage', 'Visitor Parking']"
GR Sagar Nivas,Rayasandra,"['Feng Shui / Vaastu Compliant', 'Intercom Facility', 'Lift(s)', 'Water purifier', 'High Ceiling Height', 'Maintenance Staff', 'Water Storage', 'No open drainage around', 'Recently Renovated', 'Visitor Parking', 'Swimming Pool', 'Park', 'Security Personnel', 'Natural Light', 'Internet/wi-fi connectivity', 'Airy Rooms', 'Spacious Interiors', 'Shopping Centre', 'Fitness Centre / GYM', 'Rain Water Harvesting', 'Club house / Community Center']"
GR Samskruthi,Sarjapura Attibele Road,"['Yoga/Meditation Area', 'Cafeteria', 'Gymnasium', ""Children's Play Area"", 'Barbecue', 'Swimming Pool', 'Lounge', 'Gazebo', 'Club House']"
GR Sitara,Rayasandra,"['Yoga/Meditation Area', 'Gymnasium', 'Amphitheatre', 'Swimming Pool', 'Badminton Court', 'Lounge', 'Park', 'Club House', 'Cricket Pitch']"
GRC Brundavan,3rd Phase ITI Layout,"['Lift(s)', 'Swimming Pool', 'Park', 'Fitness Centre / GYM', 'Club house / Community Center', 'Rain Water Harvesting']"
GRC Shreekrish,Sarjapur Road,"['Club House', 'Gymnasium', 'Internal Street Lights', 'Swimming Pool', 'Paved Compound', 'Indoor Games', '24x7 Security', 'Car Parking', 'CCTV Camera Security']"
GRC Subhiksha,Choodasandra,"['Security / Fire Alarm', 'Lift(s)', 'Water Storage', 'No open drainage around', 'Visitor Parking', 'Swimming Pool', 'Park', 'Security Personnel', 'Natural Light', 'Airy Rooms', 'Spacious Interiors', 'Low Density Society', 'Fitness Centre / GYM', 'Waste Disposal', 'Club house / Community Center']"
Gajendra,Gavipuram,"['High Ceiling Height', 'Low Density Society']"
Galaxy Trillium,Varthur,"['Power Back-up', 'Feng Shui / Vaastu Compliant', 'Intercom Facility', 'Lift(s)', 'Swimming Pool', 'Park', 'Visitor Parking', 'Fitness Centre / GYM', 'Rain Water Harvesting', 'Water softening plant']"
Garuda Enclave,Kengeri Satellite Town,"['Security / Fire Alarm', 'Intercom Facility', 'Lift(s)', 'Water Storage']"
Garuda Grand,Rajkumar Layout,"['Security / Fire Alarm', 'Lift(s)']"
Garuda Royal,Kempanna Layout,"['Feng Shui / Vaastu Compliant', 'Intercom Facility', 'Lift(s)', 'Water Storage']"
Geetham Pride,Kudlu,"['Power Back-up', 'Intercom Facility', 'Lift(s)', 'Swimming Pool', 'Maintenance Staff', 'Park', 'Security Personnel', 'Fitness Centre / GYM', 'Club house / Community Center']"
Global Celesta,Chandapura,"['Lift(s)', 'Swimming Pool', 'Park', 'Fitness Centre / GYM', 'Club house / Community Center']"
Global Edifice Orlean,Electronics City Phase 2,"['Sewage Treatment Plant', ""Children's Play Area"", 'Swimming Pool', '24/7 Power Backup', '24/7 Water Supply', 'CCTV Camera Security']"
Global Palace,BEML Layout 7th Stage,"['Security / Fire Alarm', 'Lift(s)', 'Water Storage', 'Visitor Parking']"
Global Pinnacle,Channasandra,"['Security / Fire Alarm', 'Lift(s)', 'Maintenance Staff', 'Water Storage', 'Park', 'Fitness Centre / GYM', 'Club house / Community Center']"
Global View,Rajarajeshwari Nagar,"['Feng Shui / Vaastu Compliant', 'Security / Fire Alarm', 'Lift(s)', 'Water Storage']"
Global White Pearl,Sarjapur Road,"['Feng Shui / Vaastu Compliant', 'Lift(s)', 'Swimming Pool', 'Visitor Parking', 'Fitness Centre / GYM', 'Club house / Community Center', 'Rain Water Harvesting']"
Godrej 24,Sarjapur Road,"['Power Back-up', 'Feng Shui / Vaastu Compliant', 'Intercom Facility', 'Lift(s)', 'Swimming Pool', 'Park', 'Visitor Parking', 'Shopping Centre', 'Fitness Centre / GYM', 'Club house / Community Center', 'Rain Water Harvesting']"
Godrej Aqua,Hosahalli,"['Power Back-up', 'Lift(s)', 'Swimming Pool', 'False Ceiling Lighting', 'Internet/wi-fi connectivity', 'Fitness Centre / GYM', 'Club house / Community Center', 'Rain Water Harvesting']"
Godrej Athena,Kaggadasapura,"['Yoga/Meditation Area', 'Skating Rink', 'Club House', 'Amphitheatre', ""Children's Play Area"", 'Lawn Tennis Court', 'Park', 'Jogging Track', 'Swimming Pool']"
Godrej E City,Doddathoguru,"['Security / Fire Alarm', 'Power Back-up', 'Intercom Facility', 'Lift(s)', 'Maintenance Staff', 'Water Storage', 'No open drainage around', 'Recently Renovated', 'Piped-gas', 'Visitor Parking', 'Swimming Pool', 'Park', 'Security Personnel', 'Natural Light', 'Internet/wi-fi connectivity', 'Airy Rooms', 'Spacious Interiors', 'Low Density Society', 'Fitness Centre / GYM', 'Waste Disposal', 'Rain Water Harvesting', 'Club house / Community Center', 'Water softening plant']"
Godrej E City Phase 2,Electronics City Phase 1,"['Security / Fire Alarm', 'Intercom Facility', 'Lift(s)', 'Maintenance Staff', 'Park', 'Visitor Parking', 'Security Personnel', 'Club house / Community Center']"
Godrej Eternity,Kanakapura Road,"['Gymnasium', 'Club House', ""Children's Play Area"", 'Swimming Pool', 'Mini Theatre', 'Theatre', 'Park', 'Jogging Track', 'Creche/Day Care']"
Godrej Gold County,Chikkabidarakallu,"['Feng Shui / Vaastu Compliant', 'Security / Fire Alarm', 'Intercom Facility', 'Maintenance Staff', 'Swimming Pool', 'Park', 'Visitor Parking', 'Fitness Centre / GYM', 'Club house / Community Center', 'Rain Water Harvesting']"
Godrej Nurture,Maragondanahalli,"['Power Back-up', 'Security / Fire Alarm', 'Intercom Facility', 'Lift(s)', 'Swimming Pool', 'Maintenance Staff', 'Park', 'Piped-gas', 'Fitness Centre / GYM', 'Club house / Community Center']"
Godrej Park Retreat,Sarjapur Road,"['Security / Fire Alarm', 'Intercom Facility', 'Lift(s)', 'Maintenance Staff', 'Water Storage', 'No open drainage around', 'Bank Attached Property', 'Visitor Parking', 'Swimming Pool', 'Park', 'Security Personnel', 'Natural Light', 'Internet/wi-fi connectivity', 'Fitness Centre / GYM', 'Rain Water Harvesting', 'Club house / Community Center']"
Godrej Platinum,Hebbal,"['Security / Fire Alarm', 'Power Back-up', 'Feng Shui / Vaastu Compliant', 'Lift(s)', 'Maintenance Staff', 'Water Storage', 'Visitor Parking', 'Swimming Pool', 'Park', 'Fitness Centre / GYM', 'Rain Water Harvesting', 'Club house / Community Center', 'Water softening plant']"
Godrej Splendour,Whitefield,"['Intercom Facility', 'Lift(s)', 'Separate entry for servant room', 'No open drainage around', 'Bank Attached Property', 'Piped-gas', 'Swimming Pool', 'Park', 'Security Personnel', 'Natural Light', 'Airy Rooms', 'Shopping Centre', 'Fitness Centre / GYM', 'Waste Disposal', 'Rain Water Harvesting', 'Club house / Community Center']"
Godrej United,Whitefield,"['Squash Court', 'Yoga/Meditation Area', 'Club House', 'Creche/Day Care', 'Grocery Shop', ""Children's Play Area"", 'Swimming Pool', 'Park', 'Gymnasium']"
Godrej Woodscapes,Budigere Cross,"['Squash Court', 'Yoga/Meditation Area', 'Badminton Court', 'Skating Rink', 'Cycling Track', 'Club House', ""Children's Play Area"", 'Swimming Pool', 'Gymnasium']"
Godrej Woodsman,Hebbal,"['Power Back-up', 'Intercom Facility', 'Lift(s)', 'Maintenance Staff', 'Piped-gas', 'Swimming Pool', 'Park', 'Security Personnel', 'Shopping Centre', 'Fitness Centre / GYM', 'Rain Water Harvesting', 'Club house / Community Center', 'Water softening plant']"
Godrej Woodsman Estate,Hebbal Kempapura,"['Security / Fire Alarm', 'Power Back-up', 'Feng Shui / Vaastu Compliant', 'Intercom Facility', 'Lift(s)', 'Maintenance Staff', 'Water Storage', 'Piped-gas', 'Visitor Parking', 'Swimming Pool', 'Park', 'Security Personnel', 'Shopping Centre', 'Fitness Centre / GYM', 'Rain Water Harvesting', 'Club house / Community Center', 'Water softening plant']"
Gold Woods,Rahat Bagh,"['Security / Fire Alarm', 'Lift(s)', 'Maintenance Staff', 'Water Storage']"
Golden Grand,Yeshwanthpur Industrial Area,"['Security / Fire Alarm', 'Power Back-up', 'Feng Shui / Vaastu Compliant', 'Intercom Facility', 'Lift(s)', 'Maintenance Staff', 'Water Storage', 'Separate entry for servant room', 'No open drainage around', 'Bank Attached Property', 'Piped-gas', 'Visitor Parking', 'Swimming Pool', 'Park', 'Security Personnel', 'Natural Light', 'Airy Rooms', 'Spacious Interiors', 'Low Density Society', 'Fitness Centre / GYM', 'Waste Disposal', 'Rain Water Harvesting', 'Club house / Community Center', 'Water softening plant']"
Golden Heritage,Roopena Agrahara,"['Feng Shui / Vaastu Compliant', 'Security / Fire Alarm', 'Intercom Facility', 'Lift(s)', 'Maintenance Staff', 'Water Storage', 'Park', 'Visitor Parking']"
Golden Palms,RK Hegde Nagar,"['Power Back-up', 'Feng Shui / Vaastu Compliant', 'Intercom Facility', 'Lift(s)', 'Maintenance Staff', 'Swimming Pool', 'Park', 'Security Personnel', 'Natural Light', 'Airy Rooms', 'Fitness Centre / GYM', 'Rain Water Harvesting', 'Club house / Community Center', 'Water softening plant']"
Gomati Iris,Bommasandra,"['Security / Fire Alarm', 'Power Back-up', 'Feng Shui / Vaastu Compliant', 'Intercom Facility', 'Lift(s)', 'Maintenance Staff', 'Water Storage', 'Visitor Parking', 'Swimming Pool', 'Park', 'Fitness Centre / GYM', 'Rain Water Harvesting', 'Club house / Community Center']"
Gopalan Aqua,Nagondanahalli,"['Intercom Facility', 'Lift(s)', 'Water purifier', 'False Ceiling Lighting', 'No open drainage around', 'Bank Attached Property', 'Swimming Pool', 'Park', 'Security Personnel', 'Natural Light', 'Airy Rooms', 'Internet/wi-fi connectivity', 'Spacious Interiors', 'Low Density Society', 'Shopping Centre', 'Fitness Centre / GYM', 'Rain Water Harvesting', 'Club house / Community Center', 'Water softening plant']"
Gopalan Atlantis,Dodsworth Layout,"['Security / Fire Alarm', 'Power Back-up', 'Feng Shui / Vaastu Compliant', 'Intercom Facility', 'Lift(s)', 'Maintenance Staff', 'No open drainage around', 'Recently Renovated', 'Visitor Parking', 'Swimming Pool', 'Park', 'Security Personnel', 'Natural Light', 'Internet/wi-fi connectivity', 'Airy Rooms', 'Spacious Interiors', 'Fitness Centre / GYM', 'Waste Disposal', 'Rain Water Harvesting', 'Club house / Community Center', 'Water softening plant']"
Gopalan Habitat Splendour,Kundalahalli Colony,"['Lift(s)', 'Swimming Pool', 'Park', 'Fitness Centre / GYM', 'Club house / Community Center', 'Rain Water Harvesting']"
Gopalan Olympia,Mysore Road,"[""Children's Play Area"", 'Swimming Pool', 'Park', 'Club House', 'Mini Theatre', 'Amphitheatre', 'Creche/Day Care', 'Theatre', 'Gymnasium']"
Gopalan Olympia Apartment,Mysore Road,"['Power Back-up', 'Feng Shui / Vaastu Compliant', 'Intercom Facility', 'Lift(s)', 'Swimming Pool', 'Park', 'Spacious Interiors', 'Low Density Society', 'Fitness Centre / GYM', 'Club house / Community Center', 'Rain Water Harvesting']"
Gopalan Temple Trees,Kanakanagar,"['Security / Fire Alarm', 'Intercom Facility', 'Lift(s)', 'Maintenance Staff', 'Swimming Pool', 'Park', 'Visitor Parking', 'Security Personnel', 'Internet/wi-fi connectivity', 'Fitness Centre / GYM', 'Club house / Community Center', 'Rain Water Harvesting']"
Gopalan Wilson Manor,Hombegowda Nagar,"['Security / Fire Alarm', 'Lift(s)', 'Maintenance Staff', 'Water Storage', 'Visitor Parking', 'Swimming Pool', 'Park', 'Security Personnel', 'Natural Light', 'Internet/wi-fi connectivity', 'Airy Rooms', 'Fitness Centre / GYM', 'Waste Disposal', 'Club house / Community Center']"
Govianu Ace Grand,Yeshwanthpur,"['Feng Shui / Vaastu Compliant', 'Intercom Facility', 'Lift(s)', 'Maintenance Staff', 'Park', 'Security Personnel', 'Club house / Community Center', 'Rain Water Harvesting']"
Govianu Earthis,Jalahalli Village,"['Lift(s)', 'Swimming Pool', 'Fitness Centre / GYM']"
Govianu Jodidhar Atlantis,Sahakara Nagar,"['Feng Shui / Vaastu Compliant', 'Lift(s)', 'Maintenance Staff', 'Swimming Pool', 'Water Storage', 'Fitness Centre / GYM']"
Gowri Cascade,Whitefield,"['Feng Shui / Vaastu Compliant', 'Intercom Facility', 'Maintenance Staff', 'Swimming Pool', 'Water Storage', 'Park', 'Visitor Parking', 'Shopping Centre', 'Fitness Centre / GYM', 'Water softening plant']"
Gowri Sai Grand,Sarjapur Road,"['Feng Shui / Vaastu Compliant', 'Security / Fire Alarm', 'Lift(s)', 'Maintenance Staff', 'Swimming Pool', 'Water Storage', 'Park', 'Visitor Parking', 'Shopping Centre', 'Fitness Centre / GYM', 'Water softening plant']"
Goyal Orchid Bloomsberry,Varthur,"['Paved Compound', 'Car Parking', 'Badminton Court', 'Club House', 'Cricket Pitch', 'Fountain', 'Football Ground', 'Park', 'Senior Citizen Sitout']"
Goyal Orchid Green,Kothanur,"['Security / Fire Alarm', 'Maintenance Staff', 'Visitor Parking']"
Goyal Orchid Salisbury Thirumenahalli,Thanisandra Main Road,"['Multipurpose Hall', 'Lounge', 'Indoor Games', 'Swimming Pool', 'Badminton Court', 'Club House', 'Cafeteria', 'Mini Theatre', 'Yoga/Meditation Area']"
Green City Eutopia,BTM 2nd Stage,"['Water purifier', 'Security / Fire Alarm', 'Power Back-up', 'Feng Shui / Vaastu Compliant', 'Private Garden / Terrace', 'Intercom Facility', 'Lift(s)', 'High Ceiling Height', 'Maintenance Staff', 'Water Storage', 'Separate entry for servant room', 'No open drainage around', 'Bank Attached Property', 'Piped-gas', 'Internet/wi-fi connectivity', 'Visitor Parking', 'Swimming Pool', 'Park', 'Security Personnel', 'Natural Light', 'Airy Rooms', 'Spacious Interiors', 'Low Density Society', 'Waste Disposal', 'Rain Water Harvesting', 'Water softening plant', 'Shopping Centre', 'Fitness Centre / GYM', 'Club house / Community Center']"
Green View,Neeladri Nagar,"['Feng Shui / Vaastu Compliant', 'Lift(s)', 'Water Storage']"
Green View Apartment,Neeladri Nagar,"['Security / Fire Alarm', 'Water Storage', 'Park', 'Visitor Parking']"
Green Woods,Sathanur,"['Feng Shui / Vaastu Compliant', 'Security / Fire Alarm', 'Lift(s)']"
Green Woods Apartment,Dodsworth Layout,"['Security / Fire Alarm', 'Lift(s)', 'Maintenance Staff', 'Water Storage', 'No open drainage around', 'Security Personnel', 'Natural Light', 'Airy Rooms', 'Spacious Interiors', 'Low Density Society', 'Club house / Community Center', 'Rain Water Harvesting']"
GreenNesto Primus,Chikkanayakanahalli,"['Security / Fire Alarm', 'Feng Shui / Vaastu Compliant', 'Intercom Facility', 'Lift(s)', 'Water purifier', 'High Ceiling Height', 'Maintenance Staff', 'Water Storage', 'No open drainage around', 'Piped-gas', 'Visitor Parking', 'Swimming Pool', 'Park', 'Security Personnel', 'Natural Light', 'Airy Rooms', 'Low Density Society', 'Shopping Centre', 'Fitness Centre / GYM', 'Waste Disposal', 'Rain Water Harvesting', 'Club house / Community Center', 'Water softening plant']"
Griha Mithra Grand Gandharva,Kenchenhalli,"['Feng Shui / Vaastu Compliant', 'Intercom Facility', 'Lift(s)', 'Maintenance Staff', 'Water Storage', 'No open drainage around', 'Visitor Parking', 'Swimming Pool', 'Park', 'Security Personnel', 'Fitness Centre / GYM', 'Rain Water Harvesting', 'Club house / Community Center']"
Guna Eila,Himagiri Meadows,"['Feng Shui / Vaastu Compliant', 'Lift(s)', 'Water Storage', 'Park', 'Visitor Parking']"
Guna Mellow,8th Phase JP Nagar,"['Security / Fire Alarm', 'Power Back-up', 'Feng Shui / Vaastu Compliant', 'Intercom Facility', 'Maintenance Staff', 'Water Storage', 'No open drainage around', 'Bank Attached Property', 'Visitor Parking', 'Park', 'Security Personnel', 'Internet/wi-fi connectivity', 'Waste Disposal', 'Club house / Community Center']"
Gunjur Apartments,Kasavanhalli,"['Feng Shui / Vaastu Compliant', 'Lift(s)', 'Maintenance Staff', 'Swimming Pool', 'Water Storage', 'Park', 'Visitor Parking', 'Fitness Centre / GYM', 'Waste Disposal', 'Rain Water Harvesting']"
Gunjur Apartments Corporate Leisure GR Sunshine,Gunjur,"['Security / Fire Alarm', 'Feng Shui / Vaastu Compliant', 'Lift(s)', 'Maintenance Staff', 'False Ceiling Lighting', 'Water Storage', 'No open drainage around', 'Visitor Parking', 'Swimming Pool', 'Security Personnel', 'Natural Light', 'Airy Rooms', 'Spacious Interiors', 'Low Density Society', 'Fitness Centre / GYM', 'Waste Disposal', 'Rain Water Harvesting', 'Club house / Community Center']"
Gupta Pride,RWF West Colony,"['Security / Fire Alarm', 'Feng Shui / Vaastu Compliant', 'Lift(s)', 'Maintenance Staff', 'Water Storage', 'No open drainage around', 'Piped-gas', 'Visitor Parking', 'Security Personnel', 'Natural Light', 'Waste Disposal', 'Rain Water Harvesting', 'Club house / Community Center']"
Guru Anandham,Yelahanka,"['Intercom Facility', 'Lift(s)', 'Maintenance Staff', 'Water Storage', 'Piped-gas', 'Visitor Parking', 'Swimming Pool', 'Security Personnel', 'Natural Light', 'Airy Rooms', 'Fitness Centre / GYM', 'Waste Disposal', 'Club house / Community Center']"
Gurukrupa Pristine,Unknown,"['Lift(s)', 'Park', 'Natural Light', 'Airy Rooms', 'Low Density Society', 'Fitness Centre / GYM', 'Club house / Community Center', 'Rain Water Harvesting']"
HD Rocks India,Dollar Layout,"['Security / Fire Alarm', 'Lift(s)', 'Maintenance Staff', 'Water Storage']"
HM Tropical Tree,RT Nagar,"['Power Back-up', 'Feng Shui / Vaastu Compliant', 'Intercom Facility', 'Lift(s)', 'Swimming Pool', 'Maintenance Staff', 'Water Storage', 'Park', 'Visitor Parking', 'Security Personnel', 'Fitness Centre / GYM', 'Rain Water Harvesting']"
HM West Park,Malleshwaram,"['Security / Fire Alarm', 'Intercom Facility', 'Lift(s)', 'Maintenance Staff', 'Water Storage', 'Park', 'Visitor Parking']"
HM World City,Royal LakeFront Phase-3 North,"['Security / Fire Alarm', 'Power Back-up', 'Feng Shui / Vaastu Compliant', 'Intercom Facility', 'Lift(s)', 'Maintenance Staff', 'False Ceiling Lighting', 'Water Storage', 'Bank Attached Property', 'Piped-gas', 'Visitor Parking', 'Swimming Pool', 'Park', 'Security Personnel', 'Natural Light', 'Internet/wi-fi connectivity', 'Airy Rooms', 'Spacious Interiors', 'Shopping Centre', 'Fitness Centre / GYM', 'Waste Disposal', 'Rain Water Harvesting', 'Club house / Community Center']"
HSK Urban Living Electronics City,Chikkanayakanahalli,"[""Children's Play Area"", 'Mini Theatre', 'Jogging Track', 'Park', 'Gymnasium', 'Club House', 'Basketball Court', 'Badminton Court', 'Swimming Pool']"
Habilus Classic,Kammasandra,"['Feng Shui / Vaastu Compliant', 'Security / Fire Alarm', 'Intercom Facility', 'Lift(s)', 'Maintenance Staff', 'Water Storage', 'Rain Water Harvesting']"
Habilus Elite 2,Kammasandra,"['Power Back-up', 'Lift(s)', 'Fitness Centre / GYM', 'Rain Water Harvesting']"
Habilus Enclave 3,Electronics City Phase 2,"['Feng Shui / Vaastu Compliant', 'Security / Fire Alarm', 'Lift(s)', 'Maintenance Staff', 'Water Storage', 'Visitor Parking']"
Habilus Green View,Electronics City,"['Feng Shui / Vaastu Compliant', 'Security / Fire Alarm', 'Lift(s)', 'Maintenance Staff', 'Water Storage', 'Park', 'Visitor Parking']"
Habilus Green View Apartment,Neeladri Nagar,"['Feng Shui / Vaastu Compliant', 'Security / Fire Alarm', 'Lift(s)', 'Visitor Parking', 'Fitness Centre / GYM']"
Habilus Harmony,Electronics City Phase 2,"['Feng Shui / Vaastu Compliant', 'Security / Fire Alarm', 'Lift(s)', 'Maintenance Staff', 'Water Storage', 'Visitor Parking']"
Habilus Heights,Electronics City,"['Feng Shui / Vaastu Compliant', 'Security / Fire Alarm', 'Lift(s)', 'Water Storage', 'Park', 'Visitor Parking']"
Habilus Nest,Neeladri Nagar,"['Feng Shui / Vaastu Compliant', 'Security / Fire Alarm', 'Lift(s)', 'Maintenance Staff', 'Water Storage', 'Park', 'Visitor Parking']"
Habilus Pride,Maragondanahalli,"['Feng Shui / Vaastu Compliant', 'Security / Fire Alarm', 'Intercom Facility', 'Lift(s)', 'Maintenance Staff', 'Water Storage', 'Park', 'Visitor Parking']"
Habilus Sai Serenity,Electronics City Phase 1,"['Feng Shui / Vaastu Compliant', 'Lift(s)', 'Water Storage', 'Visitor Parking']"
Habilus Sai Serenity Apartment,Ananth Nagar,"['Security / Fire Alarm', 'Lift(s)', 'Water Storage']"
Habilus Samruddhi Apartment,Electronics City,"['Security / Fire Alarm', 'Lift(s)', 'Maintenance Staff', 'Swimming Pool', 'Water Storage', 'Park', 'Security Personnel', 'Fitness Centre / GYM', 'Club house / Community Center']"
Habilus Samrudhi,Shree Ananth Nagar Layout,"['Feng Shui / Vaastu Compliant', 'Security / Fire Alarm', 'Intercom Facility', 'Lift(s)', 'Maintenance Staff', 'Water Storage', 'Park', 'Visitor Parking']"
Habilus Sunrise,Electronics City,"['Feng Shui / Vaastu Compliant', 'Security / Fire Alarm', 'Intercom Facility', 'Lift(s)', 'Maintenance Staff', 'Water Storage', 'Park', 'Visitor Parking']"
Habilus Sunrise Apartment,Electronics City Phase 2,"['Security / Fire Alarm', 'Lift(s)', 'Water Storage']"
Habitat Aura,Pai Layout,"['Security / Fire Alarm', 'Intercom Facility', 'Lift(s)', 'High Ceiling Height', 'Maintenance Staff', 'Water Storage', 'Piped-gas', 'Visitor Parking', 'Swimming Pool', 'Park', 'Security Personnel', 'Fitness Centre / GYM', 'Waste Disposal', 'Club house / Community Center']"
Habitat Highstreet Living,Bannerghatta Road,"['Banquet Hall', 'Beach Volley Ball Court', 'Amphitheatre', ""Children's Play Area"", 'Basketball Court', 'Badminton Court', 'Park', 'Jogging Track', 'Club House']"
Habitat Ilumina,Mailasandra,"['Feng Shui / Vaastu Compliant', 'Intercom Facility', 'Lift(s)', 'Maintenance Staff', 'Swimming Pool', 'Park', 'Piped-gas', 'Fitness Centre / GYM', 'Club house / Community Center', 'Rain Water Harvesting']"
Habitat Irenic,Choodasandra,"['Security / Fire Alarm', 'Feng Shui / Vaastu Compliant', 'Private Garden / Terrace', 'Intercom Facility', 'Lift(s)', 'Maintenance Staff', 'Water Storage', 'Bank Attached Property', 'Visitor Parking', 'Swimming Pool', 'Park', 'Security Personnel', 'Internet/wi-fi connectivity', 'Fitness Centre / GYM', 'Waste Disposal', 'Club house / Community Center']"
Habulus Elegance Pristine,Neeladri Nagar,"['Feng Shui / Vaastu Compliant', 'Security / Fire Alarm', 'Lift(s)', 'Park', 'Visitor Parking']"
Habulus Enclave 2,Electronics City Phase 2,"['Power Back-up', 'Feng Shui / Vaastu Compliant', 'Security / Fire Alarm', 'Lift(s)', 'Maintenance Staff', 'Water Storage', 'Park', 'Visitor Parking', 'Rain Water Harvesting']"
Habulus Green View,Neeladri Nagar,"['Feng Shui / Vaastu Compliant', 'Security / Fire Alarm', 'Lift(s)', 'Maintenance Staff', 'Water Storage', 'Park', 'Visitor Parking']"
Habulus Green View Apartment,Neeladri Nagar,"['Feng Shui / Vaastu Compliant', 'Security / Fire Alarm', 'Visitor Parking', 'Fitness Centre / GYM', 'Waste Disposal', 'Rain Water Harvesting']"
Habulus Heights,Neeladri Nagar,"['Feng Shui / Vaastu Compliant', 'Lift(s)', 'Water Storage']"
Habulus Heritage,Neeladri Nagar,"['Feng Shui / Vaastu Compliant', 'Security / Fire Alarm', 'Intercom Facility', 'Lift(s)', 'Maintenance Staff', 'Water Storage', 'Park', 'Visitor Parking']"
Habulus Meadows,Neeladri Nagar,"['Security / Fire Alarm', 'Intercom Facility', 'Lift(s)', 'Maintenance Staff', 'Water Storage', 'Park', 'Visitor Parking']"
Habulus Pride,Neeladri Nagar,"['Feng Shui / Vaastu Compliant', 'Lift(s)', 'Water Storage']"
Habulus Pristine,Electronics City Phase 1,"['Feng Shui / Vaastu Compliant', 'Security / Fire Alarm', 'Intercom Facility', 'Lift(s)', 'Maintenance Staff', 'Water Storage', 'Park', 'Visitor Parking']"
Habulus Samruddhi,Shree Ananth Nagar Layout,"['Power Back-up', 'Feng Shui / Vaastu Compliant', 'Security / Fire Alarm', 'Intercom Facility', 'Lift(s)', 'Maintenance Staff', 'Water Storage', 'Park', 'Visitor Parking', 'Fitness Centre / GYM', 'Club house / Community Center']"
Habulus Samruddhi Apartment,Kammasandra,"['Power Back-up', 'Feng Shui / Vaastu Compliant', 'Security / Fire Alarm', 'Lift(s)', 'Maintenance Staff', 'Water Storage', 'Park', 'Visitor Parking', 'Fitness Centre / GYM', 'Club house / Community Center']"
Habulus Sunrise,Electronics City Phase 2,"['Feng Shui / Vaastu Compliant', 'Security / Fire Alarm', 'Intercom Facility', 'Lift(s)', 'Water Storage', 'Visitor Parking', 'Rain Water Harvesting']"
Happy Homes Arka,Yamare Village,"['Lift(s)', 'Maintenance Staff', 'Park']"
Hara Vijaya Heights,Uttarahalli Manavarthekaval,"['Security / Fire Alarm', 'Power Back-up', 'Feng Shui / Vaastu Compliant', 'Intercom Facility', 'Lift(s)', 'Maintenance Staff', 'Water Storage', 'No open drainage around', 'Piped-gas', 'Visitor Parking', 'Swimming Pool', 'Park', 'Security Personnel', 'Natural Light', 'Internet/wi-fi connectivity', 'Airy Rooms', 'Spacious Interiors', 'Fitness Centre / GYM', 'Waste Disposal', 'Rain Water Harvesting', 'Club house / Community Center']"
Harmony Apartment,Venkateshpuram,['Lift(s)']
Hduja El Jard Thirumenahalli,Thirumenahalli,"['Lifts', ""Children's Play Area"", 'Car Parking', 'Fire Fighting Systems', 'Paved Compound', 'Swimming Pool', 'Club House', 'Park', 'Gymnasium']"
Hduja Palm Grove Apartments,Sarvabhouma Nagar,"['Lift(s)', 'Natural Light', 'Airy Rooms']"
Heavie Eden,Kasavanhalli,"['Club House', 'Gymnasium', ""Children's Play Area"", 'Swimming Pool', 'Party Lawn', 'Landscape Garden', 'Terrace Garden', 'Barbecue', 'Yoga/Meditation Area']"
Helio at Brigade El Dorado,Bagalur,"['Security / Fire Alarm', 'Feng Shui / Vaastu Compliant', 'Private Garden / Terrace', 'Lift(s)', 'High Ceiling Height', 'Maintenance Staff', 'Water Storage', 'No open drainage around', 'Bank Attached Property', 'Piped-gas', 'Visitor Parking', 'Swimming Pool', 'Park', 'Security Personnel', 'Natural Light', 'Airy Rooms', 'Low Density Society', 'Shopping Centre', 'Fitness Centre / GYM', 'Waste Disposal', 'Rain Water Harvesting', 'Club house / Community Center']"
Heritage Pride,B Channasandra,"['Security / Fire Alarm', 'Lift(s)', 'Water Storage', 'Security Personnel', 'Natural Light', 'Internet/wi-fi connectivity', 'Airy Rooms', 'Waste Disposal']"
High Rise Apartments,Dwarka Nagar,"['Security / Fire Alarm', 'Feng Shui / Vaastu Compliant', 'Intercom Facility', 'Lift(s)', 'Maintenance Staff', 'False Ceiling Lighting', 'Water Storage', 'No open drainage around', 'Piped-gas', 'Visitor Parking', 'Swimming Pool', 'Park', 'Security Personnel', 'Natural Light', 'Internet/wi-fi connectivity', 'Airy Rooms', 'Spacious Interiors', 'Fitness Centre / GYM', 'Waste Disposal', 'Rain Water Harvesting', 'Club house / Community Center']"
High Rise Luxury Apartment,Rajarajeshwari Nagar,"['Security / Fire Alarm', 'Feng Shui / Vaastu Compliant', 'Intercom Facility', 'Lift(s)', 'High Ceiling Height', 'Maintenance Staff', 'Water Storage', 'No open drainage around', 'Piped-gas', 'Visitor Parking', 'Swimming Pool', 'Park', 'Security Personnel', 'Natural Light', 'Airy Rooms', 'Low Density Society', 'Shopping Centre', 'Fitness Centre / GYM', 'Waste Disposal', 'Rain Water Harvesting', 'Club house / Community Center', 'Water softening plant']"
Hillview Residency,Channasandra,"['Security / Fire Alarm', 'Lift(s)', 'Maintenance Staff', 'Water Storage']"
Hima Sai Heights,JP Nagar,"['Security / Fire Alarm', 'Intercom Facility', 'Lift(s)', 'Maintenance Staff', 'Park', 'Visitor Parking']"
Himagiri Residency,Bettadasanapura,"['Feng Shui / Vaastu Compliant', 'Intercom Facility', 'Lift(s)', 'Maintenance Staff', 'Swimming Pool', 'Park', 'Piped-gas', 'Security Personnel', 'Fitness Centre / GYM', 'Club house / Community Center', 'Rain Water Harvesting', 'Water softening plant']"
Hiranandani Queensgate,Begur,"['Water purifier', 'Power Back-up', 'Feng Shui / Vaastu Compliant', 'Intercom Facility', 'Lift(s)', 'High Ceiling Height', 'Maintenance Staff', 'False Ceiling Lighting', 'No open drainage around', 'Bank Attached Property', 'Internet/wi-fi connectivity', 'Recently Renovated', 'Swimming Pool', 'Park', 'Security Personnel', 'Natural Light', 'Airy Rooms', 'Spacious Interiors', 'Low Density Society', 'Waste Disposal', 'Rain Water Harvesting', 'Water softening plant', 'Shopping Centre', 'Fitness Centre / GYM', 'Club house / Community Center']"
Home W Teja Nivas,KR Puram,"['Feng Shui / Vaastu Compliant', 'Intercom Facility', 'Lift(s)', 'Swimming Pool', 'Water Storage', 'Park', 'Piped-gas', 'Fitness Centre / GYM', 'Club house / Community Center', 'Rain Water Harvesting']"
Homes City,Varthur Road,"['Feng Shui / Vaastu Compliant', 'Lift(s)', 'Maintenance Staff', 'Swimming Pool', 'Water Storage', 'Park', 'Visitor Parking', 'Shopping Centre', 'Fitness Centre / GYM', 'Water softening plant']"
Honeydew Apartments,Venkatadri Layout,"['Security / Fire Alarm', 'Feng Shui / Vaastu Compliant', 'Lift(s)', 'High Ceiling Height', 'Maintenance Staff', 'Water Storage', 'No open drainage around', 'Security Personnel', 'Natural Light', 'Airy Rooms', 'Spacious Interiors', 'Low Density Society', 'Fitness Centre / GYM', 'Waste Disposal', 'Club house / Community Center']"
House of Hiranandani,Devanahalli,"['Security / Fire Alarm', 'Intercom Facility', 'Lift(s)', 'Water purifier', 'Maintenance Staff', 'Water Storage', 'No open drainage around', 'Bank Attached Property', 'Visitor Parking', 'Swimming Pool', 'Park', 'Security Personnel', 'Natural Light', 'Internet/wi-fi connectivity', 'Airy Rooms', 'Low Density Society', 'Shopping Centre', 'Fitness Centre / GYM', 'Rain Water Harvesting', 'Club house / Community Center', 'Water softening plant']"
Hoysala Ace Phase 2,Block A Sahakara Nagar,"['Lift(s)', 'High Ceiling Height', 'Maintenance Staff', 'Swimming Pool', 'Separate entry for servant room', 'Park', 'Visitor Parking', 'Natural Light', 'Fitness Centre / GYM']"
Hoysala Commanders Retreat,Amco Colony,"['Security / Fire Alarm', 'Feng Shui / Vaastu Compliant', 'Intercom Facility', 'Lift(s)', 'High Ceiling Height', 'Maintenance Staff', 'False Ceiling Lighting', 'Water Storage', 'No open drainage around', 'Recently Renovated', 'Visitor Parking', 'Swimming Pool', 'Park', 'Security Personnel', 'Natural Light', 'Internet/wi-fi connectivity', 'Airy Rooms', 'Spacious Interiors', 'Fitness Centre / GYM', 'Waste Disposal', 'Rain Water Harvesting', 'Club house / Community Center', 'Water softening plant']"
Hoysala Lakeview Apartments,Kengeri Satellite Town,"['Security / Fire Alarm', 'Lift(s)', 'Maintenance Staff', 'Water Storage', 'Visitor Parking']"
Hoysala Samruddhi,Talacauvery Layout,"['Private Garden / Terrace', 'Lift(s)', 'Centrally Air Conditioned', 'Water purifier', 'High Ceiling Height', 'False Ceiling Lighting', 'Separate entry for servant room', 'No open drainage around', 'Bank Attached Property', 'Piped-gas', 'Swimming Pool', 'Park', 'Security Personnel', 'Natural Light', 'Internet/wi-fi connectivity', 'Airy Rooms', 'Spacious Interiors', 'Low Density Society', 'Shopping Centre', 'Fitness Centre / GYM', 'Waste Disposal', 'Rain Water Harvesting', 'Club house / Community Center', 'Water softening plant']"
IDEB Springfields,Amblipura,"['Power Back-up', 'Intercom Facility', 'Lift(s)', 'High Ceiling Height', 'Maintenance Staff', 'False Ceiling Lighting', 'No open drainage around', 'Swimming Pool', 'Park', 'Security Personnel', 'Internet/wi-fi connectivity', 'Spacious Interiors', 'Fitness Centre / GYM', 'Waste Disposal', 'Rain Water Harvesting', 'Club house / Community Center']"
IT Garden Residency,Bommasandra,"['Security / Fire Alarm', 'Lift(s)', 'Water Storage', 'No open drainage around', 'Piped-gas', 'Swimming Pool', 'Park', 'Security Personnel', 'Natural Light', 'Airy Rooms', 'Fitness Centre / GYM', 'Waste Disposal', 'Club house / Community Center']"
Icon Happy Living,Attibele,"['Lift(s)', 'Swimming Pool', 'Park', 'Club house / Community Center', 'Fitness Centre / GYM']"
Icon Honeypool,Kachanayakanahalli,"['Security / Fire Alarm', 'Power Back-up', 'Feng Shui / Vaastu Compliant', 'Intercom Facility', 'Lift(s)', 'Maintenance Staff', 'Visitor Parking', 'Swimming Pool', 'Park', 'Security Personnel', 'Shopping Centre', 'Fitness Centre / GYM', 'Rain Water Harvesting', 'Club house / Community Center', 'Water softening plant']"
Icon Luxeria,Whitefield,"['Feng Shui / Vaastu Compliant', 'Security / Fire Alarm', 'Intercom Facility', 'Lift(s)', 'Maintenance Staff', 'Water Storage', 'Park', 'Visitor Parking']"
Icon SN Luxuria,Hennur Road,"['Security / Fire Alarm', 'Intercom Facility', 'Lift(s)', 'Maintenance Staff', 'Swimming Pool', 'Water Storage', 'Park', 'Visitor Parking', 'Fitness Centre / GYM', 'Club house / Community Center', 'Rain Water Harvesting', 'Water softening plant']"
Indira Iris Apartments,Thanisandra,"['Feng Shui / Vaastu Compliant', 'Security / Fire Alarm', 'Intercom Facility', 'Lift(s)', 'Maintenance Staff', 'Water Storage', 'Park', 'Visitor Parking']"
Indus Apartments,NTI Layout,"['Feng Shui / Vaastu Compliant', 'Security / Fire Alarm', 'Lift(s)', 'Water purifier', 'Maintenance Staff', 'Water Storage', 'Piped-gas', 'Security Personnel', 'Natural Light', 'Waste Disposal', 'Rain Water Harvesting']"
Inspira Tropical Garden,Electronics City Phase 2,"['RO System', 'Power Back up Lift', 'Intercom', 'Car Parking', 'Lifts', 'Rain Water Harvesting', 'Vastu Compliant']"
Interlaken by UKN,Gururaja Layout,"['Security / Fire Alarm', 'Lift(s)', 'Maintenance Staff', 'Water Storage']"
Ishta Flats,Chikkalasandra,"['Feng Shui / Vaastu Compliant', 'Lift(s)']"
Ishtika Agastya,Bagalakunte,"['Power Back-up', 'Lift(s)', 'Swimming Pool', 'Fitness Centre / GYM', 'Club house / Community Center']"
Ishtika Agastya Apartment,Yeshwanthpur,"['Power Back-up', 'Lift(s)', 'High Ceiling Height', 'Swimming Pool', 'No open drainage around', 'Natural Light', 'Fitness Centre / GYM', 'Club house / Community Center']"
Ishtika Vashishta,Anjanapura,"['Feng Shui / Vaastu Compliant', 'Security / Fire Alarm', 'Intercom Facility', 'Lift(s)', 'Swimming Pool', 'Maintenance Staff', 'Water Storage', 'Park', 'Visitor Parking', 'Fitness Centre / GYM']"
Itta Sarva,Hongasandra,"['Security / Fire Alarm', 'Maintenance Staff', 'Water Storage', 'Visitor Parking', 'Fitness Centre / GYM']"
Ivory at Brigade Orchards,Devanahalli,"['Skating Rink', 'Gymnasium', ""Children's Play Area"", 'Jogging Track', 'Indoor Games', 'Amphitheatre', 'Swimming Pool', 'Party Lawn', 'Basketball Court']"
JA Farm Shebang,Basapura,"['Feng Shui / Vaastu Compliant', 'Security / Fire Alarm', 'Intercom Facility', 'Lift(s)', 'Maintenance Staff', 'Water Storage', 'Park', 'Visitor Parking']"
JMR Lotus Apartments,Gollahalli,"['Power Back-up', 'Intercom Facility', 'Lift(s)', 'Fitness Centre / GYM', 'Rain Water Harvesting']"
JP Tulips,Hoskote,"['Security / Fire Alarm', 'Feng Shui / Vaastu Compliant', 'Intercom Facility', 'Lift(s)', 'Maintenance Staff', 'Water Storage', 'Recently Renovated', 'Visitor Parking', 'Swimming Pool', 'Park', 'Security Personnel', 'Natural Light', 'Airy Rooms', 'Shopping Centre', 'Fitness Centre / GYM', 'Club house / Community Center', 'Water softening plant']"
JPC Prime,Poorna Pragna Layout,"['Security / Fire Alarm', 'Lift(s)']"
JR Nexus,Marsur,"['Lift(s)', 'Swimming Pool', 'Park', 'Shopping Centre', 'Fitness Centre / GYM', 'Club house / Community Center', 'Rain Water Harvesting']"
JRC Palladio,Sarjapur Road,"['Security / Fire Alarm', 'Intercom Facility', 'Lift(s)', 'High Ceiling Height', 'Maintenance Staff', 'False Ceiling Lighting', 'Water Storage', 'Piped-gas', 'Visitor Parking', 'Swimming Pool', 'Park', 'Internet/wi-fi connectivity', 'Fitness Centre / GYM', 'Waste Disposal', 'Rain Water Harvesting', 'Club house / Community Center', 'Water softening plant']"
JRC Wild Woods,Sarjapur Road,"['Security / Fire Alarm', 'Feng Shui / Vaastu Compliant', 'Intercom Facility', 'Lift(s)', 'Maintenance Staff', 'False Ceiling Lighting', 'Water Storage', 'No open drainage around', 'Bank Attached Property', 'Visitor Parking', 'Swimming Pool', 'Park', 'Security Personnel', 'Natural Light', 'Internet/wi-fi connectivity', 'Airy Rooms', 'Low Density Society', 'Fitness Centre / GYM', 'Waste Disposal', 'Rain Water Harvesting', 'Club house / Community Center', 'Water softening plant']"
JRK Gardens,Battarahalli,"['Feng Shui / Vaastu Compliant', 'Security / Fire Alarm', 'Intercom Facility', 'Lift(s)', 'Centrally Air Conditioned', 'Maintenance Staff', 'Swimming Pool', 'Water Storage', 'Park', 'Visitor Parking', 'Security Personnel', 'Fitness Centre / GYM']"
Jai Royal Park,KR Puram,"['Power Back-up', 'Feng Shui / Vaastu Compliant', 'Lift(s)', 'No open drainage around', 'Bank Attached Property', 'Swimming Pool', 'Park', 'Security Personnel', 'Natural Light', 'Airy Rooms', 'Spacious Interiors', 'Low Density Society', 'Fitness Centre / GYM', 'Waste Disposal', 'Rain Water Harvesting', 'Club house / Community Center']"
Jalvayu Heights,Peenya,"['Security / Fire Alarm', 'Feng Shui / Vaastu Compliant', 'Lift(s)', 'Maintenance Staff', 'Water Storage', 'Piped-gas', 'Visitor Parking', 'Swimming Pool', 'Park', 'Security Personnel', 'Natural Light', 'Internet/wi-fi connectivity', 'Airy Rooms', 'Shopping Centre', 'Fitness Centre / GYM', 'Waste Disposal', 'Club house / Community Center']"
Janaadhar Shubha Phase 2,Thattanahalli,"['Lift(s)', 'Park', 'Shopping Centre', 'Rain Water Harvesting', 'Water softening plant']"
Janadhar Shubha,Electronics City,"['Feng Shui / Vaastu Compliant', 'Security / Fire Alarm', 'Lift(s)', 'Maintenance Staff', 'Water Storage', 'Visitor Parking', 'Security Personnel', 'Shopping Centre']"
Janapriya Heavens,Allalasandra,"['Feng Shui / Vaastu Compliant', 'Security / Fire Alarm', 'Maintenance Staff', 'Park', 'Security Personnel', 'Shopping Centre', 'Club house / Community Center', 'Rain Water Harvesting']"
Janhavi Enclave,Kodichikkanahalli,"['Power Back-up', 'Feng Shui / Vaastu Compliant', 'Security / Fire Alarm', 'Intercom Facility', 'Lift(s)', 'Swimming Pool', 'Maintenance Staff', 'Water Storage', 'Park', 'Visitor Parking', 'Fitness Centre / GYM', 'Club house / Community Center']"
Jas Aashraya,Basavanapura,"['Yoga/Meditation Area', 'Gymnasium', ""Children's Play Area"", 'Swimming Pool', 'Basketball Court', 'Park', 'Volley Ball Court', 'Jogging Track', 'Club House']"
Jas Aashraya Basavanapura,Sarjapur Attibele Road,"[""Children's Play Area"", 'Gymnasium', 'Club House', 'Volley Ball Court', 'Swimming Pool', 'Park', 'Basketball Court', 'Yoga/Meditation Area', 'Jogging Track']"
Jasper at Brigade El Dorado,Huvinayakanahalli,"['Power Back-up', 'Lift(s)', 'Swimming Pool', 'Park', 'Fitness Centre / GYM', 'Club house / Community Center']"
Jayanagar Housing Co-op Society Plot,Subramanyapura,"['Power Back-up', 'Feng Shui / Vaastu Compliant', 'Maintenance Staff', 'Park', 'Piped-gas', 'Security Personnel', 'Internet/wi-fi connectivity', 'Rain Water Harvesting', 'Water softening plant']"
Jhanavi Capetown,Electronics City Phase 1,"['Power Back-up', 'Lift(s)', 'Swimming Pool', 'Park', 'Fitness Centre / GYM', 'Club house / Community Center']"
Jhanavi Noreste,Sarjapur Road,"['Basketball Court', ""Children's Play Area"", 'Gymnasium', 'Club House', 'Cricket Pitch', 'Swimming Pool', 'Park', 'Jogging Track', 'Yoga/Meditation Area']"
Jupiter Commanders Glory,Singapura Village,"['Feng Shui / Vaastu Compliant', 'Security / Fire Alarm', 'Intercom Facility', 'Lift(s)', 'Maintenance Staff', 'Park', 'Visitor Parking', 'Security Personnel', 'Fitness Centre / GYM', 'Club house / Community Center', 'Water softening plant']"
K Raheja Residency,3rd Block Koramangala,"['Power Back-up', 'Intercom Facility', 'Lift(s)', 'Swimming Pool', 'Maintenance Staff', 'Park', 'Security Personnel', 'Fitness Centre / GYM', 'Club house / Community Center', 'Rain Water Harvesting']"
K and T Sobha Nilayam,Electronics City Phase 1,"['Security / Fire Alarm', 'Lift(s)', 'Maintenance Staff', 'Water Storage', 'No open drainage around', 'Bank Attached Property']"
KB Residency,Kyalasanahalli,"['Swimming Pool', 'Security Personnel', 'Fitness Centre / GYM', 'Club house / Community Center']"
KB Royale,Bommasandra,"['Feng Shui / Vaastu Compliant', 'Security / Fire Alarm', 'Lift(s)', 'Maintenance Staff', 'Swimming Pool', 'Water Storage', 'Park', 'Visitor Parking', 'Fitness Centre / GYM', 'Rain Water Harvesting', 'Water softening plant']"
KHB Apartments,Kengeri Satellite Town,"['Security / Fire Alarm', 'Lift(s)', 'Water purifier', 'Piped-gas', 'Natural Light']"
KHB Diamond,Kengeri,"['Security / Fire Alarm', 'Lift(s)', 'Maintenance Staff', 'Water Storage', 'Park', 'Visitor Parking', 'Club house / Community Center', 'Rain Water Harvesting']"
KHB Platinum,Shirke Layout,"['Feng Shui / Vaastu Compliant', 'Security / Fire Alarm', 'Lift(s)', 'Maintenance Staff', 'Water Storage', 'No open drainage around', 'Park', 'Visitor Parking', 'Low Density Society', 'Waste Disposal', 'Rain Water Harvesting']"
KHB Surya City,Suryanagar Phase I,"['Feng Shui / Vaastu Compliant', 'Intercom Facility', 'Lift(s)', 'Maintenance Staff', 'Swimming Pool', 'Water Storage', 'Visitor Parking', 'Shopping Centre', 'Fitness Centre / GYM', 'Water softening plant']"
KMB La Palazzo,Sarjapur Road,"['Power Back-up', 'Security / Fire Alarm', 'Intercom Facility', 'Lift(s)', 'Swimming Pool', 'Maintenance Staff', 'Water Storage', 'Park', 'Visitor Parking', 'Fitness Centre / GYM', 'Club house / Community Center']"
KMF Purab Manor,KR Puram,"['Power Back-up', 'Feng Shui / Vaastu Compliant', 'Lift(s)', 'Swimming Pool', 'Maintenance Staff', 'Park', 'Security Personnel', 'Fitness Centre / GYM', 'Club house / Community Center', 'Rain Water Harvesting']"
KMR Landmark,LB Shastri Nagar,"['Security / Fire Alarm', 'Power Back-up', 'Feng Shui / Vaastu Compliant', 'Private Garden / Terrace', 'Intercom Facility', 'Lift(s)', 'Water purifier', 'High Ceiling Height', 'Maintenance Staff', 'Water Storage', 'No open drainage around', 'Swimming Pool', 'Park', 'Security Personnel', 'Natural Light', 'Internet/wi-fi connectivity', 'Airy Rooms', 'Fitness Centre / GYM', 'Waste Disposal', 'Rain Water Harvesting', 'Club house / Community Center', 'Water softening plant']"
KR Builders,Ananth Nagar Phase 2,"['Feng Shui / Vaastu Compliant', 'Security / Fire Alarm', 'Intercom Facility', 'Lift(s)', 'Maintenance Staff', 'Water Storage', 'Park', 'Visitor Parking']"
KVG,Kalkere,"['Security / Fire Alarm', 'Intercom Facility', 'Lift(s)', 'Maintenance Staff', 'Swimming Pool', 'Water Storage', 'Internet/wi-fi connectivity', 'Fitness Centre / GYM', 'Water softening plant']"
KVG Aster,Jayanthi Nagar Extension,"['Security / Fire Alarm', 'Feng Shui / Vaastu Compliant', 'Private Garden / Terrace', 'Lift(s)', 'Water purifier', 'High Ceiling Height', 'Maintenance Staff', 'False Ceiling Lighting', 'Water Storage', 'No open drainage around', 'Piped-gas', 'Visitor Parking', 'Swimming Pool', 'Park', 'Natural Light', 'Internet/wi-fi connectivity', 'Airy Rooms', 'Spacious Interiors', 'Low Density Society', 'Fitness Centre / GYM', 'Waste Disposal', 'Rain Water Harvesting']"
KVG Aster Phase 2,Banjara Layout,"['Security / Fire Alarm', 'Feng Shui / Vaastu Compliant', 'Private Garden / Terrace', 'Lift(s)', 'Water purifier', 'High Ceiling Height', 'Maintenance Staff', 'False Ceiling Lighting', 'Water Storage', 'No open drainage around', 'Piped-gas', 'Visitor Parking', 'Swimming Pool', 'Park', 'Natural Light', 'Internet/wi-fi connectivity', 'Airy Rooms', 'Spacious Interiors', 'Low Density Society', 'Fitness Centre / GYM', 'Waste Disposal', 'Rain Water Harvesting']"
KVG Superior,NRI Layout,"['Security / Fire Alarm', 'Lift(s)', 'Maintenance Staff', 'Swimming Pool', 'Water Storage', 'Visitor Parking', 'Fitness Centre / GYM', 'Rain Water Harvesting']"
KVG Wonder,NRI Layout,"['Power Back-up', 'Security / Fire Alarm', 'Lift(s)', 'Visitor Parking']"
KVG Wonder Apartment 1,NRI Layout,"['Private Garden / Terrace', 'Lift(s)', 'Visitor Parking', 'Security Personnel', 'Fitness Centre / GYM', 'Club house / Community Center']"
Kalyan Nagar,Banaswadi,"['Feng Shui / Vaastu Compliant', 'Intercom Facility', 'Lift(s)']"
Kalyani Livingtree,Bagalur,"['Skating Rink', ""Children's Play Area"", 'Yoga/Meditation Area', 'Mini Theatre', 'Swimming Pool', 'Club House', 'Park', 'Amphitheatre', 'Gymnasium']"
Karle Town Centre,Nagavara,"['Feng Shui / Vaastu Compliant', 'Security / Fire Alarm', 'Intercom Facility', 'Lift(s)', 'Maintenance Staff', 'Water Storage', 'Park', 'Visitor Parking']"
Karle Zenith Residences,Hebbal,"['Security / Fire Alarm', 'Feng Shui / Vaastu Compliant', 'Intercom Facility', 'Lift(s)', 'Maintenance Staff', 'Water Storage', 'Separate entry for servant room', 'No open drainage around', 'Bank Attached Property', 'Piped-gas', 'Internet/wi-fi connectivity', 'Recently Renovated', 'Visitor Parking', 'Swimming Pool', 'Park', 'Security Personnel', 'Natural Light', 'Airy Rooms', 'Low Density Society', 'Waste Disposal', 'Rain Water Harvesting', 'Water softening plant', 'Shopping Centre', 'Fitness Centre / GYM', 'Club house / Community Center']"
Karnasree Mathru Sree Orchid Homes,Kempapura,"['Security / Fire Alarm', 'Intercom Facility', 'Lift(s)', 'Water purifier', 'High Ceiling Height', 'Maintenance Staff', 'Water Storage', 'Swimming Pool', 'Park', 'Security Personnel', 'Natural Light', 'Internet/wi-fi connectivity', 'Airy Rooms', 'Spacious Interiors', 'Fitness Centre / GYM', 'Rain Water Harvesting', 'Water softening plant']"
Kashi Kiran Mansion,Govindraja Nagar,"['Feng Shui / Vaastu Compliant', 'Water Storage']"
Kavitha Properties,5th Block HBR Layout,"['Feng Shui / Vaastu Compliant', 'Security / Fire Alarm', 'Intercom Facility', 'Lift(s)', 'Maintenance Staff', 'Water Storage', 'Park', 'Visitor Parking']"
Keerthi Chalet,Coconut Grove Layout,"['Security / Fire Alarm', 'Intercom Facility', 'Lift(s)', 'High Ceiling Height', 'Maintenance Staff', 'Water Storage', 'No open drainage around', 'Piped-gas', 'Visitor Parking', 'Swimming Pool', 'Park', 'Security Personnel', 'Internet/wi-fi connectivity', 'Low Density Society', 'Fitness Centre / GYM', 'Rain Water Harvesting', 'Club house / Community Center']"
Keerthi Flora,Billekahalli,"['Security / Fire Alarm', 'Feng Shui / Vaastu Compliant', 'Intercom Facility', 'Lift(s)', 'High Ceiling Height', 'Maintenance Staff', 'Water Storage', 'Visitor Parking', 'Security Personnel', 'Natural Light', 'Airy Rooms', 'Low Density Society', 'Fitness Centre / GYM', 'Club house / Community Center']"
Keerthi Royal Palms,Begur,"['Intercom Facility', 'Lift(s)', 'Swimming Pool', 'Park', 'Piped-gas', 'Shopping Centre', 'Fitness Centre / GYM', 'Club house / Community Center', 'Rain Water Harvesting']"
Kethana Eternal Blossom,Kaverappa Layout,"['Power Back-up', 'Intercom Facility', 'Lift(s)', 'Swimming Pool', 'Fitness Centre / GYM', 'Club house / Community Center', 'Waste Disposal', 'Rain Water Harvesting']"
Keya Life by The Lake,Jakkur,"['Feng Shui / Vaastu Compliant', 'Security / Fire Alarm', 'Intercom Facility', 'Lift(s)', 'Maintenance Staff', 'Water Storage', 'Park', 'Visitor Parking']"
Keya Spring,Venugopal Reddy Layout,"['Security / Fire Alarm', 'Feng Shui / Vaastu Compliant', 'Lift(s)', 'Maintenance Staff', 'Water Storage', 'Visitor Parking', 'Swimming Pool', 'Park', 'Natural Light', 'Fitness Centre / GYM', 'Waste Disposal', 'Rain Water Harvesting', 'Club house / Community Center']"
Kgston,Mukti Vinayaka Layout,"['Feng Shui / Vaastu Compliant', 'Security / Fire Alarm', 'Intercom Facility', 'Lift(s)', 'Maintenance Staff', 'Water Storage', 'Park', 'Visitor Parking']"
Klassik Benchmark,Bannerghatta Road,"['Security / Fire Alarm', 'Feng Shui / Vaastu Compliant', 'Intercom Facility', 'Lift(s)', 'Maintenance Staff', 'Water Storage', 'No open drainage around', 'Recently Renovated', 'Piped-gas', 'Visitor Parking', 'Swimming Pool', 'Park', 'Security Personnel', 'Natural Light', 'Internet/wi-fi connectivity', 'Airy Rooms', 'Spacious Interiors', 'Shopping Centre', 'Fitness Centre / GYM', 'Waste Disposal', 'Rain Water Harvesting', 'Club house / Community Center', 'Water softening plant']"
Kolte Patil I Towers Exente,Konappana Agrahara,"['Security / Fire Alarm', 'Feng Shui / Vaastu Compliant', 'Lift(s)', 'Maintenance Staff', 'Water Storage', 'Piped-gas', 'Visitor Parking', 'Swimming Pool', 'Park', 'Natural Light', 'Internet/wi-fi connectivity', 'Fitness Centre / GYM', 'Waste Disposal', 'Rain Water Harvesting', 'Club house / Community Center']"
Kolte Patil Lakeside 24,Hennur Road,"['Reflexology Park', 'Gymnasium', 'Vastu Compliant', 'Jogging Track', 'Indoor Games', 'Yoga/Meditation Area', 'Flower Garden', 'Swimming Pool', 'Barbecue']"
Kolte Patil Raaga,Hennur Road,"['Security / Fire Alarm', 'Power Back-up', 'Feng Shui / Vaastu Compliant', 'Intercom Facility', 'Lift(s)', 'High Ceiling Height', 'Maintenance Staff', 'Water Storage', 'No open drainage around', 'Bank Attached Property', 'Visitor Parking', 'Swimming Pool', 'Park', 'Security Personnel', 'Natural Light', 'Airy Rooms', 'Spacious Interiors', 'Shopping Centre', 'Fitness Centre / GYM', 'Waste Disposal', 'Rain Water Harvesting', 'Club house / Community Center', 'Water softening plant']"
Kolte Patil Surabhi,Ranka Colony,"['Security / Fire Alarm', 'Lift(s)', 'Maintenance Staff', 'Water Storage', 'Separate entry for servant room', 'Piped-gas', 'Visitor Parking', 'Swimming Pool', 'Park', 'Security Personnel', 'Natural Light', 'Airy Rooms', 'Low Density Society', 'Shopping Centre', 'Fitness Centre / GYM', 'Waste Disposal', 'Club house / Community Center', 'Water softening plant']"
Komarla Brigade Residency,Chikkalasandra,"['Security / Fire Alarm', 'Intercom Facility', 'Lift(s)', 'High Ceiling Height', 'Maintenance Staff', 'Water Storage', 'No open drainage around', 'Visitor Parking', 'Swimming Pool', 'Park', 'Security Personnel', 'Natural Light', 'Airy Rooms', 'Shopping Centre', 'Fitness Centre / GYM', 'Waste Disposal', 'Rain Water Harvesting', 'Club house / Community Center', 'Water softening plant']"
Kranthi Enclave,Yelenahalli,"['Feng Shui / Vaastu Compliant', 'Security / Fire Alarm', 'Lift(s)', 'High Ceiling Height', 'Water Storage', 'No open drainage around', 'Bank Attached Property', 'Security Personnel', 'Natural Light', 'Airy Rooms', 'Spacious Interiors']"
Krishna Arya Elegance,Mahalakshmi Layout,"['Feng Shui / Vaastu Compliant', 'Security / Fire Alarm', 'Intercom Facility', 'Lift(s)', 'Water Storage', 'Park', 'Visitor Parking']"
Krishna Diamond Apartments,Sahakara Nagar,"['Private Garden / Terrace', 'Intercom Facility', 'Maintenance Staff', 'No open drainage around', 'Bank Attached Property', 'Swimming Pool', 'Park', 'Security Personnel', 'Natural Light', 'Low Density Society', 'Fitness Centre / GYM', 'Waste Disposal', 'Rain Water Harvesting', 'Club house / Community Center', 'Water softening plant']"
Krishna Dwellgton,Devi Nagar,"['Feng Shui / Vaastu Compliant', 'Security / Fire Alarm', 'Lift(s)', 'Maintenance Staff', 'Water Storage', 'Park']"
Krishna Haven,Horamavu,"['Feng Shui / Vaastu Compliant', 'Security / Fire Alarm', 'Intercom Facility', 'Lift(s)', 'Maintenance Staff', 'Swimming Pool', 'Park', 'Fitness Centre / GYM', 'Club house / Community Center', 'Rain Water Harvesting', 'Water softening plant']"
Krishna Residency,2nd Phase Judicial Layout,"['Feng Shui / Vaastu Compliant', 'Security / Fire Alarm', 'Private Garden / Terrace', 'Lift(s)', 'Swimming Pool', 'Park', 'Airy Rooms', 'Spacious Interiors', 'Fitness Centre / GYM', 'Rain Water Harvesting']"
Krishnageet Residency,Vidyaranyapura,"['Security / Fire Alarm', 'Lift(s)', 'Maintenance Staff']"
Krishnageet Shelters,Pai Layout,"['Security / Fire Alarm', 'Feng Shui / Vaastu Compliant', 'Private Garden / Terrace', 'Lift(s)', 'High Ceiling Height', 'Maintenance Staff', 'False Ceiling Lighting', 'Water Storage', 'Recently Renovated', 'Park', 'Security Personnel', 'Natural Light', 'Internet/wi-fi connectivity', 'Airy Rooms', 'Spacious Interiors', 'Low Density Society', 'Waste Disposal', 'Rain Water Harvesting']"
Krypton at Brigade Eldorado,Bagalur,"['Power Back-up', 'Intercom Facility', 'Lift(s)', 'Swimming Pool', 'Park', 'Club house / Community Center', 'Rain Water Harvesting']"
Kudlu Apartments,Agara Village,"['Feng Shui / Vaastu Compliant', 'Lift(s)', 'Maintenance Staff', 'Swimming Pool', 'Water Storage', 'Park', 'Visitor Parking', 'Fitness Centre / GYM', 'Waste Disposal', 'Rain Water Harvesting']"
Kumar Prospera,Hennur Road,"['Gymnasium', 'Park', 'Cricket Pitch', 'Club House', 'Jogging Track', 'Indoor Games', 'Yoga/Meditation Area', 'Multipurpose court', 'Swimming Pool']"
Kumaravana,5th Stage Rajarajeshwari Nagar,"['Feng Shui / Vaastu Compliant', 'Lift(s)', 'Swimming Pool', 'No open drainage around', 'Fitness Centre / GYM', 'Waste Disposal', 'Rain Water Harvesting']"
Kumari Lotus,Junnasandra,"['Intercom Facility', 'Lift(s)', 'Maintenance Staff', 'Water Storage', 'Fitness Centre / GYM', 'Rain Water Harvesting']"
Kumari Sri Nilayam,Kodigehalli,"['Feng Shui / Vaastu Compliant', 'Intercom Facility', 'Lift(s)', 'Maintenance Staff', 'Park', 'Security Personnel', 'Fitness Centre / GYM', 'Club house / Community Center']"
L and T Raintree Boulevard Hebbal,Kattigenahalli,"['Lounge', ""Children's Play Area"", 'Terrace Garden', 'Park', 'Golf Course', 'Swimming Pool', 'Creche/Day Care', 'Club House', 'Gymnasium']"
L&T Olivia,Hebbal,"['Security / Fire Alarm', 'Intercom Facility', 'Lift(s)', 'Swimming Pool', 'Maintenance Staff', 'Water Storage', 'Park', 'Visitor Parking', 'Fitness Centre / GYM', 'Club house / Community Center']"
L&T Raintree Boulevard,Hebbal,"['Golf Course', ""Children's Play Area"", 'Lounge', 'Creche/Day Care', 'Swimming Pool', 'Club House', 'Park', 'Terrace Garden', 'Gymnasium']"
LK Gloria,Amruthahalli,"['Feng Shui / Vaastu Compliant', 'Intercom Facility', 'Lift(s)', 'Water purifier', 'Maintenance Staff', 'False Ceiling Lighting', 'Water Storage', 'No open drainage around', 'Visitor Parking', 'Swimming Pool', 'Park', 'Security Personnel', 'Natural Light', 'Airy Rooms', 'Spacious Interiors', 'Low Density Society', 'Fitness Centre / GYM', 'Waste Disposal', 'Rain Water Harvesting', 'Club house / Community Center', 'Water softening plant']"
LN Enclave,Varanasi,"['Power Back-up', 'Feng Shui / Vaastu Compliant', 'Lift(s)', 'Maintenance Staff', 'Swimming Pool', 'Park', 'Security Personnel', 'Fitness Centre / GYM', 'Club house / Community Center', 'Rain Water Harvesting']"
LN Varanasi Enclave,Sunny Layout,"['Power Back-up', 'Feng Shui / Vaastu Compliant', 'Lift(s)', 'Maintenance Staff', 'Park', 'Security Personnel', 'Internet/wi-fi connectivity', 'Fitness Centre / GYM', 'Club house / Community Center', 'Rain Water Harvesting']"
Laasya Canopus,Begur Road,['Lift(s)']
Laasya Pride,Electronics City,"['Car Parking', 'Indoor Games', 'Multipurpose court', 'Park', 'Club House', 'Multipurpose Hall', 'Gymnasium', ""Children's Play Area"", 'Swimming Pool']"
Laavanya Park View,Kengeri Satellite Town,"['Feng Shui / Vaastu Compliant', 'Lift(s)', 'Water Storage', 'Visitor Parking']"
Laavanya SS Alpyne,Ittamadu,"['Feng Shui / Vaastu Compliant', 'Security / Fire Alarm', 'Lift(s)', 'Water Storage', 'Visitor Parking']"
Laavanya SY Galaxy,Hosakerehalli,"['Feng Shui / Vaastu Compliant', 'Lift(s)', 'Maintenance Staff', 'Water Storage', 'Visitor Parking']"
Laavanya Slice of Heaven,Rajarajeshwari Nagar,"['Feng Shui / Vaastu Compliant', 'Lift(s)', 'Water Storage', 'Visitor Parking']"
Lakeview Apartment,Kereguddadahalli,"['Feng Shui / Vaastu Compliant', 'Security / Fire Alarm', 'Intercom Facility', 'Maintenance Staff', 'Water Storage', 'Park', 'Visitor Parking']"
Laksh Royal Manor,Herohalli,"['Feng Shui / Vaastu Compliant', 'Private Garden / Terrace', 'Intercom Facility', 'Lift(s)', 'False Ceiling Lighting', 'No open drainage around', 'Swimming Pool', 'Park', 'Security Personnel', 'Natural Light', 'Airy Rooms', 'Spacious Interiors', 'Low Density Society', 'Fitness Centre / GYM', 'Waste Disposal', 'Club house / Community Center']"
Lakshh Exotica,Mallathahalli,"['Power Back-up', 'Lift(s)', 'Water Storage', 'Park', 'Piped-gas']"
Lakshmi Nanda,Chikkalasandra,"['Feng Shui / Vaastu Compliant', 'Security / Fire Alarm', 'Lift(s)', 'Maintenance Staff', 'Water Storage']"
Lakshmi Yoga,Vasantha Vallabha Nagar,"['Security / Fire Alarm', 'Lift(s)', 'Water Storage', 'Visitor Parking']"
Lakshmidevi Enclave,Ganga Nagar,"['Security / Fire Alarm', 'Feng Shui / Vaastu Compliant', 'Lift(s)', 'High Ceiling Height', 'Water Storage', 'No open drainage around', 'Visitor Parking', 'Park', 'Security Personnel', 'Natural Light', 'Airy Rooms', 'Waste Disposal', 'Rain Water Harvesting']"
Landmark 7,Chandra Layout,"['Security / Fire Alarm', 'Water Storage', 'Park']"
Leelkrrsh Residency,MV Extension,"['Feng Shui / Vaastu Compliant', 'Security / Fire Alarm', 'Lift(s)', 'Maintenance Staff', 'Water Storage', 'Park', 'Visitor Parking']"
Legacy Casero,Jakkur,"['Security / Fire Alarm', 'Intercom Facility', 'Lift(s)', 'High Ceiling Height', 'Maintenance Staff', 'Water Storage', 'No open drainage around', 'Piped-gas', 'Swimming Pool', 'Fitness Centre / GYM', 'Waste Disposal', 'Rain Water Harvesting', 'Club house / Community Center', 'Water softening plant']"
Legacy Celo,Rachenahalli,"['Power Back-up', 'Feng Shui / Vaastu Compliant', 'Intercom Facility', 'Lift(s)', 'Swimming Pool', 'Park', 'Internet/wi-fi connectivity', 'Fitness Centre / GYM', 'Club house / Community Center', 'Water softening plant']"
Legacy Cirocco,Allalasandra,['Visitor Parking']
Liam Daffodils,AECS Layout - A Block,"['Lift(s)', 'Rain Water Harvesting']"
Liam Lakedew,Harlur Road,"['Intercom Facility', 'Lift(s)', 'Maintenance Staff', 'Swimming Pool', 'Park', 'Security Personnel', 'Internet/wi-fi connectivity', 'Low Density Society', 'Fitness Centre / GYM', 'Club house / Community Center', 'Rain Water Harvesting', 'Water softening plant']"
Liam Mahogany,AECS B Block,"['Lift(s)', 'Low Density Society']"
Lisha Residency,RMV 2nd Stage,"['Lift(s)', 'High Ceiling Height', 'Maintenance Staff', 'Water Storage', 'No open drainage around', 'Natural Light', 'Spacious Interiors']"
Lodha Azur,Bannerghatta Road,"[""Children's Play Area"", 'Amphitheatre', 'Jogging Track', 'Gazebo', 'Park', 'Gymnasium', 'Club House', 'Landscape Garden', 'Swimming Pool']"
Lodha Mirabelle,Thanisandra,"['Banquet Hall', 'Park', 'Swimming Pool', 'Club House', 'Amphitheatre', 'Gymnasium', 'Creche/Day Care', ""Children's Play Area"", 'Mini Theatre']"
Luxe One,Kengeri,"['Security / Fire Alarm', 'Lift(s)', 'Water Storage', 'Visitor Parking']"
Luxury Apartment,Indira Nagar,"['Lift(s)', 'Maintenance Staff', 'Park']"
Luxury Apartment on Main Road,Yelahanka,"['Power Back-up', 'Intercom Facility', 'Lift(s)', 'Swimming Pool', 'Maintenance Staff', 'Park', 'Security Personnel', 'Fitness Centre / GYM', 'Club house / Community Center']"
M V Royal Homes,Srirampura Jakkur,"['Feng Shui / Vaastu Compliant', 'Security / Fire Alarm', 'Lift(s)', 'Visitor Parking']"
M Vishweshwaraya Layout,Ullal Uppanagar,['Feng Shui / Vaastu Compliant']
MBM Rohith Residency,JP Nagar,"['Security / Fire Alarm', 'Feng Shui / Vaastu Compliant', 'Private Garden / Terrace', 'Intercom Facility', 'Lift(s)', 'Maintenance Staff', 'False Ceiling Lighting', 'Water Storage', 'No open drainage around', 'Swimming Pool', 'Park', 'Security Personnel', 'Natural Light', 'Airy Rooms', 'Spacious Interiors', 'Fitness Centre / GYM', 'Waste Disposal', 'Rain Water Harvesting', 'Club house / Community Center']"
MBR Sfonia Mysore Road,Pantharapalya,"['Feng Shui / Vaastu Compliant', 'Security / Fire Alarm', 'Intercom Facility', 'Lift(s)', 'Maintenance Staff', 'Water Storage', 'Park', 'Visitor Parking']"
MC Fortune,Nallurhalli,"['Feng Shui / Vaastu Compliant', 'Security / Fire Alarm', 'Intercom Facility', 'Lift(s)', 'Maintenance Staff', 'Swimming Pool', 'Water Storage', 'Park', 'Visitor Parking', 'Fitness Centre / GYM', 'Club house / Community Center', 'Water softening plant']"
MC Sarovar,Hosabasavanapura,"['Intercom Facility', 'Lift(s)', 'False Ceiling Lighting', 'Recently Renovated', 'Swimming Pool', 'Park', 'Security Personnel', 'Natural Light', 'Airy Rooms', 'Spacious Interiors', 'Low Density Society', 'Fitness Centre / GYM', 'Waste Disposal', 'Rain Water Harvesting', 'Club house / Community Center', 'Water softening plant']"
MDVR SV Shelters,Attibele,"['Lift(s)', 'Park']"
MIMS Habitat,Hennur Road,"['Security / Fire Alarm', 'Power Back-up', 'Feng Shui / Vaastu Compliant', 'Lift(s)', 'Water purifier', 'High Ceiling Height', 'No open drainage around', 'Swimming Pool', 'Park', 'Natural Light', 'Airy Rooms', 'Spacious Interiors', 'Shopping Centre', 'Fitness Centre / GYM', 'Waste Disposal', 'Club house / Community Center']"
MJ Lifestyle Amadeus,Hosa Road,"['Security / Fire Alarm', 'Feng Shui / Vaastu Compliant', 'Intercom Facility', 'Lift(s)', 'Maintenance Staff', 'Water Storage', 'No open drainage around', 'Piped-gas', 'Visitor Parking', 'Swimming Pool', 'Park', 'Security Personnel', 'Natural Light', 'Internet/wi-fi connectivity', 'Airy Rooms', 'Low Density Society', 'Shopping Centre', 'Fitness Centre / GYM', 'Waste Disposal', 'Rain Water Harvesting', 'Club house / Community Center']"
MJ Lifestyle Atria,Bommanahalli,"['Feng Shui / Vaastu Compliant', 'Security / Fire Alarm', 'Lift(s)', 'Water Storage', 'Park', 'Visitor Parking']"
MJR North Park,Bagalur,"['24/7 Power Backup', 'Gymnasium', 'Park', 'Club House', 'CCTV Camera Security', 'Fire Fighting Systems', 'Indoor Games', 'Lifts', 'Swimming Pool']"
MJR Pearl,Whitefield,"['Security / Fire Alarm', 'Power Back-up', 'Intercom Facility', 'Lift(s)', 'Maintenance Staff', 'Water Storage', 'Piped-gas', 'Visitor Parking', 'Swimming Pool', 'Park', 'Internet/wi-fi connectivity', 'Fitness Centre / GYM', 'Club house / Community Center', 'Water softening plant']"
MKB Friends Nest,Shirdi Sai Layout,"['Lift(s)', 'Park']"
MLA Layout,Bannerghatta,"['Security / Fire Alarm', 'Maintenance Staff', 'Water Storage', 'No open drainage around', 'Visitor Parking', 'Security Personnel', 'Natural Light', 'Airy Rooms', 'Waste Disposal', 'Rain Water Harvesting']"
MR Enclave,Singasandra,"['Feng Shui / Vaastu Compliant', 'Intercom Facility', 'Lift(s)', 'Maintenance Staff', 'Water Storage', 'Park', 'Security Personnel', 'Fitness Centre / GYM', 'Club house / Community Center', 'Rain Water Harvesting']"
MRB Elite Apartment,Gubbalala,"['Security / Fire Alarm', 'Intercom Facility', 'Lift(s)', 'Maintenance Staff', 'Water Storage']"
MV Periwinkle,Hebbal,"['Security / Fire Alarm', 'Power Back-up', 'Feng Shui / Vaastu Compliant', 'Intercom Facility', 'Lift(s)', 'Maintenance Staff', 'False Ceiling Lighting', 'Water Storage', 'Piped-gas', 'Swimming Pool', 'Park', 'Fitness Centre / GYM', 'Club house / Community Center']"
MV Periwinkle Apartments,Nagavara,"['Security / Fire Alarm', 'Lift(s)', 'Maintenance Staff', 'Water Storage', 'No open drainage around', 'Swimming Pool', 'Park', 'Security Personnel', 'Natural Light', 'Spacious Interiors', 'Fitness Centre / GYM', 'Rain Water Harvesting', 'Club house / Community Center']"
MVN Aero One,Devanahalli,"['Feng Shui / Vaastu Compliant', 'Intercom Facility', 'Lift(s)', 'High Ceiling Height', 'Visitor Parking', 'Swimming Pool', 'Park', 'Security Personnel', 'Natural Light', 'Airy Rooms', 'Spacious Interiors', 'Fitness Centre / GYM', 'Rain Water Harvesting', 'Club house / Community Center']"
MVR Pride,Varthur,"['Power Back-up', 'Feng Shui / Vaastu Compliant', 'Lift(s)', 'Swimming Pool', 'Park', 'Fitness Centre / GYM', 'Club house / Community Center', 'Rain Water Harvesting']"
Maangalya Signature,Whitefield,"['Feng Shui / Vaastu Compliant', 'Security / Fire Alarm', 'Intercom Facility', 'Lift(s)', 'Maintenance Staff', 'Water Storage', 'Park', 'Visitor Parking']"
Macasa Emerald,Chikkanayakanahalli,"['Intercom Facility', 'Lift(s)', 'Park', 'Visitor Parking']"
Mahabaleshwara Classique Temple Tree,Ramanashree California Gardens Layout,"['Security / Fire Alarm', 'Feng Shui / Vaastu Compliant', 'Intercom Facility', 'Lift(s)', 'Water purifier', 'High Ceiling Height', 'Maintenance Staff', 'Water Storage', 'No open drainage around', 'Bank Attached Property', 'Piped-gas', 'Park', 'Security Personnel', 'Natural Light', 'Internet/wi-fi connectivity', 'Airy Rooms', 'Spacious Interiors', 'Low Density Society', 'Fitness Centre / GYM', 'Waste Disposal', 'Rain Water Harvesting']"
Mahaghar Vajra,Vajarahalli,"['Power Back-up', 'Feng Shui / Vaastu Compliant', 'Intercom Facility', 'Lift(s)', 'Swimming Pool', 'Park', 'Club house / Community Center']"
Mahaveer Aspen,Yelachenahalli,"['Security / Fire Alarm', 'Intercom Facility', 'Lift(s)', 'Visitor Parking']"
Mahaveer Calyx,Addischetan Layout,"['Feng Shui / Vaastu Compliant', 'Intercom Facility', 'Lift(s)', 'Water purifier', 'Maintenance Staff', 'No open drainage around', 'Swimming Pool', 'Park', 'Security Personnel', 'Natural Light', 'Internet/wi-fi connectivity', 'Airy Rooms', 'Spacious Interiors', 'Fitness Centre / GYM', 'Waste Disposal', 'Rain Water Harvesting', 'Club house / Community Center']"
Mahaveer Cedar,Chikkasandra,"['Security / Fire Alarm', 'Feng Shui / Vaastu Compliant', 'Intercom Facility', 'Lift(s)', 'Maintenance Staff', 'Water Storage', 'Recently Renovated', 'Visitor Parking', 'Swimming Pool', 'Park', 'Security Personnel', 'Natural Light', 'Airy Rooms', 'Spacious Interiors', 'Low Density Society', 'Fitness Centre / GYM', 'Waste Disposal', 'Club house / Community Center']"
Mahaveer Celesse,Yelahanka,"['Gymnasium', 'Park', 'Club House', ""Children's Play Area"", 'Jogging Track', 'Squash Court', 'Swimming Pool', 'Badminton Court', 'Creche/Day Care']"
Mahaveer Coral,5th Phase JP Nagar,"['Security / Fire Alarm', 'Lift(s)', 'Visitor Parking']"
Mahaveer Desires,Medaralli,"['Lift(s)', 'Maintenance Staff', 'Swimming Pool', 'Park', 'Visitor Parking', 'Security Personnel', 'Fitness Centre / GYM']"
Mahaveer Fortune,Gollarapalya Hosahalli,"['Intercom Facility', 'Lift(s)', 'Swimming Pool', 'Park', 'Security Personnel', 'Natural Light', 'Airy Rooms', 'Spacious Interiors', 'Fitness Centre / GYM', 'Club house / Community Center', 'Rain Water Harvesting']"
Mahaveer Galaxy,Kengeri,"['Feng Shui / Vaastu Compliant', 'Security / Fire Alarm', 'Intercom Facility', 'Lift(s)', 'Maintenance Staff', 'Water Storage', 'Park', 'Visitor Parking']"
Mahaveer Highlands,Kengeri,"['CCTV Camera Security', 'Park', 'Car Parking', ""Children's Play Area"", 'Multipurpose Hall', 'Indoor Games', 'Gymnasium', 'Swimming Pool', '24x7 Security']"
Mahaveer Ranches,Naganathapura,"['Banquet Hall', 'Gymnasium', ""Children's Play Area"", 'Theatre', 'Swimming Pool', 'Park', 'Gazebo', 'Creche/Day Care', 'Club House']"
Mahaveer Rich,Geleyara Balaga Layout,"['Feng Shui / Vaastu Compliant', 'Intercom Facility', 'Lift(s)', 'Maintenance Staff', 'Swimming Pool', 'Park', 'Security Personnel', 'Fitness Centre / GYM', 'Club house / Community Center', 'Rain Water Harvesting']"
Mahaveer Rich Apartments,Chikkasandra,"['Feng Shui / Vaastu Compliant', 'Security / Fire Alarm', 'Lift(s)', 'Maintenance Staff', 'Water Storage']"
Mahaveer Rose,Rotary Nagar,"['Power Back-up', 'Park', 'Fitness Centre / GYM', 'Club house / Community Center', 'Rain Water Harvesting']"
Mahaveer Sitara,5th Phase JP Nagar,"['Terrace Garden', 'Gymnasium', 'Amphitheatre', ""Children's Play Area"", 'Swimming Pool', 'Badminton Court', 'Park', 'Jogging Track', 'Club House']"
Mahaveer Turquoise,Basapura,"['Feng Shui / Vaastu Compliant', 'Security / Fire Alarm', 'Lift(s)', 'Maintenance Staff', 'Swimming Pool', 'Water Storage', 'Park', 'Visitor Parking', 'Fitness Centre / GYM', 'Club house / Community Center', 'Water softening plant']"
Mahaveer Varna,Ardendale,"['Feng Shui / Vaastu Compliant', 'Intercom Facility', 'Lift(s)', 'Maintenance Staff', 'Swimming Pool', 'Park', 'Security Personnel', 'Fitness Centre / GYM', 'Club house / Community Center', 'Rain Water Harvesting']"
Mahendra Aarya,Andapura,"['Security / Fire Alarm', 'Feng Shui / Vaastu Compliant', 'Intercom Facility', 'Lift(s)', 'Maintenance Staff', 'Water Storage', 'Piped-gas', 'Visitor Parking', 'Swimming Pool', 'Park', 'Security Personnel', 'Natural Light', 'Airy Rooms', 'Low Density Society', 'Fitness Centre / GYM', 'Rain Water Harvesting', 'Club house / Community Center']"
Mahendra Arto Helix,Electronics City Phase 1,"['Centrally Air Conditioned', 'Water purifier', 'Security / Fire Alarm', 'Feng Shui / Vaastu Compliant', 'Private Garden / Terrace', 'Intercom Facility', 'Lift(s)', 'High Ceiling Height', 'Maintenance Staff', 'False Ceiling Lighting', 'Water Storage', 'Separate entry for servant room', 'No open drainage around', 'Bank Attached Property', 'Piped-gas', 'Internet/wi-fi connectivity', 'Recently Renovated', 'Visitor Parking', 'Swimming Pool', 'Park', 'Security Personnel', 'Natural Light', 'Airy Rooms', 'Spacious Interiors', 'Low Density Society', 'Waste Disposal', 'Rain Water Harvesting', 'Water softening plant', 'Shopping Centre', 'Fitness Centre / GYM', 'Club house / Community Center']"
Mahindra Eden,Vajarahalli,"['Feng Shui / Vaastu Compliant', 'Security / Fire Alarm', 'Lift(s)', 'Maintenance Staff', 'Water Storage', 'Park', 'Visitor Parking', 'Fitness Centre / GYM']"
Mahindra Zen,Begur,"['Security / Fire Alarm', 'Feng Shui / Vaastu Compliant', 'Intercom Facility', 'Lift(s)', 'Maintenance Staff', 'Water Storage', 'No open drainage around', 'Piped-gas', 'Visitor Parking', 'Swimming Pool', 'Park', 'Security Personnel', 'Natural Light', 'Internet/wi-fi connectivity', 'Airy Rooms', 'Spacious Interiors', 'Low Density Society', 'Shopping Centre', 'Fitness Centre / GYM', 'Waste Disposal', 'Rain Water Harvesting', 'Club house / Community Center']"
Maia Pelican Grove,Agrahara,"['Security / Fire Alarm', 'Feng Shui / Vaastu Compliant', 'Private Garden / Terrace', 'Intercom Facility', 'Lift(s)', 'Centrally Air Conditioned', 'Water purifier', 'Maintenance Staff', 'Water Storage', 'Bank Attached Property', 'Piped-gas', 'Visitor Parking', 'Swimming Pool', 'Park', 'Security Personnel', 'Internet/wi-fi connectivity', 'Shopping Centre', 'Fitness Centre / GYM', 'Waste Disposal', 'Rain Water Harvesting', 'Club house / Community Center', 'Water softening plant']"
Majestic Fortune,7th Phase JP Nagar,"['Power Back-up', 'Intercom Facility', 'Lift(s)', 'Swimming Pool', 'Park', 'Internet/wi-fi connectivity', 'Fitness Centre / GYM', 'Club house / Community Center', 'Rain Water Harvesting']"
Mana Candela,Kodathi,"['Security / Fire Alarm', 'Power Back-up', 'Feng Shui / Vaastu Compliant', 'Intercom Facility', 'Lift(s)', 'Maintenance Staff', 'Water Storage', 'No open drainage around', 'Visitor Parking', 'Swimming Pool', 'Park', 'Security Personnel', 'Natural Light', 'Internet/wi-fi connectivity', 'Airy Rooms', 'Spacious Interiors', 'Fitness Centre / GYM', 'Waste Disposal', 'Rain Water Harvesting', 'Club house / Community Center']"
Mana Dale,Kodathi,"['Badminton Court', 'Club House', 'Lounge', 'Creche/Day Care', 'Amphitheatre', 'Swimming Pool', ""Children's Play Area"", 'Gazebo', 'Gymnasium']"
Mana Karmel,Hadosiddapura,"['Power Back-up', 'Intercom Facility', 'Lift(s)', 'Swimming Pool', 'Park', 'Fitness Centre / GYM', 'Club house / Community Center', 'Rain Water Harvesting']"
Mana Skanda,Sarjapur Road,"['Feng Shui / Vaastu Compliant', 'Intercom Facility', 'Lift(s)', 'Swimming Pool', 'No open drainage around', 'Park', 'Fitness Centre / GYM', 'Club house / Community Center']"
Mana Tropicale,Varthur,"['Security / Fire Alarm', 'Feng Shui / Vaastu Compliant', 'Private Garden / Terrace', 'Intercom Facility', 'Lift(s)', 'Maintenance Staff', 'Water Storage', 'Visitor Parking', 'Swimming Pool', 'Park', 'Security Personnel', 'Natural Light', 'Shopping Centre', 'Fitness Centre / GYM', 'Rain Water Harvesting', 'Club house / Community Center']"
Mana Uber Verdant 2,Sarjapur Road,"['Power Back-up', 'Lift(s)', 'Swimming Pool', 'Park', 'Internet/wi-fi connectivity', 'Fitness Centre / GYM', 'Club house / Community Center', 'Rain Water Harvesting']"
Manar Elegance,Sector 2 HSR Layout,"['Power Back-up', 'Feng Shui / Vaastu Compliant', 'Lift(s)', 'Swimming Pool', 'Maintenance Staff', 'Visitor Parking', 'Security Personnel', 'Natural Light', 'Shopping Centre', 'Fitness Centre / GYM', 'Club house / Community Center', 'Rain Water Harvesting']"
Manar Manha,VGP Layout,"['Feng Shui / Vaastu Compliant', 'Security / Fire Alarm', 'Lift(s)', 'Maintenance Staff', 'Swimming Pool', 'Water Storage', 'Piped-gas', 'Visitor Parking', 'Rain Water Harvesting']"
Manasarovar Apartment,Vibhutipura Extension,"['Feng Shui / Vaastu Compliant', 'Security / Fire Alarm', 'Intercom Facility', 'Lift(s)', 'Maintenance Staff', 'Water Storage', 'Park', 'Visitor Parking']"
Mangala Enclave,Sultanpalya,"['Rain Water Harvesting', 'Water softening plant']"
Manito Northlite,Yelahanka,"['Intercom Facility', 'Lift(s)', 'Maintenance Staff', 'Security Personnel', 'Natural Light', 'Airy Rooms', 'Spacious Interiors', 'Fitness Centre / GYM', 'Club house / Community Center', 'Rain Water Harvesting', 'Water softening plant']"
Manokammana,NR Colony,"['Feng Shui / Vaastu Compliant', 'Security / Fire Alarm', 'Intercom Facility', 'Lift(s)', 'Bank Attached Property', 'Piped-gas', 'Low Density Society', 'Waste Disposal', 'Rain Water Harvesting']"
Mantri Alpyne,Banashankari,"['Amphitheatre', 'Park', 'Badminton Court', 'Club House', 'Creche/Day Care', 'Gymnasium', ""Children's Play Area"", 'Jogging Track', 'Swimming Pool']"
Mantri Astra Hennur,Hennur Gardens,"['Feng Shui / Vaastu Compliant', 'Security / Fire Alarm', 'Intercom Facility', 'Maintenance Staff', 'Water Storage', 'Visitor Parking']"
Mantri Greens,Malleshwaram,"['Power Back-up', 'Intercom Facility', 'Lift(s)', 'Maintenance Staff', 'No open drainage around', 'Bank Attached Property', 'Swimming Pool', 'Park', 'Security Personnel', 'Internet/wi-fi connectivity', 'Low Density Society', 'Shopping Centre', 'Fitness Centre / GYM', 'Waste Disposal', 'Rain Water Harvesting', 'Club house / Community Center', 'Water softening plant']"
Mantri Residency,Kalena Agrahara,"['Feng Shui / Vaastu Compliant', 'Intercom Facility', 'Lift(s)', 'Maintenance Staff', 'Piped-gas', 'Swimming Pool', 'Park', 'Security Personnel', 'Internet/wi-fi connectivity', 'Shopping Centre', 'Fitness Centre / GYM', 'Rain Water Harvesting', 'Club house / Community Center']"
Mantri Serenity,Kanakapura Road,"['Power Back-up', 'Feng Shui / Vaastu Compliant', 'Intercom Facility', 'Lift(s)', 'High Ceiling Height', 'Maintenance Staff', 'Separate entry for servant room', 'No open drainage around', 'Swimming Pool', 'Park', 'Security Personnel', 'Internet/wi-fi connectivity', 'Shopping Centre', 'Fitness Centre / GYM', 'Rain Water Harvesting', 'Club house / Community Center', 'Water softening plant']"
Mantri Tranquil,Kanakapura Road,"['Terrace Garden', 'Gymnasium', 'Amphitheatre', ""Children's Play Area"", 'Swimming Pool', 'Park', 'Jogging Track', 'Gazebo', 'Club House']"
Mantri Webcity,Hennur Road,"['Gymnasium', 'Park', 'Club House', 'Banquet Hall', ""Children's Play Area"", 'Jogging Track', 'Amphitheatre', 'Swimming Pool', 'Creche/Day Care']"
Marigold Apartment,B Channasandra,"['Feng Shui / Vaastu Compliant', 'Security / Fire Alarm', 'Intercom Facility', 'Lift(s)', 'Maintenance Staff', 'Water Storage']"
Mars Classic,Kenchenhalli,"['Feng Shui / Vaastu Compliant', 'Intercom Facility', 'Lift(s)', 'Swimming Pool', 'Fitness Centre / GYM', 'Club house / Community Center', 'Rain Water Harvesting']"
Mars Meadows,Rajarajeshwari Nagar,"['Visitor Parking', 'Fitness Centre / GYM']"
Mars Planet,Hosakerehalli,"['CCTV Camera Security', 'Gymnasium', 'Club House', 'Indoor Games', 'Swimming Pool', 'Park', 'Car Parking', 'Internal Street Lights', 'Open Space']"
Maruti Prudential Apartments,Old Airport Road,"['Feng Shui / Vaastu Compliant', 'Security / Fire Alarm', 'Intercom Facility', 'Lift(s)', 'Maintenance Staff', 'Water Storage', 'Park', 'Visitor Parking']"
Masarada Upavan,Bommasandra,"['Security / Fire Alarm', 'Feng Shui / Vaastu Compliant', 'Lift(s)', 'High Ceiling Height', 'Maintenance Staff', 'False Ceiling Lighting', 'Water Storage', 'No open drainage around', 'Park', 'Security Personnel', 'Low Density Society', 'Waste Disposal', 'Rain Water Harvesting', 'Club house / Community Center', 'Water softening plant']"
Mathapathi Grand,Gunjur,"['Feng Shui / Vaastu Compliant', 'Security / Fire Alarm', 'Lift(s)', 'Maintenance Staff', 'Water Storage', 'Visitor Parking']"
Mathapathi Grand Field,Varthur,"['Gymnasium', ""Children's Play Area"", 'Swimming Pool', 'Indoor Games', 'Jogging Track', 'Chess', 'Party Lawn', 'Carrom', 'Banquet Hall']"
Mayur Brundavan,Electronics City,"['Security / Fire Alarm', 'Power Back-up', 'Feng Shui / Vaastu Compliant', 'Intercom Facility', 'Lift(s)', 'Maintenance Staff', 'Water Storage', 'Visitor Parking', 'Swimming Pool', 'Park', 'Security Personnel', 'Internet/wi-fi connectivity', 'Fitness Centre / GYM', 'Rain Water Harvesting', 'Club house / Community Center']"
Meda East Woods,Panathur,"['Security / Fire Alarm', 'Feng Shui / Vaastu Compliant', 'Private Garden / Terrace', 'Intercom Facility', 'Lift(s)', 'Centrally Air Conditioned', 'Maintenance Staff', 'Water Storage', 'No open drainage around', 'Recently Renovated', 'Visitor Parking', 'Swimming Pool', 'Park', 'Security Personnel', 'Natural Light', 'Low Density Society', 'Shopping Centre', 'Fitness Centre / GYM', 'Waste Disposal', 'Rain Water Harvesting']"
Meda Ela,Vijaya Bank Layout,"['Swimming Pool', 'No open drainage around', 'Security Personnel', 'Natural Light', 'Airy Rooms', 'Spacious Interiors', 'Fitness Centre / GYM', 'Club house / Community Center']"
Meda Greens,Valagerahalli,"[""Children's Play Area"", 'Basketball Court', 'Park', 'Swimming Pool', 'Jogging Track', 'Club House', 'Amphitheatre', 'Yoga/Meditation Area', 'Gymnasium']"
Meenakshi Vrdhavan,Sector 2 HSR Layout,"['Feng Shui / Vaastu Compliant', 'Lift(s)', 'Water Storage']"
Meridian Park at The Prestige City,V Kallahalli,"['Club House', 'Gymnasium', ""Children's Play Area"", 'Amphitheatre', 'Swimming Pool', 'Jogging Track', 'Mini Theatre', 'Park', 'Yoga/Meditation Area']"
Metro Eleganza,Mahadevapura,"['Security / Fire Alarm', 'Feng Shui / Vaastu Compliant', 'Lift(s)', 'Maintenance Staff', 'Water Storage', 'No open drainage around', 'Bank Attached Property', 'Visitor Parking', 'Park', 'Security Personnel', 'Natural Light', 'Internet/wi-fi connectivity', 'Airy Rooms', 'Spacious Interiors', 'Low Density Society', 'Fitness Centre / GYM', 'Waste Disposal', 'Rain Water Harvesting', 'Club house / Community Center']"
Metropolis Mid Town,Konanakunte,"['Power Back-up', 'Feng Shui / Vaastu Compliant', 'Private Garden / Terrace', 'Intercom Facility', 'Lift(s)', 'Water purifier', 'Maintenance Staff', 'No open drainage around', 'Piped-gas', 'Visitor Parking', 'Swimming Pool', 'Park', 'Security Personnel', 'Natural Light', 'Internet/wi-fi connectivity', 'Spacious Interiors', 'Low Density Society', 'Fitness Centre / GYM', 'Waste Disposal', 'Rain Water Harvesting', 'Club house / Community Center']"
Millionaire Tower,Chikkajala,"['Security / Fire Alarm', 'Feng Shui / Vaastu Compliant', 'Intercom Facility', 'Lift(s)', 'Maintenance Staff', 'Water Storage', 'No open drainage around', 'Visitor Parking', 'Swimming Pool', 'Internet/wi-fi connectivity', 'Shopping Centre', 'Fitness Centre / GYM', 'Waste Disposal', 'Rain Water Harvesting', 'Club house / Community Center']"
Mithra Maanya Mansion,Vidyaranyapura,"['Power Back-up', 'Feng Shui / Vaastu Compliant', 'Security / Fire Alarm', 'Intercom Facility', 'Lift(s)', 'Maintenance Staff', 'Water Storage', 'Park', 'Visitor Parking', 'Security Personnel', 'Water softening plant']"
Mithra Mygate,Arkavathy Layout,"['Feng Shui / Vaastu Compliant', 'Lift(s)', 'Swimming Pool', 'Visitor Parking', 'Security Personnel', 'Fitness Centre / GYM']"
Mittal Elanza,Kogilu,"['Gymnasium', 'Park', 'Club House', ""Children's Play Area"", 'Terrace Garden', 'Golf Course', 'Amphitheatre', 'Swimming Pool', 'Gazebo']"
Mittal Palms,Jakkur,"['Security / Fire Alarm', 'Feng Shui / Vaastu Compliant', 'Intercom Facility', 'Lift(s)', 'High Ceiling Height', 'Maintenance Staff', 'Water Storage', 'No open drainage around', 'Bank Attached Property', 'Visitor Parking', 'Swimming Pool', 'Park', 'Security Personnel', 'Natural Light', 'Airy Rooms', 'Spacious Interiors', 'Low Density Society', 'Shopping Centre', 'Fitness Centre / GYM', 'Waste Disposal', 'Rain Water Harvesting', 'Club house / Community Center', 'Water softening plant']"
Modern Serene Heights,Sarjapur Road,"['Party Lawn', 'Yoga/Meditation Area', 'Car Parking', 'Cricket Pitch', 'Amphitheatre', ""Children's Play Area"", 'Swimming Pool', 'Reflexology Park', 'Gymnasium']"
Modern Soul Tree,Sompura,"['Intercom Facility', 'Lift(s)', 'Swimming Pool', 'Park', 'Fitness Centre / GYM', 'Club house / Community Center', 'Rain Water Harvesting']"
Modern Spaces Engrace Vista,Sarjapur Road,"['Squash Court', 'Badminton Court', 'Club House', ""Children's Play Area"", 'Swimming Pool', 'Park', 'Banquet Hall', 'Multipurpose Hall', 'Gymnasium']"
Monalisa 100 Ft Road Indira Nagar,100 Feet Road Indira Nagar,"['Maintenance Staff', 'Water Storage']"
Monarch Aqua,KR Puram,"['Golf Course', 'Club House', 'Gymnasium', ""Children's Play Area"", 'Amphitheatre', 'Theatre', 'Banquet Hall', 'Mini Theatre', 'Park']"
Monarch Serenity,Thanisandra,"['Security / Fire Alarm', 'Power Back-up', 'Feng Shui / Vaastu Compliant', 'Intercom Facility', 'Lift(s)', 'Maintenance Staff', 'Water Storage', 'Visitor Parking', 'Swimming Pool', 'Park', 'Security Personnel', 'Internet/wi-fi connectivity', 'Fitness Centre / GYM', 'Rain Water Harvesting', 'Club house / Community Center']"
Morning Glory,Kasavanhalli,"['Feng Shui / Vaastu Compliant', 'Security / Fire Alarm', 'Lift(s)', 'Water Storage']"
Mother Elite,Hemmigepura Ward 198,"['Feng Shui / Vaastu Compliant', 'Security / Fire Alarm', 'Lift(s)', 'Piped-gas', 'Visitor Parking', 'Natural Light', 'Airy Rooms', 'Rain Water Harvesting']"
Motwani Fairmount Towers Apartments,Cooke Town,"['Lift(s)', 'Park', 'Maintenance Staff', 'Visitor Parking']"
Mugu,Ashoknagar,"['Feng Shui / Vaastu Compliant', 'Lift(s)', 'Water Storage']"
Mukunda Brundhavan,KR Puram,"['Power Back-up', 'Private Garden / Terrace', 'Intercom Facility', 'Lift(s)', 'High Ceiling Height', 'False Ceiling Lighting', 'Water Storage', 'No open drainage around', 'Bank Attached Property', 'Piped-gas', 'Swimming Pool', 'Security Personnel', 'Natural Light', 'Internet/wi-fi connectivity', 'Airy Rooms', 'Spacious Interiors', 'Low Density Society', 'Fitness Centre / GYM', 'Waste Disposal', 'Rain Water Harvesting', 'Club house / Community Center', 'Water softening plant']"
Mukunda Gokulam,Kadugodi,"['Security / Fire Alarm', 'Feng Shui / Vaastu Compliant', 'Private Garden / Terrace', 'Intercom Facility', 'Lift(s)', 'High Ceiling Height', 'Maintenance Staff', 'False Ceiling Lighting', 'Water Storage', 'Separate entry for servant room', 'No open drainage around', 'Piped-gas', 'Visitor Parking', 'Swimming Pool', 'Park', 'Fitness Centre / GYM', 'Waste Disposal', 'Rain Water Harvesting', 'Club house / Community Center']"
Mukunda Nandanam,Kodigehalli,"['Security / Fire Alarm', 'Maintenance Staff', 'Swimming Pool', 'Water Storage', 'No open drainage around', 'Park', 'Piped-gas', 'Visitor Parking', 'Internet/wi-fi connectivity', 'Club house / Community Center', 'Rain Water Harvesting', 'Water softening plant']"
Mukundam,Ayyappa Nagar,"['Security / Fire Alarm', 'Intercom Facility', 'Lift(s)', 'Maintenance Staff', 'Water Storage', 'Separate entry for servant room', 'No open drainage around', 'Piped-gas', 'Swimming Pool', 'Park', 'Security Personnel', 'Fitness Centre / GYM', 'Waste Disposal', 'Rain Water Harvesting', 'Club house / Community Center', 'Water softening plant']"
Mukundam Gokulam,Whitefield,"['Feng Shui / Vaastu Compliant', 'Intercom Facility', 'Lift(s)', 'Swimming Pool', 'Park', 'Piped-gas', 'Fitness Centre / GYM', 'Club house / Community Center', 'Rain Water Harvesting']"
Muppiri Pursuit of Happiness,JP Nagar,"['Park', 'Library', 'Mini Theatre', 'Club House', 'Banquet Hall', 'Gymnasium', ""Children's Play Area"", 'Jogging Track', 'Swimming Pool']"
Murari Classic,Electronics City Phase 1,"['Power Back-up', 'Feng Shui / Vaastu Compliant', 'Security / Fire Alarm', 'Intercom Facility', 'Lift(s)', 'Swimming Pool', 'Maintenance Staff', 'Water Storage', 'Security Personnel', 'Fitness Centre / GYM', 'Club house / Community Center', 'Rain Water Harvesting']"
Myhna Heights,Whitefield,"['Feng Shui / Vaastu Compliant', 'Intercom Facility', 'Lift(s)', 'High Ceiling Height', 'False Ceiling Lighting', 'Swimming Pool', 'No open drainage around', 'Park', 'Piped-gas', 'Internet/wi-fi connectivity', 'Fitness Centre / GYM', 'Club house / Community Center']"
Myhna Maple,Varthur,"['Feng Shui / Vaastu Compliant', 'Intercom Facility', 'Lift(s)', 'Swimming Pool', 'Park', 'Fitness Centre / GYM', 'Club house / Community Center', 'Rain Water Harvesting']"
Mystery Laxmi Narayan,Ramaiah Layout,"['Feng Shui / Vaastu Compliant', 'Lift(s)']"
Mythri Arteor,Bannerghatta Road,"['Security / Fire Alarm', 'Power Back-up', 'Feng Shui / Vaastu Compliant', 'Intercom Facility', 'Lift(s)', 'Maintenance Staff', 'Water Storage', 'Piped-gas', 'Visitor Parking', 'Swimming Pool', 'Park', 'Security Personnel', 'Natural Light', 'Internet/wi-fi connectivity', 'Fitness Centre / GYM', 'Rain Water Harvesting', 'Club house / Community Center', 'Water softening plant']"
Mythri Sapphire,Chikkakannalli,"['Intercom Facility', 'Lift(s)', 'High Ceiling Height', 'False Ceiling Lighting', 'No open drainage around', 'Swimming Pool', 'Park', 'Security Personnel', 'Natural Light', 'Internet/wi-fi connectivity', 'Airy Rooms', 'Spacious Interiors', 'Low Density Society', 'Shopping Centre', 'Fitness Centre / GYM', 'Waste Disposal', 'Rain Water Harvesting', 'Club house / Community Center', 'Water softening plant']"
NCC Nagarjuna Aster Park,Yelahanka,"['Power Back-up', 'Feng Shui / Vaastu Compliant', 'Intercom Facility', 'Lift(s)', 'Maintenance Staff', 'No open drainage around', 'Piped-gas', 'Swimming Pool', 'Park', 'Security Personnel', 'Natural Light', 'Internet/wi-fi connectivity', 'Spacious Interiors', 'Fitness Centre / GYM', 'Rain Water Harvesting', 'Club house / Community Center', 'Water softening plant']"
NCC Urban Mayfair,Yelahanka,"['Security / Fire Alarm', 'Feng Shui / Vaastu Compliant', 'Intercom Facility', 'Lift(s)', 'Maintenance Staff', 'Water Storage', 'Piped-gas', 'Visitor Parking', 'Swimming Pool', 'Park', 'Security Personnel', 'Natural Light', 'Airy Rooms', 'Fitness Centre / GYM', 'Waste Disposal', 'Rain Water Harvesting', 'Club house / Community Center', 'Water softening plant']"
NCC Urban Nagarjuna Serene,Marathahalli,"['Power Back-up', 'Intercom Facility', 'Lift(s)', 'Swimming Pool', 'Park', 'Fitness Centre / GYM', 'Club house / Community Center', 'Rain Water Harvesting', 'Water softening plant']"
NCI MBR Labele,Vijaya Bank Layout,"['Feng Shui / Vaastu Compliant', 'Security / Fire Alarm', 'Lift(s)', 'Maintenance Staff', 'Swimming Pool', 'Water Storage', 'No open drainage around', 'Visitor Parking', 'Natural Light', 'Airy Rooms', 'Fitness Centre / GYM', 'Club house / Community Center']"
NCN Swasthi,Kacharakanahalli,"['Feng Shui / Vaastu Compliant', 'Security / Fire Alarm', 'Intercom Facility', 'Lift(s)', 'Maintenance Staff', 'Water Storage']"
ND Gipfel,Kalena Agrahara,"['Feng Shui / Vaastu Compliant', 'Intercom Facility', 'Lift(s)', 'Maintenance Staff', 'Swimming Pool', 'Park', 'Security Personnel', 'Fitness Centre / GYM', 'Club house / Community Center', 'Rain Water Harvesting', 'Water softening plant']"
NN Homes Lake Side View,Kereguddadahalli,"['Feng Shui / Vaastu Compliant', 'Security / Fire Alarm', 'Maintenance Staff', 'Water Storage', 'Park']"
NR Orchid Gardenia,Rachenahalli,"['Power Back-up', 'Feng Shui / Vaastu Compliant', 'Intercom Facility', 'Lift(s)', 'High Ceiling Height', 'Maintenance Staff', 'No open drainage around', 'Piped-gas', 'Visitor Parking', 'Swimming Pool', 'Park', 'Security Personnel', 'Natural Light', 'Airy Rooms', 'Spacious Interiors', 'Shopping Centre', 'Fitness Centre / GYM', 'Waste Disposal', 'Rain Water Harvesting', 'Club house / Community Center', 'Water softening plant']"
NR Prime,Domlur,"['Security / Fire Alarm', 'Lift(s)', 'Maintenance Staff', 'Water Storage', 'Visitor Parking', 'Fitness Centre / GYM', 'Waste Disposal', 'Rain Water Harvesting']"
NR Springwoods,Telecom Layout,"['Feng Shui / Vaastu Compliant', 'Security / Fire Alarm', 'Lift(s)', 'Maintenance Staff', 'Water Storage', 'Park', 'Visitor Parking']"
NR Windgates,Chokkanahalli,"['Lift(s)', 'Swimming Pool', 'Piped-gas', 'Park', 'Club house / Community Center', 'Fitness Centre / GYM']"
NVR Sun Pearl,Kadugodi,"['Power Back-up', 'Intercom Facility', 'Lift(s)', 'Swimming Pool', 'Park', 'Fitness Centre / GYM', 'Club house / Community Center', 'Rain Water Harvesting']"
Nakshatra Comforts,Kaveri Nagar,"['Security / Fire Alarm', 'Lift(s)', 'Water Storage', 'Visitor Parking']"
Nambiar Millennia,Sarjapur Road,"['Yoga/Meditation Area', ""Children's Play Area"", 'Jogging Track', 'Badminton Court', 'Skating Rink', 'Gymnasium', 'Club House', 'Swimming Pool', 'Amphitheatre']"
Nanda Crest Apartments,Gubbalala,"['Security / Fire Alarm', 'Feng Shui / Vaastu Compliant', 'Intercom Facility', 'Lift(s)', 'Maintenance Staff', 'Water Storage', 'No open drainage around', 'Bank Attached Property', 'Visitor Parking', 'Park', 'Security Personnel', 'Natural Light', 'Internet/wi-fi connectivity', 'Airy Rooms', 'Low Density Society', 'Shopping Centre', 'Waste Disposal', 'Rain Water Harvesting']"
Nanda Residency,OMBR Layout,"['Security / Fire Alarm', 'Lift(s)', 'Maintenance Staff', 'Water Storage', 'Visitor Parking']"
Nandhi,Narayana Nagar 3rd Block,"['Feng Shui / Vaastu Compliant', 'Lift(s)', 'Water Storage']"
Nandhi Abode,Rajarajeshwari Nagar,"['Security / Fire Alarm', 'Lift(s)', 'No open drainage around', 'Piped-gas', 'Natural Light', 'Airy Rooms', 'Rain Water Harvesting']"
Nandhi Enclave,Kamakya Layout,['Water Storage']
Nandhi Paradise,Vijayashree Layout,"['Security / Fire Alarm', 'Lift(s)']"
Nandhi Prakruthi Solitaire,Electronics City,"['Intercom Facility', 'Lift(s)', 'High Ceiling Height', 'Swimming Pool', 'Park', 'Security Personnel', 'Natural Light', 'Internet/wi-fi connectivity', 'Airy Rooms', 'Spacious Interiors', 'Fitness Centre / GYM', 'Rain Water Harvesting', 'Club house / Community Center', 'Water softening plant']"
Nandi,Anjanapura,"['Feng Shui / Vaastu Compliant', 'Lift(s)', 'Water Storage']"
Nandi Citadel,Bannerghatta Road,"['Power Back-up', 'Lift(s)', 'No open drainage around', 'Piped-gas', 'Swimming Pool', 'Park', 'Security Personnel', 'Low Density Society', 'Fitness Centre / GYM', 'Waste Disposal', 'Rain Water Harvesting', 'Club house / Community Center', 'Water softening plant']"
Nandi Everest Homes,Narayana Nagar 3rd Block,"['Feng Shui / Vaastu Compliant', 'Security / Fire Alarm', 'Intercom Facility', 'Lift(s)']"
Nandi Meraki,Nobel Residency,"['Amphitheatre', 'Park', 'Mini Theatre', 'Natural Pond', 'Club House', 'Banquet Hall', 'Gymnasium', ""Children's Play Area"", 'Swimming Pool']"
Nandi Shelters,Jayanagar Housing Society Layout,"['Security / Fire Alarm', 'Feng Shui / Vaastu Compliant', 'Intercom Facility', 'Lift(s)', 'Water purifier', 'Maintenance Staff', 'Water Storage', 'Swimming Pool', 'Park', 'Security Personnel', 'Internet/wi-fi connectivity', 'Spacious Interiors', 'Fitness Centre / GYM', 'Rain Water Harvesting', 'Club house / Community Center', 'Water softening plant']"
Narayan Villa,4th Temple Street,"['Feng Shui / Vaastu Compliant', 'Lift(s)']"
Narya 5 Elements,Belathur,"['Security / Fire Alarm', 'Feng Shui / Vaastu Compliant', 'Lift(s)', 'Water purifier', 'Maintenance Staff', 'False Ceiling Lighting', 'Water Storage', 'No open drainage around', 'Visitor Parking', 'Swimming Pool', 'Park', 'Security Personnel', 'Natural Light', 'Internet/wi-fi connectivity', 'Airy Rooms', 'Spacious Interiors', 'Low Density Society', 'Fitness Centre / GYM', 'Rain Water Harvesting', 'Club house / Community Center', 'Water softening plant']"
Nature Residency,MM Layout,"['Security / Fire Alarm', 'High Ceiling Height', 'Visitor Parking']"
Navami Akshai,Basaveshwara Nagar,['Water Storage']
Navami Chamara Heights,Mysore Road,"['Security / Fire Alarm', 'Feng Shui / Vaastu Compliant', 'Intercom Facility', 'Lift(s)', 'High Ceiling Height', 'Maintenance Staff', 'Water Storage', 'No open drainage around', 'Piped-gas', 'Visitor Parking', 'Swimming Pool', 'Park', 'Security Personnel', 'Natural Light', 'Internet/wi-fi connectivity', 'Airy Rooms', 'Spacious Interiors', 'Low Density Society', 'Shopping Centre', 'Fitness Centre / GYM', 'Rain Water Harvesting', 'Club house / Community Center', 'Water softening plant']"
Navami Funique,Hosa Road,"['Power Back-up', 'Lift(s)', 'High Ceiling Height', 'Recently Renovated', 'Bank Attached Property', 'Piped-gas', 'Swimming Pool', 'Park', 'Security Personnel', 'Natural Light', 'Airy Rooms', 'Spacious Interiors', 'Low Density Society', 'Fitness Centre / GYM', 'Rain Water Harvesting', 'Club house / Community Center', 'Water softening plant']"
Navami Landmark,Rajarajeshwari Nagar,"['Intercom Facility', 'Lift(s)', 'High Ceiling Height', 'Piped-gas', 'Swimming Pool', 'Park', 'Security Personnel', 'Natural Light', 'Shopping Centre', 'Fitness Centre / GYM', 'Rain Water Harvesting', 'Club house / Community Center', 'Water softening plant']"
Navitha Silver Woods,Hemmigepura,"['Security / Fire Alarm', 'Intercom Facility', 'Lift(s)', 'Maintenance Staff', 'Water Storage', 'Visitor Parking']"
Neeladri Mahal,Jayamahal,"['Security / Fire Alarm', 'Lift(s)', 'Water Storage', 'Visitor Parking']"
Neeladri Price,Rajarajeshwari Nagar,"['Feng Shui / Vaastu Compliant', 'Security / Fire Alarm', 'Lift(s)', 'Maintenance Staff', 'Park', 'Visitor Parking']"
Nestcons Iris,Yelahanka,"['Solar Lighting', '24/7 Power Backup', 'Gymnasium', 'Vastu Compliant', ""Children's Play Area"", 'Car Parking', 'Lifts', 'Gated Community', 'Party Lawn']"
New Dimensions Fifth Element,Gunjur,"['Lift(s)', 'Park', 'Security Personnel', 'Natural Light', 'Airy Rooms', 'Fitness Centre / GYM', 'Club house / Community Center', 'Waste Disposal', 'Rain Water Harvesting']"
New Haven by Tata Value Homes,Dasanapura,"['Feng Shui / Vaastu Compliant', 'Intercom Facility', 'Lift(s)', 'Maintenance Staff', 'Swimming Pool', 'Park', 'Security Personnel', 'Shopping Centre', 'Fitness Centre / GYM', 'Club house / Community Center', 'Rain Water Harvesting']"
New India Tanzanite,Yelahanka,"['Security / Fire Alarm', 'Feng Shui / Vaastu Compliant', 'Lift(s)', 'Maintenance Staff', 'Water Storage', 'No open drainage around', 'Piped-gas', 'Visitor Parking', 'Swimming Pool', 'Park', 'Security Personnel', 'Fitness Centre / GYM', 'Waste Disposal', 'Club house / Community Center']"
New Name,Abbaiah Reddy Layout,"['Feng Shui / Vaastu Compliant', 'Security / Fire Alarm', 'Intercom Facility', 'Lift(s)', 'Maintenance Staff', 'Water Storage', 'Park', 'Visitor Parking']"
New One,Ideal Homes Layout,['Maintenance Staff']
Nikoo Homes,Kogilu,"['Feng Shui / Vaastu Compliant', 'Intercom Facility', 'Lift(s)', 'Maintenance Staff', 'Piped-gas', 'Swimming Pool', 'Park', 'Security Personnel', 'Shopping Centre', 'Fitness Centre / GYM', 'Rain Water Harvesting', 'Club house / Community Center', 'Water softening plant']"
Nirmaanika Advaita,Devasthanagalu,"['Feng Shui / Vaastu Compliant', 'Security / Fire Alarm', 'Intercom Facility', 'Lift(s)', 'Maintenance Staff', 'Water Storage', 'Park', 'Visitor Parking']"
Nirman Nydhile Residency,Jyothi Nagar,"['Water purifier', 'Feng Shui / Vaastu Compliant', 'Private Garden / Terrace', 'Intercom Facility', 'Lift(s)', 'High Ceiling Height', 'Maintenance Staff', 'Water Storage', 'No open drainage around', 'Bank Attached Property', 'Piped-gas', 'Internet/wi-fi connectivity', 'Recently Renovated', 'Visitor Parking', 'Swimming Pool', 'Park', 'Security Personnel', 'Natural Light', 'Airy Rooms', 'Waste Disposal', 'Rain Water Harvesting', 'Water softening plant', 'Shopping Centre', 'Fitness Centre / GYM', 'Club house / Community Center']"
Nisarga Residency,Electronics City Phase 2,"['Feng Shui / Vaastu Compliant', 'Security / Fire Alarm', 'Intercom Facility', 'Lift(s)', 'Maintenance Staff', 'Water Storage', 'Visitor Parking']"
Nisarga Sarovara Chandapura,Suryanagar Phase I,"['Security / Fire Alarm', 'Feng Shui / Vaastu Compliant', 'Lift(s)', 'Maintenance Staff', 'Water Storage', 'No open drainage around', 'Bank Attached Property', 'Visitor Parking', 'Swimming Pool', 'Park', 'Security Personnel', 'Natural Light', 'Airy Rooms', 'Spacious Interiors', 'Low Density Society', 'Shopping Centre', 'Waste Disposal', 'Rain Water Harvesting', 'Club house / Community Center', 'Water softening plant']"
Nishchith Homes,Hennur Road,['Lift(s)']
Nitesh Central Park,Vinayak Nagar,"['Security / Fire Alarm', 'Feng Shui / Vaastu Compliant', 'Intercom Facility', 'Lift(s)', 'Maintenance Staff', 'Piped-gas', 'Visitor Parking', 'Swimming Pool', 'Park', 'Security Personnel', 'Internet/wi-fi connectivity', 'Fitness Centre / GYM', 'Rain Water Harvesting', 'Club house / Community Center', 'Water softening plant']"
Novie Classic,Kanaka Nagar,"['Security / Fire Alarm', 'Water Storage', 'Park', 'Visitor Parking']"
Oasis NE,ISRO Layout,"['Power Back-up', 'Swimming Pool', 'Park', 'Fitness Centre / GYM', 'Club house / Community Center']"
Oceanus Greendale Phase 1,Ashirvad Colony,"['Power Back-up', 'Intercom Facility', 'Lift(s)', 'Swimming Pool', 'Maintenance Staff', 'Security Personnel', 'Fitness Centre / GYM', 'Club house / Community Center']"
Ohana,Medahalli,"['Security / Fire Alarm', 'Power Back-up', 'Feng Shui / Vaastu Compliant', 'Lift(s)', 'Maintenance Staff', 'Water Storage', 'No open drainage around', 'Recently Renovated', 'Piped-gas', 'Swimming Pool', 'Park', 'Security Personnel', 'Natural Light', 'Internet/wi-fi connectivity', 'Airy Rooms', 'Spacious Interiors', 'Fitness Centre / GYM', 'Waste Disposal', 'Rain Water Harvesting', 'Club house / Community Center']"
Olety Landmark,VHBCS Layout,"['Security / Fire Alarm', 'Feng Shui / Vaastu Compliant', 'Private Garden / Terrace', 'Intercom Facility', 'Lift(s)', 'Centrally Air Conditioned', 'Water purifier', 'Maintenance Staff', 'Water Storage', 'Piped-gas', 'Swimming Pool', 'Security Personnel', 'Internet/wi-fi connectivity', 'Fitness Centre / GYM', 'Rain Water Harvesting', 'Club house / Community Center']"
Omkar Blossom,Visthar,"['Feng Shui / Vaastu Compliant', 'Security / Fire Alarm', 'Intercom Facility', 'Lift(s)', 'Water Storage', 'Park', 'Piped-gas', 'Fitness Centre / GYM']"
On Request,Channasandra,"['Security / Fire Alarm', 'Feng Shui / Vaastu Compliant', 'Intercom Facility', 'Lift(s)', 'Maintenance Staff', 'Water Storage', 'No open drainage around', 'Visitor Parking', 'Swimming Pool', 'Park', 'Security Personnel', 'Natural Light', 'Airy Rooms', 'Spacious Interiors', 'Low Density Society', 'Shopping Centre', 'Fitness Centre / GYM', 'Waste Disposal', 'Rain Water Harvesting', 'Club house / Community Center', 'Water softening plant']"
Orchid Greens,Hennur Road,"['Lift(s)', 'Maintenance Staff', 'Swimming Pool', 'Park', 'Security Personnel', 'Internet/wi-fi connectivity', 'Fitness Centre / GYM', 'Club house / Community Center', 'Rain Water Harvesting']"
Orchid Piccadilly,Thirumenahalli,"['Security / Fire Alarm', 'Power Back-up', 'Feng Shui / Vaastu Compliant', 'Private Garden / Terrace', 'Intercom Facility', 'Lift(s)', 'High Ceiling Height', 'Maintenance Staff', 'Water Storage', 'Piped-gas', 'Visitor Parking', 'Swimming Pool', 'Park', 'Security Personnel', 'Natural Light', 'Airy Rooms', 'Spacious Interiors', 'Fitness Centre / GYM', 'Rain Water Harvesting', 'Club house / Community Center']"
Oriana Apartment,Krishnappa Garden,"['Feng Shui / Vaastu Compliant', 'Security / Fire Alarm', 'Lift(s)', 'High Ceiling Height', 'Maintenance Staff', 'Water Storage', 'Piped-gas', 'Security Personnel', 'Natural Light', 'Spacious Interiors']"
Ozone Evergreens,Sector 1 HSR Layout,"['Security / Fire Alarm', 'Feng Shui / Vaastu Compliant', 'Intercom Facility', 'Lift(s)', 'High Ceiling Height', 'Maintenance Staff', 'Water Storage', 'Visitor Parking', 'Swimming Pool', 'Park', 'Security Personnel', 'Fitness Centre / GYM', 'Rain Water Harvesting', 'Club house / Community Center', 'Water softening plant']"
Ozone Urbana,Devanahalli,"['Lift(s)', 'Swimming Pool', 'Water Storage', 'No open drainage around', 'Park', 'Shopping Centre', 'Fitness Centre / GYM', 'Club house / Community Center', 'Waste Disposal', 'Rain Water Harvesting']"
Ozone Urbana Aqua,Udayagiri,"['Feng Shui / Vaastu Compliant', 'Lift(s)', 'Maintenance Staff', 'Swimming Pool', 'Park', 'Visitor Parking', 'Fitness Centre / GYM', 'Club house / Community Center']"
Ozone Urbana Belvedere,Devanahalli,['Shopping Centre']
PSR Heritage,Chola Nagar,"['Feng Shui / Vaastu Compliant', 'Security / Fire Alarm', 'Lift(s)', 'High Ceiling Height', 'Maintenance Staff', 'Water Storage', 'No open drainage around', 'Recently Renovated', 'Natural Light', 'Airy Rooms', 'Spacious Interiors', 'Waste Disposal']"
PSR Nandanam,Devanahalli,"['Swimming Pool', 'Maintenance Staff', 'Water Storage', 'Park', 'Fitness Centre / GYM', 'Club house / Community Center', 'Rain Water Harvesting']"
Palms Groves,Naganaikanahalli,"['Security / Fire Alarm', 'Feng Shui / Vaastu Compliant', 'Lift(s)', 'Maintenance Staff', 'Water Storage', 'Visitor Parking', 'Swimming Pool', 'Park', 'Security Personnel', 'Natural Light', 'Airy Rooms', 'Fitness Centre / GYM', 'Rain Water Harvesting', 'Club house / Community Center', 'Water softening plant']"
Paradise at Brigade Cornerstone Utopia,Varthur,"['Intercom Facility', 'Lift(s)', 'Swimming Pool', 'Fitness Centre / GYM', 'Club house / Community Center', 'Rain Water Harvesting']"
Paranjape Wind Fields,Kempapura,"['Security / Fire Alarm', 'Lift(s)', 'Maintenance Staff', 'Park', 'Visitor Parking']"
Paras Mane,Kengeri,"['Security / Fire Alarm', 'Lift(s)', 'Water Storage', 'Park']"
Parijnan Apartments,Srirampuram,"['Security / Fire Alarm', 'Lift(s)', 'Water Storage']"
Pariwar Passion,Doddakammanahalli,"['Security / Fire Alarm', 'Intercom Facility', 'Lift(s)', 'Maintenance Staff', 'Water Storage', 'Visitor Parking', 'Swimming Pool', 'Park', 'Security Personnel', 'Natural Light', 'Internet/wi-fi connectivity', 'Airy Rooms', 'Spacious Interiors', 'Fitness Centre / GYM', 'Waste Disposal', 'Rain Water Harvesting', 'Club house / Community Center']"
Park West Maple 2,Binny Pete,"['Security / Fire Alarm', 'Feng Shui / Vaastu Compliant', 'Intercom Facility', 'Lift(s)', 'Maintenance Staff', 'Water Storage', 'Piped-gas', 'Visitor Parking', 'Swimming Pool', 'Park', 'Security Personnel', 'Natural Light', 'Internet/wi-fi connectivity', 'Spacious Interiors', 'Shopping Centre', 'Fitness Centre / GYM', 'Club house / Community Center', 'Water softening plant']"
Parkway Homes,Begur,"['Power Back-up', 'Lift(s)', 'Swimming Pool', 'Park', 'Shopping Centre', 'Fitness Centre / GYM', 'Club house / Community Center']"
Passion Elite 2,Electronics City,"['Feng Shui / Vaastu Compliant', 'High Ceiling Height', 'No open drainage around', 'Park', 'Security Personnel', 'Natural Light', 'Internet/wi-fi connectivity', 'Low Density Society', 'Fitness Centre / GYM', 'Club house / Community Center', 'Waste Disposal', 'Rain Water Harvesting']"
Patel Smondo 2,Thirupalya,"['Security / Fire Alarm', 'Power Back-up', 'Feng Shui / Vaastu Compliant', 'Private Garden / Terrace', 'Intercom Facility', 'Lift(s)', 'Maintenance Staff', 'False Ceiling Lighting', 'Water Storage', 'No open drainage around', 'Bank Attached Property', 'Internet/wi-fi connectivity', 'Recently Renovated', 'Visitor Parking', 'Swimming Pool', 'Park', 'Security Personnel', 'Natural Light', 'Airy Rooms', 'Low Density Society', 'Waste Disposal', 'Rain Water Harvesting', 'Water softening plant', 'Fitness Centre / GYM', 'Club house / Community Center']"
Patel Smondoville,Electronics City,"['Security / Fire Alarm', 'Feng Shui / Vaastu Compliant', 'Intercom Facility', 'Lift(s)', 'Maintenance Staff', 'Water Storage', 'No open drainage around', 'Piped-gas', 'Visitor Parking', 'Swimming Pool', 'Park', 'Security Personnel', 'Natural Light', 'Airy Rooms', 'Shopping Centre', 'Fitness Centre / GYM', 'Waste Disposal', 'Rain Water Harvesting', 'Club house / Community Center', 'Water softening plant']"
Patels Nest,Dasarahalli,"['Feng Shui / Vaastu Compliant', 'Security / Fire Alarm', 'Lift(s)', 'High Ceiling Height', 'Maintenance Staff', 'Water Storage', 'No open drainage around', 'Park', 'Visitor Parking', 'Security Personnel', 'Rain Water Harvesting']"
Patil Builder,Vidyaranyapura,"['Feng Shui / Vaastu Compliant', 'Security / Fire Alarm', 'Intercom Facility', 'Lift(s)', 'Maintenance Staff', 'Water Storage', 'Visitor Parking']"
Pavani Mirabilia,Whitefield,"['Club House', 'Gymnasium', ""Children's Play Area"", 'Amphitheatre', 'Swimming Pool', 'Banquet Hall', 'Jogging Track', 'Basketball Court', 'Park']"
Payal Palace,KHB Colony,"['Security / Fire Alarm', 'Lift(s)', 'Maintenance Staff', 'Water Storage', 'Security Personnel']"
Peace Sapphire,Vijayanagar,"['Power Back-up', 'Lift(s)', 'Fitness Centre / GYM', 'Club house / Community Center', 'Rain Water Harvesting']"
Pebble Bay,Ramakrishnappa Layout,"['Security / Fire Alarm', 'Power Back-up', 'Feng Shui / Vaastu Compliant', 'Intercom Facility', 'Lift(s)', 'Maintenance Staff', 'Water Storage', 'Visitor Parking', 'Swimming Pool', 'Park', 'Shopping Centre', 'Fitness Centre / GYM', 'Rain Water Harvesting', 'Club house / Community Center']"
Peepal Floret,Thubarahalli,"['Feng Shui / Vaastu Compliant', 'Security / Fire Alarm', 'Lift(s)', 'Water Storage']"
Periyar Nagar,Ambedkar Layout,"['Water Storage', 'Visitor Parking']"
Perody Classic,Vijaya Bank Layout,"['Feng Shui / Vaastu Compliant', 'Security / Fire Alarm', 'Lift(s)', 'Swimming Pool', 'Water Storage', 'Visitor Parking', 'Security Personnel', 'Natural Light', 'Fitness Centre / GYM', 'Club house / Community Center', 'Waste Disposal', 'Rain Water Harvesting']"
Phoenix Kessaku,Rajajinagar,"['Security / Fire Alarm', 'Power Back-up', 'Intercom Facility', 'Lift(s)', 'Maintenance Staff', 'Water Storage', 'Piped-gas', 'Visitor Parking', 'Swimming Pool', 'Park', 'Security Personnel', 'Shopping Centre', 'Fitness Centre / GYM', 'Rain Water Harvesting', 'Club house / Community Center', 'Water softening plant']"
Phoenix One Bangalore West,Rajajinagar,"['Security / Fire Alarm', 'Feng Shui / Vaastu Compliant', 'Private Garden / Terrace', 'Intercom Facility', 'Lift(s)', 'Centrally Air Conditioned', 'Water purifier', 'Maintenance Staff', 'Water Storage', 'Bank Attached Property', 'Piped-gas', 'Visitor Parking', 'Swimming Pool', 'Park', 'Security Personnel', 'Internet/wi-fi connectivity', 'Shopping Centre', 'Fitness Centre / GYM', 'Waste Disposal', 'Rain Water Harvesting', 'Club house / Community Center', 'Water softening plant']"
Pioneer Planet,Nagadevanahalli,"['Security / Fire Alarm', 'Lift(s)', 'No open drainage around', 'Visitor Parking', 'Security Personnel', 'Natural Light', 'Airy Rooms', 'Spacious Interiors', 'Low Density Society']"
Pioneer Sunblossom,Neeladri Nagar,"['Power Back-up', 'Feng Shui / Vaastu Compliant', 'Intercom Facility', 'Lift(s)', 'Park', 'Fitness Centre / GYM', 'Club house / Community Center', 'Rain Water Harvesting']"
Plata Exotica,Kengeri,"['Security / Fire Alarm', 'Power Back-up', 'Feng Shui / Vaastu Compliant', 'Intercom Facility', 'Lift(s)', 'Maintenance Staff', 'Visitor Parking', 'Swimming Pool', 'Park', 'Security Personnel', 'Fitness Centre / GYM', 'Rain Water Harvesting', 'Club house / Community Center']"
Platinum East Woods,Whitefield,"[""Children's Play Area"", 'Park', 'Gymnasium', 'Terrace Garden', 'Jogging Track', 'Basketball Court', 'Skating Rink', 'Banquet Hall', 'Swimming Pool']"
Platinum East Woods Whitefield,Sarjapur Road,"['Basketball Court', 'Banquet Hall', 'Skating Rink', ""Children's Play Area"", 'Gymnasium', 'Swimming Pool', 'Park', 'Terrace Garden', 'Jogging Track']"
Platinum Picasso,Vyalikaval HBCS Layout,"['Security / Fire Alarm', 'Feng Shui / Vaastu Compliant', 'Intercom Facility', 'Lift(s)', 'Water purifier', 'Maintenance Staff', 'Water Storage', 'No open drainage around', 'Piped-gas', 'Visitor Parking', 'Park', 'Security Personnel', 'Natural Light', 'Waste Disposal']"
Pooja Mandir Apartment,NGEF Layout,['Lift(s)']
Pooja Nakshatra Apartment,Uttarahalli,"['Security / Fire Alarm', 'Intercom Facility', 'Lift(s)', 'Maintenance Staff']"
Poornaprajna Housing Society,Uttarahalli,"['Feng Shui / Vaastu Compliant', 'Private Garden / Terrace', 'High Ceiling Height', 'Natural Light', 'Airy Rooms', 'Spacious Interiors']"
Poorvi Enchanting,Chikkanayakanahalli,"['Golf Course', 'Amphitheatre', 'Yoga/Meditation Area', 'Gazebo', 'Skating Rink', 'Banquet Hall', 'Gymnasium', ""Children's Play Area"", 'Swimming Pool']"
Prabhavathi Comforts,Begur,"['Feng Shui / Vaastu Compliant', 'Security / Fire Alarm', 'Lift(s)', 'Maintenance Staff', 'Water Storage', 'No open drainage around', 'Bank Attached Property', 'Piped-gas', 'Visitor Parking', 'Natural Light', 'Spacious Interiors', 'Waste Disposal']"
Prabhavathi Divine,Bhagyalakshmi Avenue,"['Feng Shui / Vaastu Compliant', 'Security / Fire Alarm', 'Lift(s)', 'Maintenance Staff', 'Water Storage', 'Natural Light', 'Airy Rooms', 'Fitness Centre / GYM']"
Prabhavathi Paramount,Electronics City Phase 2,"['Feng Shui / Vaastu Compliant', 'Security / Fire Alarm', 'Intercom Facility', 'Lift(s)', 'Maintenance Staff', 'Water Storage', 'Visitor Parking']"
Prabhavathi Residency 1,Sugama Layout,"['Lift(s)', 'Maintenance Staff', 'Security Personnel', 'Fitness Centre / GYM', 'Club house / Community Center']"
Prabhavathi Ridge,Rukmaiah Layout,['Fitness Centre / GYM']
Prabhavathi Square,Maruthi Layout,"['Security / Fire Alarm', 'Feng Shui / Vaastu Compliant', 'Lift(s)', 'High Ceiling Height', 'Maintenance Staff', 'Water Storage', 'No open drainage around', 'Visitor Parking', 'Security Personnel', 'Natural Light', 'Airy Rooms', 'Spacious Interiors', 'Low Density Society', 'Waste Disposal']"
Pradyuthi Residency,Basaveshwara Nagar,"['Feng Shui / Vaastu Compliant', 'Intercom Facility', 'Lift(s)', 'Visitor Parking']"
Prakruthi,Tindlu,['Natural Light']
Prakruthi Aria,Narayana Nagar 3rd Block,"['Feng Shui / Vaastu Compliant', 'Intercom Facility', 'Lift(s)', 'Maintenance Staff', 'Water Storage', 'Visitor Parking']"
Prakruthi Chandana,Amruthahalli,"['Feng Shui / Vaastu Compliant', 'Security / Fire Alarm', 'Lift(s)', 'Maintenance Staff', 'Water Storage', 'Internet/wi-fi connectivity', 'Shopping Centre', 'Fitness Centre / GYM', 'Waste Disposal', 'Rain Water Harvesting', 'Water softening plant']"
Prakruthi Elite,Channasandra,"['Security / Fire Alarm', 'Lift(s)', 'No open drainage around', 'Visitor Parking', 'Security Personnel', 'Internet/wi-fi connectivity', 'Rain Water Harvesting']"
Prakruthi Marquis,Banashankari Stage 2,"['Feng Shui / Vaastu Compliant', 'Security / Fire Alarm', 'Intercom Facility', 'Lift(s)', 'Maintenance Staff', 'Water Storage', 'Visitor Parking']"
Prakruthi Providence Crest,Tata Nagar,"['Feng Shui / Vaastu Compliant', 'Security / Fire Alarm', 'Lift(s)', 'Maintenance Staff', 'Park', 'Security Personnel', 'Natural Light', 'Airy Rooms', 'Spacious Interiors', 'Fitness Centre / GYM', 'Club house / Community Center']"
Prakruthi Reflection,NR Colony,"['Feng Shui / Vaastu Compliant', 'Security / Fire Alarm', 'Intercom Facility', 'Lift(s)', 'Maintenance Staff', 'Water Storage', 'Park']"
Pravara Elegance,Mallathahalli,"['Lift(s)', 'Water Storage', 'Visitor Parking']"
Premium,Malleshwaram,"['Security / Fire Alarm', 'Feng Shui / Vaastu Compliant', 'Intercom Facility', 'Lift(s)', 'Maintenance Staff', 'Water Storage', 'Separate entry for servant room', 'Visitor Parking', 'Swimming Pool', 'Park', 'Shopping Centre', 'Fitness Centre / GYM', 'Waste Disposal', 'Rain Water Harvesting', 'Water softening plant']"
Prestige Aspen Greens,Sarjapur,"['Security / Fire Alarm', 'Intercom Facility', 'Lift(s)', 'Maintenance Staff', 'Swimming Pool', 'Water Storage', 'Park', 'Visitor Parking', 'Fitness Centre / GYM', 'Club house / Community Center']"
Prestige Aston Park,Sarjapur,"['Security / Fire Alarm', 'Feng Shui / Vaastu Compliant', 'Intercom Facility', 'Lift(s)', 'Maintenance Staff', 'Water Storage', 'Visitor Parking', 'Swimming Pool', 'Park', 'Security Personnel', 'Natural Light', 'Airy Rooms', 'Shopping Centre', 'Fitness Centre / GYM', 'Rain Water Harvesting', 'Club house / Community Center']"
Prestige Bagamane Temple Bells,Rajarajeshwari Nagar,"['Centrally Air Conditioned', 'Security / Fire Alarm', 'Feng Shui / Vaastu Compliant', 'Private Garden / Terrace', 'Lift(s)', 'Maintenance Staff', 'Water Storage', 'No open drainage around', 'Bank Attached Property', 'Piped-gas', 'Internet/wi-fi connectivity', 'Recently Renovated', 'Visitor Parking', 'Swimming Pool', 'Park', 'Security Personnel', 'Natural Light', 'Airy Rooms', 'Spacious Interiors', 'Low Density Society', 'Waste Disposal', 'Rain Water Harvesting', 'Shopping Centre', 'Fitness Centre / GYM', 'Club house / Community Center']"
Prestige Elm Park,Whitefield,"['Multipurpose court', 'Badminton Court', 'Skating Rink', 'Club House', 'Amphitheatre', ""Children's Play Area"", 'Swimming Pool', 'Lawn Tennis Court', 'Gymnasium']"
Prestige Fairfield,Nagashetty Halli,"['Lift(s)', 'Maintenance Staff', 'Swimming Pool', 'Park', 'Piped-gas', 'Fitness Centre / GYM', 'Club house / Community Center', 'Waste Disposal', 'Rain Water Harvesting']"
Prestige Falcon City,Kanakapura Road,"['Amphitheatre', 'Park', 'Badminton Court', 'Club House', ""Children's Play Area"", 'Gymnasium', 'Theatre', 'Squash Court', 'Swimming Pool']"
Prestige Ferns Residency,Harlur Road,"['Club House', 'Gymnasium', ""Children's Play Area"", 'Swimming Pool', 'Theatre', 'Gazebo', 'Badminton Court', 'Squash Court', 'Park']"
Prestige Garden Bay,Yelahanka,"['Security / Fire Alarm', 'Power Back-up', 'Feng Shui / Vaastu Compliant', 'Private Garden / Terrace', 'Intercom Facility', 'Lift(s)', 'High Ceiling Height', 'Maintenance Staff', 'Water Storage', 'Bank Attached Property', 'Piped-gas', 'Visitor Parking', 'Swimming Pool', 'Park', 'Security Personnel', 'Natural Light', 'Airy Rooms', 'Spacious Interiors', 'Fitness Centre / GYM', 'Rain Water Harvesting', 'Club house / Community Center', 'Water softening plant']"
Prestige Glenbrook,Whitefield,"['Aerobics Centre', 'Badminton Court', 'Basketball Court', 'Club House', 'Terrace Garden', ""Children's Play Area"", 'Swimming Pool', 'Mini Theatre', 'Gymnasium']"
Prestige Green Gables,Kadubeesanahalli,"['Feng Shui / Vaastu Compliant', 'Lift(s)', 'Maintenance Staff', 'Water Storage', 'Swimming Pool', 'Park', 'Security Personnel', 'Natural Light', 'Airy Rooms', 'Shopping Centre', 'Fitness Centre / GYM', 'Rain Water Harvesting', 'Club house / Community Center', 'Water softening plant']"
Prestige Ivy Terraces,Panathur,"['Lift(s)', 'Swimming Pool', 'Park', 'Fitness Centre / GYM', 'Club house / Community Center']"
Prestige Jade Pavilion,Bhoganhalli,"['Security / Fire Alarm', 'Feng Shui / Vaastu Compliant', 'Intercom Facility', 'Lift(s)', 'High Ceiling Height', 'Maintenance Staff', 'False Ceiling Lighting', 'Water Storage', 'Separate entry for servant room', 'No open drainage around', 'Piped-gas', 'Visitor Parking', 'Swimming Pool', 'Park', 'Natural Light', 'Airy Rooms', 'Low Density Society', 'Fitness Centre / GYM', 'Waste Disposal', 'Rain Water Harvesting', 'Club house / Community Center']"
Prestige Jindal City,Tumkur Road,"['Security / Fire Alarm', 'Feng Shui / Vaastu Compliant', 'Intercom Facility', 'Lift(s)', 'Water purifier', 'Maintenance Staff', 'Water Storage', 'No open drainage around', 'Piped-gas', 'Visitor Parking', 'Swimming Pool', 'Park', 'Security Personnel', 'Natural Light', 'Fitness Centre / GYM', 'Waste Disposal', 'Rain Water Harvesting', 'Club house / Community Center']"
Prestige Lake Ridge,Uttarahalli,"['Power Back-up', 'Private Garden / Terrace', 'Intercom Facility', 'Lift(s)', 'Water purifier', 'False Ceiling Lighting', 'No open drainage around', 'Bank Attached Property', 'Swimming Pool', 'Park', 'Security Personnel', 'Natural Light', 'Internet/wi-fi connectivity', 'Airy Rooms', 'Spacious Interiors', 'Shopping Centre', 'Fitness Centre / GYM', 'Waste Disposal', 'Rain Water Harvesting', 'Club house / Community Center']"
Prestige Lakeside Habitat,Gunjur,"['Golf Course', 'Club House', 'Gymnasium', ""Children's Play Area"", 'Amphitheatre', 'Swimming Pool', 'Jogging Track', 'Gazebo', 'Park']"
Prestige Lavender Fields,Varthur,"['Swimming Pool', 'Gymnasium', 'Banquet Hall', 'Creche/Day Care', 'Park', 'Amphitheatre', 'Mini Theatre', 'Club House', ""Children's Play Area""]"
Prestige Leela Residences,Kodihalli,"['Lift(s)', 'Maintenance Staff', 'Swimming Pool', 'Park', 'Piped-gas', 'Internet/wi-fi connectivity', 'Shopping Centre', 'Fitness Centre / GYM', 'Club house / Community Center', 'Waste Disposal', 'Rain Water Harvesting']"
Prestige Misty Waters,Cholanayakanahalli,"['Power Back-up', 'Lift(s)', 'Swimming Pool', 'Maintenance Staff', 'Park', 'Piped-gas', 'Shopping Centre', 'Fitness Centre / GYM', 'Club house / Community Center', 'Waste Disposal', 'Rain Water Harvesting']"
Prestige Misty Waters Vista Tower,Yelahanka,"['Power Back-up', 'Feng Shui / Vaastu Compliant', 'Intercom Facility', 'Lift(s)', 'Swimming Pool', 'Park', 'Piped-gas', 'Shopping Centre', 'Fitness Centre / GYM', 'Club house / Community Center', 'Rain Water Harvesting']"
Prestige Monte Carlo,Yelahanka New Town,"['Power Back-up', 'Intercom Facility', 'Lift(s)', 'Swimming Pool', 'Maintenance Staff', 'Park', 'Security Personnel', 'Internet/wi-fi connectivity', 'Fitness Centre / GYM', 'Club house / Community Center', 'Rain Water Harvesting']"
Prestige North Point,Kammanahalli,"['Security / Fire Alarm', 'Feng Shui / Vaastu Compliant', 'Intercom Facility', 'Lift(s)', 'No open drainage around', 'Visitor Parking', 'Swimming Pool', 'Park', 'Natural Light', 'Spacious Interiors', 'Shopping Centre', 'Fitness Centre / GYM', 'Club house / Community Center']"
Prestige Nottingham Hill,Kalena Agrahara,"['Security / Fire Alarm', 'Feng Shui / Vaastu Compliant', 'Intercom Facility', 'Lift(s)', 'High Ceiling Height', 'Maintenance Staff', 'Water Storage', 'No open drainage around', 'Piped-gas', 'Visitor Parking', 'Swimming Pool', 'Park', 'Security Personnel', 'Natural Light', 'Internet/wi-fi connectivity', 'Airy Rooms', 'Fitness Centre / GYM', 'Rain Water Harvesting', 'Club house / Community Center']"
Prestige Palms,Whitefield,"['Feng Shui / Vaastu Compliant', 'Intercom Facility', 'Lift(s)', 'High Ceiling Height', 'Maintenance Staff', 'Water Storage', 'No open drainage around', 'Visitor Parking', 'Swimming Pool', 'Park', 'Security Personnel', 'Internet/wi-fi connectivity', 'Shopping Centre', 'Fitness Centre / GYM', 'Waste Disposal', 'Rain Water Harvesting', 'Club house / Community Center', 'Water softening plant']"
Prestige Park Grove,Whitefield,"['Club House', 'Gymnasium', 'Amphitheatre', 'Swimming Pool', 'Jogging Track', 'Basketball Court', 'Lounge', 'Mini Theatre', 'Park']"
Prestige Park Square,Basavanapura,"['Theatre', 'Amphitheatre', 'Park', 'Mini Theatre', 'Club House', 'Banquet Hall', 'Gymnasium', ""Children's Play Area"", 'Swimming Pool']"
Prestige Primrose Hills,Uttarahalli Manavarthekaval,"['Power Back-up', 'Feng Shui / Vaastu Compliant', 'Security / Fire Alarm', 'Intercom Facility', 'Lift(s)', 'Swimming Pool', 'Maintenance Staff', 'Water Storage', 'Park', 'Visitor Parking', 'Fitness Centre / GYM', 'Club house / Community Center']"
Prestige Raintree Park,Whitefield,"['Squash Court', 'Yoga/Meditation Area', 'Club House', ""Children's Play Area"", 'Swimming Pool', 'Mini Theatre', 'Park', 'Jogging Track', 'Gymnasium']"
Prestige Serenity Shores,Sarjapur Road,"['Badminton Court', 'Club House', 'Creche/Day Care', 'Amphitheatre', ""Children's Play Area"", 'Swimming Pool', 'Jogging Track', 'Banquet Hall', 'Gymnasium']"
Prestige Shantiniketan,Thigalarapalya,"['Feng Shui / Vaastu Compliant', 'Intercom Facility', 'Lift(s)', 'Maintenance Staff', 'Piped-gas', 'Swimming Pool', 'Park', 'Security Personnel', 'Internet/wi-fi connectivity', 'Shopping Centre', 'Fitness Centre / GYM', 'Rain Water Harvesting', 'Club house / Community Center', 'Water softening plant']"
Prestige Shantiniketan The Business Precinct,Whitefield,"['Security / Fire Alarm', 'Intercom Facility', 'Lift(s)', 'High Ceiling Height', 'Water Storage', 'No open drainage around', 'Visitor Parking', 'Swimming Pool', 'Park', 'Security Personnel', 'Natural Light', 'Airy Rooms', 'Spacious Interiors', 'Shopping Centre', 'Waste Disposal', 'Rain Water Harvesting', 'Club house / Community Center']"
Prestige Silver Oak,Kasturi Nagar,"['Security / Fire Alarm', 'Lift(s)', 'Maintenance Staff', 'Separate entry for servant room', 'No open drainage around', 'Bank Attached Property', 'Piped-gas', 'Visitor Parking', 'Swimming Pool', 'Park', 'Security Personnel', 'Natural Light', 'Airy Rooms', 'Low Density Society', 'Shopping Centre', 'Fitness Centre / GYM', 'Waste Disposal', 'Rain Water Harvesting', 'Club house / Community Center', 'Water softening plant']"
Prestige Somerville,Whitefield,"['Club House', 'Gymnasium', ""Children's Play Area"", 'Amphitheatre', 'Swimming Pool', 'Creche/Day Care', 'Jogging Track', 'Mini Theatre', 'Badminton Court']"
Prestige Song of the South,Chandrasekarapura,"['Power Back-up', 'Intercom Facility', 'Lift(s)', 'Swimming Pool', 'Park', 'Shopping Centre', 'Fitness Centre / GYM', 'Club house / Community Center']"
Prestige Sunnyside Oak,Marathahalli,"['Power Back-up', 'Feng Shui / Vaastu Compliant', 'Lift(s)', 'High Ceiling Height', 'Maintenance Staff', 'False Ceiling Lighting', 'Separate entry for servant room', 'No open drainage around', 'Bank Attached Property', 'Swimming Pool', 'Park', 'Security Personnel', 'Internet/wi-fi connectivity', 'Low Density Society', 'Shopping Centre', 'Fitness Centre / GYM', 'Waste Disposal', 'Rain Water Harvesting', 'Club house / Community Center', 'Water softening plant']"
Prestige Temple Bells,Gattigere,"['Security / Fire Alarm', 'Intercom Facility', 'Lift(s)', 'High Ceiling Height', 'Maintenance Staff', 'False Ceiling Lighting', 'Water Storage', 'No open drainage around', 'Piped-gas', 'Swimming Pool', 'Park', 'Security Personnel', 'Natural Light', 'Internet/wi-fi connectivity', 'Airy Rooms', 'Low Density Society', 'Waste Disposal', 'Rain Water Harvesting', 'Club house / Community Center']"
Prestige Tranquility,Budigere,"['Centrally Air Conditioned', 'Water purifier', 'Security / Fire Alarm', 'Feng Shui / Vaastu Compliant', 'Private Garden / Terrace', 'Intercom Facility', 'Lift(s)', 'High Ceiling Height', 'Maintenance Staff', 'False Ceiling Lighting', 'Water Storage', 'Separate entry for servant room', 'No open drainage around', 'Bank Attached Property', 'Piped-gas', 'Internet/wi-fi connectivity', 'Recently Renovated', 'Visitor Parking', 'Swimming Pool', 'Park', 'Security Personnel', 'Natural Light', 'Airy Rooms', 'Spacious Interiors', 'Low Density Society', 'Waste Disposal', 'Rain Water Harvesting', 'Water softening plant', 'Shopping Centre', 'Fitness Centre / GYM', 'Club house / Community Center']"
Prestige Waterford,Whitefield,"['Club House', 'Gymnasium', ""Children's Play Area"", 'Amphitheatre', 'Swimming Pool', 'Banquet Hall', 'Jogging Track', 'Mini Theatre', 'Park']"
Prestige West Woods,Magadi Road,"['Centrally Air Conditioned', 'Water purifier', 'Security / Fire Alarm', 'Power Back-up', 'Feng Shui / Vaastu Compliant', 'Private Garden / Terrace', 'Intercom Facility', 'Lift(s)', 'High Ceiling Height', 'Maintenance Staff', 'False Ceiling Lighting', 'Water Storage', 'Separate entry for servant room', 'No open drainage around', 'Bank Attached Property', 'Piped-gas', 'Internet/wi-fi connectivity', 'Recently Renovated', 'Visitor Parking', 'Swimming Pool', 'Park', 'Security Personnel', 'Natural Light', 'Airy Rooms', 'Spacious Interiors', 'Low Density Society', 'Waste Disposal', 'Rain Water Harvesting', 'Water softening plant', 'Shopping Centre', 'Fitness Centre / GYM', 'Club house / Community Center']"
Prestige White Meadows,Whitefield,"['Feng Shui / Vaastu Compliant', 'Intercom Facility', 'Lift(s)', 'High Ceiling Height', 'Maintenance Staff', 'False Ceiling Lighting', 'Piped-gas', 'Swimming Pool', 'Park', 'Security Personnel', 'Natural Light', 'Airy Rooms', 'Fitness Centre / GYM', 'Rain Water Harvesting', 'Club house / Community Center']"
Pride Altius,Tumkur Road,"['Security / Fire Alarm', 'Power Back-up', 'Feng Shui / Vaastu Compliant', 'Intercom Facility', 'Lift(s)', 'Maintenance Staff', 'Water Storage', 'Piped-gas', 'Visitor Parking', 'Swimming Pool', 'Park', 'Fitness Centre / GYM', 'Rain Water Harvesting', 'Club house / Community Center']"
Pride Euphoria,KR Puram,"['Car Parking', 'Indoor Games', 'Club House', 'Community Hall', 'Internal Street Lights', 'Gated Community', 'Swimming Pool', 'CCTV Camera Security', 'Gymnasium']"
Pride Pegasus,Hennur Gardens,"['Security / Fire Alarm', 'Feng Shui / Vaastu Compliant', 'Intercom Facility', 'Lift(s)', 'Maintenance Staff', 'Water Storage', 'Piped-gas', 'Visitor Parking', 'Swimming Pool', 'Park', 'Security Personnel', 'Shopping Centre', 'Fitness Centre / GYM', 'Waste Disposal', 'Rain Water Harvesting', 'Club house / Community Center', 'Water softening plant']"
Pride Pristine,Shree Ananth Nagar Layout,"['Power Back-up', 'Feng Shui / Vaastu Compliant', 'Intercom Facility', 'Lift(s)', 'Maintenance Staff', 'Piped-gas', 'Visitor Parking', 'Swimming Pool', 'Park', 'Security Personnel', 'Fitness Centre / GYM', 'Rain Water Harvesting', 'Club house / Community Center', 'Water softening plant']"
Pride Sunrise,Jigani,"['Security / Fire Alarm', 'Lift(s)', 'Maintenance Staff', 'Swimming Pool', 'Water Storage', 'Park', 'Visitor Parking', 'Natural Light', 'Fitness Centre / GYM', 'Club house / Community Center', 'Rain Water Harvesting']"
Prime Blue Forest,KR Puram,"['Security / Fire Alarm', 'Lift(s)', 'Swimming Pool', 'Water Storage', 'Park', 'Visitor Parking', 'Security Personnel', 'Internet/wi-fi connectivity', 'Fitness Centre / GYM', 'Club house / Community Center', 'Waste Disposal', 'Rain Water Harvesting']"
Prime Nest,Akshaya Nagar,"['Feng Shui / Vaastu Compliant', 'Intercom Facility', 'Lift(s)', 'Water Storage']"
Pristine Temple Tree,Kengeri,"['Security / Fire Alarm', 'Lift(s)', 'Maintenance Staff', 'Water Storage', 'Park', 'Fitness Centre / GYM', 'Rain Water Harvesting']"
Priyanka Niwas,Vibhutipura,"['Lift(s)', 'Security Personnel', 'Natural Light', 'Airy Rooms', 'Spacious Interiors']"
Prospect Silverton Apartments,Begur,"['Lift(s)', 'Water purifier', 'Maintenance Staff', 'False Ceiling Lighting', 'No open drainage around', 'Piped-gas', 'Swimming Pool', 'Park', 'Security Personnel', 'Natural Light', 'Internet/wi-fi connectivity', 'Airy Rooms', 'Spacious Interiors', 'Low Density Society', 'Fitness Centre / GYM', 'Waste Disposal', 'Club house / Community Center']"
Provident Capella,Samethanahalli,"[""Children's Play Area"", 'Creche/Day Care', 'Jogging Track', 'Park', 'Gymnasium', 'Club House', 'Gazebo', 'Swimming Pool', 'Amphitheatre']"
Provident Ecopolitan,Huvinayakanahalli,"['Power Back-up', 'Feng Shui / Vaastu Compliant', 'Intercom Facility', 'Lift(s)', 'Swimming Pool', 'Park', 'Shopping Centre', 'Fitness Centre / GYM', 'Club house / Community Center', 'Rain Water Harvesting']"
Provident Harmony,Sri Balaji Krupa Layout,"['Security / Fire Alarm', 'Feng Shui / Vaastu Compliant', 'Lift(s)', 'Maintenance Staff', 'Water Storage', 'No open drainage around', 'Visitor Parking', 'Swimming Pool', 'Park', 'Security Personnel', 'Natural Light', 'Airy Rooms', 'Spacious Interiors', 'Low Density Society', 'Fitness Centre / GYM', 'Waste Disposal', 'Rain Water Harvesting', 'Club house / Community Center', 'Water softening plant']"
Provident Park Square,Kanakapura Road,"['Creche/Day Care', 'Banquet Hall', 'Swimming Pool', 'Gazebo', 'Golf Course', 'Park', 'Gymnasium', ""Children's Play Area"", 'Club House']"
Provident Rays of Dawn,Venkatapura,"['Security / Fire Alarm', 'Power Back-up', 'Intercom Facility', 'Lift(s)', 'Maintenance Staff', 'No open drainage around', 'Recently Renovated', 'Visitor Parking', 'Swimming Pool', 'Park', 'Security Personnel', 'Natural Light', 'Airy Rooms', 'Spacious Interiors', 'Shopping Centre', 'Fitness Centre / GYM', 'Waste Disposal', 'Club house / Community Center']"
Provident Sunworth,Doddabele,"['Feng Shui / Vaastu Compliant', 'Centrally Air Conditioned', 'Lift(s)', 'Maintenance Staff', 'Swimming Pool', 'Park', 'Visitor Parking', 'Security Personnel', 'Internet/wi-fi connectivity', 'Natural Light', 'Fitness Centre / GYM']"
Provident Sunworth Bangalore,Kambipura,"['Feng Shui / Vaastu Compliant', 'Security / Fire Alarm', 'Intercom Facility', 'Lift(s)', 'Maintenance Staff', 'Water Storage', 'Park', 'Visitor Parking']"
Provident Sunworth City,Mysore Road,"['Power Back-up', 'Feng Shui / Vaastu Compliant', 'Security / Fire Alarm', 'Intercom Facility', 'Lift(s)', 'Swimming Pool', 'Maintenance Staff', 'Water Storage', 'Park', 'Visitor Parking', 'Fitness Centre / GYM', 'Club house / Community Center']"
Provident Toogoodhomes,Sampigehalli,"['Security / Fire Alarm', 'Power Back-up', 'Feng Shui / Vaastu Compliant', 'Intercom Facility', 'Lift(s)', 'Maintenance Staff', 'Water Storage', 'Separate entry for servant room', 'No open drainage around', 'Piped-gas', 'Visitor Parking', 'Swimming Pool', 'Park', 'Shopping Centre', 'Fitness Centre / GYM', 'Waste Disposal', 'Rain Water Harvesting', 'Club house / Community Center', 'Water softening plant']"
Prudent One,Kyalasanahalli,"['Lift(s)', 'No open drainage around', 'Recently Renovated', 'Piped-gas', 'Internet/wi-fi connectivity', 'Low Density Society', 'Shopping Centre', 'Waste Disposal']"
Puja Nakshatra,Gubbalala,"['Power Back-up', 'Intercom Facility', 'Lift(s)', 'Swimming Pool', 'Maintenance Staff', 'Park', 'Piped-gas', 'Security Personnel', 'Fitness Centre / GYM', 'Club house / Community Center', 'Rain Water Harvesting']"
Puravankara Aerocity,Yelahanka Satellite Town,"['Security / Fire Alarm', 'Feng Shui / Vaastu Compliant', 'Intercom Facility', 'Lift(s)', 'Maintenance Staff', 'Water Storage', 'Visitor Parking', 'Swimming Pool', 'Park', 'Security Personnel', 'Low Density Society', 'Shopping Centre', 'Fitness Centre / GYM', 'Waste Disposal', 'Club house / Community Center']"
Puravankara Building,Attur Layout,"['Security / Fire Alarm', 'Feng Shui / Vaastu Compliant', 'Intercom Facility', 'Lift(s)', 'Maintenance Staff', 'No open drainage around', 'Piped-gas', 'Visitor Parking', 'Swimming Pool', 'Park', 'Security Personnel', 'Natural Light', 'Airy Rooms', 'Fitness Centre / GYM', 'Rain Water Harvesting', 'Club house / Community Center']"
Puravankara Purva Park Hill,Mallasandra,"[""Children's Play Area"", 'Amphitheatre', 'Jogging Track', 'Yoga/Meditation Area', 'Park', 'Basketball Court', 'Badminton Court', 'Squash Court', 'Swimming Pool']"
Purple Habiqo,Kodigehalli,"['Security / Fire Alarm', 'Feng Shui / Vaastu Compliant', 'Private Garden / Terrace', 'Intercom Facility', 'Lift(s)', 'High Ceiling Height', 'Maintenance Staff', 'Water Storage', 'Visitor Parking', 'Park', 'Security Personnel', 'Airy Rooms', 'Internet/wi-fi connectivity', 'Fitness Centre / GYM', 'Rain Water Harvesting', 'Club house / Community Center']"
Purple Woods,Motappa Layout,"['Club House', 'Gymnasium', ""Children's Play Area"", 'Swimming Pool', 'Indoor Games', 'Jogging Track', 'Party Lawn', 'Park', 'Yoga/Meditation Area']"
Purva Atmosphere,Thanisandra Main Road,"['Water purifier', 'Security / Fire Alarm', 'Feng Shui / Vaastu Compliant', 'Private Garden / Terrace', 'Intercom Facility', 'Lift(s)', 'High Ceiling Height', 'Maintenance Staff', 'False Ceiling Lighting', 'Water Storage', 'No open drainage around', 'Bank Attached Property', 'Piped-gas', 'Visitor Parking', 'Swimming Pool', 'Park', 'Security Personnel', 'Natural Light', 'Airy Rooms', 'Spacious Interiors', 'Low Density Society', 'Waste Disposal', 'Rain Water Harvesting', 'Water softening plant', 'Shopping Centre', 'Fitness Centre / GYM', 'Club house / Community Center']"
Purva Atmosphere Thanisandra Main Road,Thanisandra Main Road,"['Gymnasium', 'Park', 'Club House', ""Children's Play Area"", 'Jogging Track', 'Squash Court', 'Swimming Pool', 'Creche/Day Care', 'Basketball Court']"
Purva Blubelle,Rajajinagar,"['Feng Shui / Vaastu Compliant', 'Lift(s)', 'Swimming Pool', 'Park', 'Fitness Centre / GYM', 'Club house / Community Center']"
Purva Castlemae,Jayamahal,"['Lift(s)', 'Club house / Community Center', 'Rain Water Harvesting']"
Purva Celestial,Hosahalli,"['Lift(s)', 'Swimming Pool', 'Park', 'Fitness Centre / GYM', 'Club house / Community Center']"
Purva Heights,Billekahalli,"['Security / Fire Alarm', 'Power Back-up', 'Feng Shui / Vaastu Compliant', 'Intercom Facility', 'Lift(s)', 'High Ceiling Height', 'Maintenance Staff', 'Water Storage', 'No open drainage around', 'Visitor Parking', 'Swimming Pool', 'Park', 'Security Personnel', 'Natural Light', 'Internet/wi-fi connectivity', 'Airy Rooms', 'Fitness Centre / GYM', 'Waste Disposal', 'Rain Water Harvesting', 'Club house / Community Center']"
Purva Highland,Mallasandra,"['Feng Shui / Vaastu Compliant', 'Security / Fire Alarm', 'Swimming Pool', 'Maintenance Staff', 'Water Storage', 'Park', 'Visitor Parking', 'Security Personnel', 'Shopping Centre', 'Fitness Centre / GYM', 'Club house / Community Center', 'Water softening plant']"
Purva Meraki,HSR Layout,"['Feng Shui / Vaastu Compliant', 'Security / Fire Alarm', 'High Ceiling Height', 'Maintenance Staff', 'False Ceiling Lighting', 'Swimming Pool', 'Water Storage', 'Piped-gas', 'Visitor Parking', 'Shopping Centre', 'Fitness Centre / GYM', 'Water softening plant']"
Purva Midtown Residences,Dooravani Nagar,"['Security / Fire Alarm', 'Power Back-up', 'Intercom Facility', 'Lift(s)', 'Maintenance Staff', 'Visitor Parking', 'Swimming Pool', 'Park', 'Internet/wi-fi connectivity', 'Fitness Centre / GYM', 'Rain Water Harvesting', 'Club house / Community Center', 'Water softening plant']"
Purva Palm Beach,Hennur Road,"['Security / Fire Alarm', 'Power Back-up', 'Feng Shui / Vaastu Compliant', 'Intercom Facility', 'Lift(s)', 'No open drainage around', 'Visitor Parking', 'Swimming Pool', 'Park', 'Natural Light', 'Spacious Interiors', 'Shopping Centre', 'Fitness Centre / GYM', 'Club house / Community Center', 'Water softening plant']"
Purva Promenade,Hennur Road,"['Security / Fire Alarm', 'Lift(s)', 'Swimming Pool', 'Maintenance Staff', 'Water Storage', 'Park', 'Visitor Parking', 'Fitness Centre / GYM', 'Club house / Community Center']"
Purva Riviera,Lakshminarayana Pura,"['Security / Fire Alarm', 'Power Back-up', 'Intercom Facility', 'Lift(s)', 'Water purifier', 'High Ceiling Height', 'Maintenance Staff', 'Water Storage', 'No open drainage around', 'Visitor Parking', 'Swimming Pool', 'Park', 'Security Personnel', 'Natural Light', 'Airy Rooms', 'Spacious Interiors', 'Shopping Centre', 'Fitness Centre / GYM', 'Waste Disposal', 'Rain Water Harvesting', 'Club house / Community Center']"
Purva Sunflower,Ramachandrapura,"['Security / Fire Alarm', 'Power Back-up', 'Feng Shui / Vaastu Compliant', 'Intercom Facility', 'Lift(s)', 'Maintenance Staff', 'Water Storage', 'Visitor Parking', 'Swimming Pool', 'Park', 'Fitness Centre / GYM', 'Club house / Community Center', 'Water softening plant']"
Purva Sunshine,Kaikondrahalli,"['Power Back-up', 'Feng Shui / Vaastu Compliant', 'Intercom Facility', 'Lift(s)', 'Swimming Pool', 'Maintenance Staff', 'Park', 'Security Personnel', 'Internet/wi-fi connectivity', 'Fitness Centre / GYM', 'Club house / Community Center', 'Rain Water Harvesting']"
Purva The Waves,Hennur Gardens,"['Power Back-up', 'Feng Shui / Vaastu Compliant', 'Intercom Facility', 'Lift(s)', 'Maintenance Staff', 'Swimming Pool', 'Park', 'Security Personnel', 'Shopping Centre', 'Fitness Centre / GYM', 'Rain Water Harvesting', 'Club house / Community Center', 'Water softening plant']"
Purva Venezia,Yelahanka New Town,"['Feng Shui / Vaastu Compliant', 'Lift(s)', 'Swimming Pool', 'Visitor Parking', 'Fitness Centre / GYM']"
Purva Westend,Garebhavipalya,"['Security / Fire Alarm', 'Feng Shui / Vaastu Compliant', 'Intercom Facility', 'Lift(s)', 'Water purifier', 'Maintenance Staff', 'Water Storage', 'No open drainage around', 'Recently Renovated', 'Piped-gas', 'Visitor Parking', 'Swimming Pool', 'Park', 'Security Personnel', 'Natural Light', 'Airy Rooms', 'Internet/wi-fi connectivity', 'Spacious Interiors', 'Fitness Centre / GYM', 'Club house / Community Center']"
Purva Western,Kudlu Gate,"['Security / Fire Alarm', 'High Ceiling Height', 'Maintenance Staff', 'Swimming Pool', 'Visitor Parking', 'Fitness Centre / GYM']"
Purva Zenium,Hosahalli,"['Gymnasium', 'Park', 'Club House', 'Banquet Hall', ""Children's Play Area"", 'Jogging Track', 'Amphitheatre', 'Swimming Pool', 'Creche/Day Care']"
Purvankara Westend,Kudlu Gate,"['Security / Fire Alarm', 'Feng Shui / Vaastu Compliant', 'Intercom Facility', 'Lift(s)', 'Maintenance Staff', 'Water Storage', 'No open drainage around', 'Visitor Parking', 'Swimming Pool', 'Park', 'Security Personnel', 'Natural Light', 'Airy Rooms', 'Spacious Interiors', 'Shopping Centre', 'Fitness Centre / GYM', 'Rain Water Harvesting', 'Club house / Community Center', 'Water softening plant']"
Purvi Mithila,Munnekollal,"['Security / Fire Alarm', 'Feng Shui / Vaastu Compliant', 'Intercom Facility', 'Lift(s)', 'Maintenance Staff', 'False Ceiling Lighting', 'Water Storage', 'Piped-gas', 'Visitor Parking', 'Swimming Pool', 'Park', 'Security Personnel', 'Natural Light', 'Internet/wi-fi connectivity', 'Spacious Interiors', 'Low Density Society', 'Fitness Centre / GYM', 'Waste Disposal', 'Rain Water Harvesting', 'Club house / Community Center', 'Water softening plant']"
Purvi Residency,Bommanahalli,"['Feng Shui / Vaastu Compliant', 'Lift(s)', 'Maintenance Staff', 'Water Storage', 'Security Personnel', 'Waste Disposal']"
Purvi Symphony,Gunjur,"['Feng Shui / Vaastu Compliant', 'Lift(s)', 'Maintenance Staff', 'Swimming Pool', 'Water Storage', 'Park', 'Visitor Parking', 'Fitness Centre / GYM', 'Club house / Community Center', 'Rain Water Harvesting']"
Pyramid Bilberry,Chokkanahalli,"['Security / Fire Alarm', 'Feng Shui / Vaastu Compliant', 'Intercom Facility', 'Lift(s)', 'High Ceiling Height', 'Maintenance Staff', 'Water Storage', 'No open drainage around', 'Visitor Parking', 'Swimming Pool', 'Park', 'Security Personnel', 'Low Density Society', 'Fitness Centre / GYM', 'Rain Water Harvesting', 'Club house / Community Center', 'Water softening plant']"
Pyramid Carnations,Yelahanka,"['Security / Fire Alarm', 'Power Back-up', 'Feng Shui / Vaastu Compliant', 'Lift(s)', 'Maintenance Staff', 'Bank Attached Property', 'Visitor Parking', 'Swimming Pool', 'Park', 'Security Personnel', 'Internet/wi-fi connectivity', 'Low Density Society', 'Fitness Centre / GYM', 'Waste Disposal', 'Rain Water Harvesting', 'Club house / Community Center', 'Water softening plant']"
Pyramid Temple Bells,Ideal Homes Layout,"['Security / Fire Alarm', 'Power Back-up', 'Feng Shui / Vaastu Compliant', 'Private Garden / Terrace', 'Intercom Facility', 'Lift(s)', 'Water purifier', 'High Ceiling Height', 'Maintenance Staff', 'Water Storage', 'No open drainage around', 'Visitor Parking', 'Swimming Pool', 'Park', 'Security Personnel', 'Natural Light', 'Internet/wi-fi connectivity', 'Airy Rooms', 'Spacious Interiors', 'Low Density Society', 'Fitness Centre / GYM', 'Rain Water Harvesting', 'Club house / Community Center']"
Queen Valley Villa,Ballur,"['Lift(s)', 'Maintenance Staff', 'Water Storage', 'Park', 'Visitor Parking', 'Rain Water Harvesting']"
R and S Lake View,Rachenahalli,"['Security / Fire Alarm', 'Feng Shui / Vaastu Compliant', 'Intercom Facility', 'Lift(s)', 'Maintenance Staff', 'No open drainage around', 'Bank Attached Property', 'Piped-gas', 'Visitor Parking', 'Swimming Pool', 'Park', 'Security Personnel', 'Natural Light', 'Internet/wi-fi connectivity', 'Airy Rooms', 'Spacious Interiors', 'Low Density Society', 'Fitness Centre / GYM', 'Waste Disposal', 'Rain Water Harvesting', 'Club house / Community Center']"
RA Bow Oaks,Yelenahalli,"['Security / Fire Alarm', 'Lift(s)', 'Maintenance Staff', 'Water Storage', 'No open drainage around', 'Visitor Parking', 'Swimming Pool', 'Park', 'Security Personnel', 'Natural Light', 'Internet/wi-fi connectivity', 'Airy Rooms', 'Spacious Interiors', 'Fitness Centre / GYM', 'Waste Disposal', 'Rain Water Harvesting', 'Club house / Community Center']"
RA Tree Boulevard,Byatarayanapura,"['Centrally Air Conditioned', 'Water purifier', 'Security / Fire Alarm', 'Feng Shui / Vaastu Compliant', 'Private Garden / Terrace', 'Intercom Facility', 'Lift(s)', 'High Ceiling Height', 'Maintenance Staff', 'False Ceiling Lighting', 'Water Storage', 'Separate entry for servant room', 'No open drainage around', 'Bank Attached Property', 'Piped-gas', 'Internet/wi-fi connectivity', 'Recently Renovated', 'Visitor Parking', 'Swimming Pool', 'Park', 'Security Personnel', 'Natural Light', 'Airy Rooms', 'Spacious Interiors', 'Low Density Society', 'Waste Disposal', 'Rain Water Harvesting', 'Water softening plant', 'Shopping Centre', 'Fitness Centre / GYM', 'Club house / Community Center']"
RC Brindavan,Channasandra,"['Intercom Facility', 'Lift(s)', 'Fitness Centre / GYM', 'Club house / Community Center', 'Rain Water Harvesting']"
RJ Brooke Square,Kundalahalli,"['Intercom Facility', 'Lift(s)', 'Swimming Pool', 'Park', 'Piped-gas', 'Natural Light', 'Airy Rooms', 'Fitness Centre / GYM', 'Club house / Community Center']"
RJ Lake Gardenia,Bhattarahalli,"['Intercom Facility', 'Lift(s)', 'Swimming Pool', 'Piped-gas', 'Fitness Centre / GYM', 'Club house / Community Center']"
RK Bravana,Ananth Nagar Phase 2,"['Feng Shui / Vaastu Compliant', 'Security / Fire Alarm', 'Intercom Facility', 'Lift(s)', 'Maintenance Staff', 'Water Storage', 'Park', 'Visitor Parking']"
RK H,Kanaka Nagar,"['High Ceiling Height', 'Maintenance Staff', 'Water softening plant']"
RK Township,Bommasandra,"['Feng Shui / Vaastu Compliant', 'Security / Fire Alarm', 'Intercom Facility', 'Lift(s)', 'Maintenance Staff', 'Swimming Pool', 'Water Storage', 'Park', 'Visitor Parking', 'Shopping Centre', 'Fitness Centre / GYM', 'Water softening plant']"
RMV,RMV Extension,"['Maintenance Staff', 'False Ceiling Lighting', 'Separate entry for servant room', 'Shopping Centre']"
RMV II Stage,RMV Extension,"['Security / Fire Alarm', 'Feng Shui / Vaastu Compliant', 'Intercom Facility', 'Lift(s)', 'High Ceiling Height', 'Maintenance Staff', 'Water Storage', 'Separate entry for servant room', 'No open drainage around', 'Piped-gas', 'Visitor Parking', 'Swimming Pool', 'Park', 'Natural Light', 'Airy Rooms', 'Low Density Society', 'Fitness Centre / GYM', 'Waste Disposal', 'Rain Water Harvesting', 'Club house / Community Center', 'Water softening plant']"
RMV Orchards,Sanjayanagar,"['Feng Shui / Vaastu Compliant', 'Security / Fire Alarm', 'Private Garden / Terrace', 'Lift(s)', 'Maintenance Staff', 'Water Storage', 'Piped-gas', 'Natural Light', 'Airy Rooms', 'Internet/wi-fi connectivity', 'Spacious Interiors', 'Water softening plant']"
RMZ Ecoworld,Adarsh Lakefront,"['Security / Fire Alarm', 'Feng Shui / Vaastu Compliant', 'Intercom Facility', 'Lift(s)', 'Water purifier', 'High Ceiling Height', 'Maintenance Staff', 'False Ceiling Lighting', 'Water Storage', 'Piped-gas', 'Visitor Parking', 'Swimming Pool', 'Park', 'Security Personnel', 'Natural Light', 'Internet/wi-fi connectivity', 'Airy Rooms', 'Spacious Interiors', 'Low Density Society', 'Fitness Centre / GYM', 'Waste Disposal', 'Rain Water Harvesting', 'Club house / Community Center', 'Water softening plant']"
RMZ Galleria,Ambedkar Colony,"['Security / Fire Alarm', 'Power Back-up', 'Feng Shui / Vaastu Compliant', 'Intercom Facility', 'Lift(s)', 'Maintenance Staff', 'Water Storage', 'Piped-gas', 'Visitor Parking', 'Swimming Pool', 'Park', 'Security Personnel', 'Shopping Centre', 'Fitness Centre / GYM', 'Waste Disposal', 'Rain Water Harvesting', 'Club house / Community Center', 'Water softening plant']"
RMZ Latitude,Amruthnagar,"['Power Back-up', 'Lift(s)', 'Swimming Pool', 'No open drainage around', 'Park', 'Security Personnel', 'Low Density Society', 'Fitness Centre / GYM', 'Club house / Community Center', 'Waste Disposal', 'Rain Water Harvesting']"
RNS Apartment,Jayanagar,"['Feng Shui / Vaastu Compliant', 'Security / Fire Alarm', 'Lift(s)', 'Maintenance Staff', 'Water Storage']"
RR Pride,Rajarajeshwari Nagar,"['Feng Shui / Vaastu Compliant', 'Water Storage', 'Visitor Parking']"
RR Sankalp,Harlur,"['Security / Fire Alarm', 'Maintenance Staff', 'Water Storage']"
RRBC Picasso,Jayanagar,"['Security / Fire Alarm', 'Feng Shui / Vaastu Compliant', 'Lift(s)', 'High Ceiling Height', 'Maintenance Staff', 'False Ceiling Lighting', 'Water Storage', 'Separate entry for servant room', 'Piped-gas', 'Swimming Pool', 'Park', 'Security Personnel', 'Natural Light', 'Airy Rooms', 'Fitness Centre / GYM', 'Rain Water Harvesting', 'Club house / Community Center']"
RS Enclave,Ananth Nagar,"['Security / Fire Alarm', 'Lift(s)', 'Water Storage', 'Visitor Parking']"
RSun Palms,Whitefield,"['Security / Fire Alarm', 'Feng Shui / Vaastu Compliant', 'Intercom Facility', 'Lift(s)', 'Maintenance Staff', 'Water Storage', 'Visitor Parking', 'Park', 'Security Personnel', 'Internet/wi-fi connectivity', 'Airy Rooms', 'Fitness Centre / GYM', 'Waste Disposal', 'Rain Water Harvesting', 'Club house / Community Center']"
Rabow Nest,Mudayanapalya,"['Feng Shui / Vaastu Compliant', 'Intercom Facility', 'Lift(s)', 'Maintenance Staff', 'Water Storage', 'Recently Renovated', 'Piped-gas', 'Park', 'Security Personnel', 'Natural Light', 'Internet/wi-fi connectivity', 'Fitness Centre / GYM', 'Rain Water Harvesting']"
Radhe Enlite,Sarjapur Road,"['Intercom Facility', 'Lift(s)', 'Maintenance Staff', 'Swimming Pool', 'Water Storage', 'Visitor Parking', 'Shopping Centre', 'Fitness Centre / GYM', 'Water softening plant']"
Radiance Blossom,Mandur,"['Power Back-up', 'Security / Fire Alarm', 'Swimming Pool', 'Maintenance Staff', 'Water Storage', 'Park', 'Visitor Parking', 'Fitness Centre / GYM', 'Club house / Community Center', 'Rain Water Harvesting']"
Radiance Floresta,Hennur Road,"['Security / Fire Alarm', 'Feng Shui / Vaastu Compliant', 'Intercom Facility', 'Lift(s)', 'High Ceiling Height', 'Maintenance Staff', 'False Ceiling Lighting', 'Water Storage', 'Separate entry for servant room', 'No open drainage around', 'Bank Attached Property', 'Piped-gas', 'Internet/wi-fi connectivity', 'Visitor Parking', 'Swimming Pool', 'Park', 'Security Personnel', 'Natural Light', 'Airy Rooms', 'Low Density Society', 'Waste Disposal', 'Rain Water Harvesting', 'Water softening plant', 'Shopping Centre', 'Fitness Centre / GYM', 'Club house / Community Center']"
Radiance Platinum,Koramangala,"['Yoga/Meditation Area', 'Gymnasium', 'Gated Community', 'Security Cabin', ""Children's Play Area"", 'Barbecue', 'Car Parking', 'Senior Citizen Sitout', 'Park']"
Radiant Spencer,Electronics City Phase 2,"['Security / Fire Alarm', 'Feng Shui / Vaastu Compliant', 'Intercom Facility', 'Lift(s)', 'Maintenance Staff', 'Water Storage', 'No open drainage around', 'Visitor Parking', 'Swimming Pool', 'Park', 'Security Personnel', 'Fitness Centre / GYM', 'Waste Disposal', 'Rain Water Harvesting', 'Club house / Community Center']"
Raghavendra Gateway,Hebbal,"['Security / Fire Alarm', 'Lift(s)', 'Maintenance Staff', 'Water Storage', 'No open drainage around', 'Internet/wi-fi connectivity', 'Rain Water Harvesting']"
Raheja Residency Redwood,Koramangala,"['Security / Fire Alarm', 'Lift(s)', 'Maintenance Staff', 'Swimming Pool', 'Park', 'Security Personnel']"
Raj High Gardens,Hosur Road,"['Skating Rink', 'Amphitheatre', 'Jogging Track', 'Yoga/Meditation Area', 'Gymnasium', 'Club House', 'Basketball Court', 'Badminton Court', 'Swimming Pool']"
Raja Aristos,Ramanshree Nagar,"['Security / Fire Alarm', 'Lift(s)', 'Maintenance Staff', 'False Ceiling Lighting', 'Swimming Pool', 'Water Storage', 'Park', 'Recently Renovated', 'Visitor Parking', 'Shopping Centre', 'Fitness Centre / GYM', 'Club house / Community Center']"
Raja Rajeshwari Nagar,3rd Stage Rajarajeshwari Nagar,"['Feng Shui / Vaastu Compliant', 'Security / Fire Alarm', 'Lift(s)', 'Maintenance Staff', 'Water Storage', 'Visitor Parking']"
Rajanna,Mahalakshmi Layout,['Water Storage']
Rajarajeshwari,Rajarajeshwari Nagar,"['Feng Shui / Vaastu Compliant', 'Intercom Facility', 'Lift(s)', 'Maintenance Staff', 'Water Storage', 'No open drainage around', 'Visitor Parking', 'Swimming Pool', 'Park', 'Internet/wi-fi connectivity', 'Low Density Society', 'Fitness Centre / GYM', 'Waste Disposal', 'Rain Water Harvesting', 'Club house / Community Center']"
Rajeshwari Paradise,Rajarajeshwari Nagar,"['Security / Fire Alarm', 'Lift(s)', 'Maintenance Staff', 'Water Storage', 'Visitor Parking']"
Ramanashree California Garden Plot,Ramanashree California Gardens Layout,"['Security / Fire Alarm', 'Intercom Facility', 'Lift(s)', 'Maintenance Staff', 'Water Storage', 'Park', 'Visitor Parking']"
Ramson Trendsquare,Sarjapur Road,"['Feng Shui / Vaastu Compliant', 'Lift(s)', 'Swimming Pool', 'Visitor Parking', 'Fitness Centre / GYM']"
Ranka Ankura,Thanisandra,"['Gymnasium', 'Park', 'Mini Theatre', 'Banquet Hall', ""Children's Play Area"", 'Amphitheatre', 'Swimming Pool', 'Badminton Court', 'Creche/Day Care']"
Rashmi Rise Apartment,BEML Layout,"['Feng Shui / Vaastu Compliant', 'Lift(s)', 'Water Storage']"
Ravindra Babu Residency,HBR Layout,"['Feng Shui / Vaastu Compliant', 'Security / Fire Alarm', 'Lift(s)', 'Maintenance Staff', 'Water Storage', 'Visitor Parking']"
Regal Prelude,Seegehalli,"['Feng Shui / Vaastu Compliant', 'Security / Fire Alarm', 'Intercom Facility', 'Lift(s)', 'Maintenance Staff', 'Swimming Pool', 'Water Storage', 'Park', 'Visitor Parking', 'Fitness Centre / GYM', 'Club house / Community Center', 'Rain Water Harvesting']"
Regency Magnum,Hennur Gardens,"['Centrally Air Conditioned', 'Water purifier', 'Security / Fire Alarm', 'Feng Shui / Vaastu Compliant', 'Private Garden / Terrace', 'Intercom Facility', 'Lift(s)', 'High Ceiling Height', 'Maintenance Staff', 'False Ceiling Lighting', 'Water Storage', 'Separate entry for servant room', 'No open drainage around', 'Bank Attached Property', 'Piped-gas', 'Internet/wi-fi connectivity', 'Recently Renovated', 'Visitor Parking', 'Swimming Pool', 'Park', 'Security Personnel', 'Natural Light', 'Airy Rooms', 'Spacious Interiors', 'Low Density Society', 'Waste Disposal', 'Rain Water Harvesting', 'Water softening plant', 'Shopping Centre', 'Fitness Centre / GYM', 'Club house / Community Center']"
Renaissance Park 3,Subramanyanagar,"['Feng Shui / Vaastu Compliant', 'Intercom Facility', 'Lift(s)', 'Maintenance Staff', 'Swimming Pool', 'Park', 'Security Personnel', 'Internet/wi-fi connectivity', 'Fitness Centre / GYM', 'Club house / Community Center', 'Rain Water Harvesting']"
Renaissance Reserva,Jalahalli,"['Multipurpose Hall', 'Badminton Court', 'Basketball Court', 'Lounge', 'Yoga/Meditation Area', 'Billiards', 'Table Tennis', ""Children's Play Area"", 'Gymnasium']"
Renaissance Woods,Jalahalli,"['Power Back-up', 'Lift(s)', 'Swimming Pool', 'Maintenance Staff', 'Park', 'Piped-gas', 'Security Personnel', 'Fitness Centre / GYM', 'Club house / Community Center', 'Rain Water Harvesting']"
Residential Apartment,Defence Colony,"['Security / Fire Alarm', 'Feng Shui / Vaastu Compliant', 'Lift(s)', 'Centrally Air Conditioned', 'Water purifier', 'High Ceiling Height', 'Maintenance Staff', 'False Ceiling Lighting', 'Water Storage', 'Separate entry for servant room', 'No open drainage around', 'Piped-gas', 'Visitor Parking', 'Security Personnel', 'Natural Light', 'Internet/wi-fi connectivity', 'Airy Rooms', 'Spacious Interiors', 'Low Density Society', 'Fitness Centre / GYM', 'Waste Disposal', 'Rain Water Harvesting', 'Water softening plant']"
Retreat Signaa,Belathur,"['Security / Fire Alarm', 'Feng Shui / Vaastu Compliant', 'Intercom Facility', 'Lift(s)', 'Maintenance Staff', 'False Ceiling Lighting', 'Water Storage', 'No open drainage around', 'Visitor Parking', 'Swimming Pool', 'Park', 'Internet/wi-fi connectivity', 'Spacious Interiors', 'Fitness Centre / GYM', 'Waste Disposal', 'Rain Water Harvesting', 'Club house / Community Center', 'Water softening plant']"
Rohan Akriti,Kanakapura Road,"['Security / Fire Alarm', 'Feng Shui / Vaastu Compliant', 'Private Garden / Terrace', 'Lift(s)', 'Water purifier', 'Maintenance Staff', 'False Ceiling Lighting', 'Water Storage', 'No open drainage around', 'Recently Renovated', 'Visitor Parking', 'Swimming Pool', 'Park', 'Security Personnel', 'Natural Light', 'Internet/wi-fi connectivity', 'Airy Rooms', 'Spacious Interiors', 'Low Density Society', 'Fitness Centre / GYM', 'Waste Disposal', 'Rain Water Harvesting', 'Club house / Community Center']"
Rohan Ekanta,Varthur,"[""Children's Play Area"", 'Swimming Pool', 'Jogging Track', 'Gated Community', 'Flower Garden', 'Car Parking', 'Senior Citizen Sitout', 'Park']"
Rohan Iksha,Bhoganhalli,"['Intercom Facility', 'Lift(s)', 'Swimming Pool', 'Maintenance Staff', 'Park', 'Natural Light', 'Internet/wi-fi connectivity', 'Fitness Centre / GYM', 'Club house / Community Center']"
Roma Regency,Hennur Gardens,"['Intercom Facility', 'Lift(s)', 'Maintenance Staff', 'Security Personnel', 'Fitness Centre / GYM', 'Club house / Community Center', 'Rain Water Harvesting']"
Rose Mansion Apartments,Kadugodi,['Lift(s)']
Royal Enlite,HSR Extension,"['Feng Shui / Vaastu Compliant', 'Security / Fire Alarm', 'Lift(s)', 'Maintenance Staff', 'Swimming Pool', 'Water Storage', 'Park', 'Visitor Parking', 'Shopping Centre', 'Fitness Centre / GYM', 'Water softening plant']"
Royal Green Apartments,Bommanahalli,"['Intercom Facility', 'Lift(s)', 'Maintenance Staff', 'Water Storage']"
Royal Legend Apartments,Bommanahalli,"['Lift(s)', 'Natural Light', 'Airy Rooms', 'Spacious Interiors']"
Royal Oak,Hennur Gardens,"['Security / Fire Alarm', 'Water Storage', 'Park']"
Royal Palms,Konappana Agrahara,"['Feng Shui / Vaastu Compliant', 'Security / Fire Alarm', 'Intercom Facility', 'Lift(s)', 'Maintenance Staff', 'Water Storage', 'Park', 'Visitor Parking']"
Royal Sunrise Apartments,AECS C Block,"['Security / Fire Alarm', 'Feng Shui / Vaastu Compliant', 'Lift(s)', 'Maintenance Staff', 'False Ceiling Lighting', 'Water Storage', 'Visitor Parking', 'Swimming Pool', 'Security Personnel', 'Natural Light', 'Airy Rooms', 'Spacious Interiors', 'Low Density Society', 'Fitness Centre / GYM', 'Rain Water Harvesting', 'Club house / Community Center']"
Ruchira Aarna Homes,Narayanappa Garden,"['Power Back-up', 'Feng Shui / Vaastu Compliant', 'Intercom Facility', 'Lift(s)', 'Swimming Pool', 'Park', 'Security Personnel', 'Fitness Centre / GYM', 'Club house / Community Center', 'Waste Disposal', 'Rain Water Harvesting']"
Ruchira Park East,Whitefield,"['Club House', 'Gymnasium', 'Amphitheatre', 'Swimming Pool', 'Basketball Court', 'Lounge', 'Gazebo', 'Badminton Court', 'Park']"
S D Mansion,SBM Colony,"['Feng Shui / Vaastu Compliant', 'Lift(s)', 'Water Storage']"
S R Sky Blue,Sarjapur,"['Security / Fire Alarm', 'Feng Shui / Vaastu Compliant', 'Lift(s)', 'False Ceiling Lighting', 'Water Storage', 'Separate entry for servant room', 'No open drainage around', 'Visitor Parking', 'Swimming Pool', 'Park', 'Security Personnel', 'Natural Light', 'Internet/wi-fi connectivity', 'Airy Rooms', 'Spacious Interiors', 'Shopping Centre', 'Fitness Centre / GYM', 'Rain Water Harvesting', 'Club house / Community Center', 'Water softening plant']"
S V Meadows Apartment,Kodipalya,"['Security / Fire Alarm', 'Feng Shui / Vaastu Compliant', 'Intercom Facility', 'Lift(s)', 'Water purifier', 'High Ceiling Height', 'Maintenance Staff', 'False Ceiling Lighting', 'Water Storage', 'Bank Attached Property', 'Visitor Parking', 'Swimming Pool', 'Park', 'Security Personnel', 'Natural Light', 'Internet/wi-fi connectivity', 'Spacious Interiors', 'Fitness Centre / GYM', 'Waste Disposal', 'Rain Water Harvesting', 'Club house / Community Center', 'Water softening plant']"
S and S Platinum,Rajarajeshwari Nagar,"['Feng Shui / Vaastu Compliant', 'Security / Fire Alarm', 'Lift(s)', 'Maintenance Staff', 'Water Storage', 'Visitor Parking']"
S.V Mea,Kodipalya,"['Feng Shui / Vaastu Compliant', 'Security / Fire Alarm', 'Intercom Facility', 'Lift(s)', 'Maintenance Staff', 'Water Storage', 'Park', 'Visitor Parking']"
S2 Znia,Horamavu Agara,"['Power Back-up', 'Security / Fire Alarm', 'Intercom Facility', 'Lift(s)', 'Swimming Pool', 'Water Storage']"
SAS Honey Dew,KR Puram,"['Power Back-up', 'Intercom Facility', 'Lift(s)', 'No open drainage around', 'Bank Attached Property', 'Swimming Pool', 'Park', 'Security Personnel', 'Natural Light', 'Airy Rooms', 'Spacious Interiors', 'Fitness Centre / GYM', 'Waste Disposal', 'Rain Water Harvesting', 'Club house / Community Center']"
SB Dream House,Horamavu,"['Feng Shui / Vaastu Compliant', 'Lift(s)', 'Water Storage', 'Visitor Parking']"
SBB Spring Field,Ashwath Nagar,"['Security / Fire Alarm', 'Intercom Facility', 'Lift(s)', 'Maintenance Staff', 'Swimming Pool', 'Water Storage', 'Security Personnel', 'Fitness Centre / GYM', 'Club house / Community Center', 'Rain Water Harvesting']"
SBR Mara,Whitefield,"['Skating Rink', 'Sun Deck', 'Club House', ""Children's Play Area"", 'Swimming Pool', 'Park', 'Jogging Track', 'Lawn Tennis Court', 'Gymnasium']"
SBR One Residence,Whitefield,"['Club House', 'Terrace Garden', 'Amphitheatre', ""Children's Play Area"", 'Swimming Pool', 'Jogging Track', 'Banquet Hall', 'Gazebo', 'Gymnasium']"
SBR Pravanika,Katamnallur,"['Feng Shui / Vaastu Compliant', 'Security / Fire Alarm', 'Lift(s)', 'Maintenance Staff', 'Water Storage', 'Park', 'Visitor Parking']"
SDMV Elite,Electronics City,"['Security / Fire Alarm', 'Feng Shui / Vaastu Compliant', 'Intercom Facility', 'Lift(s)', 'Maintenance Staff', 'Water Storage', 'Separate entry for servant room', 'No open drainage around', 'Bank Attached Property', 'Visitor Parking', 'Swimming Pool', 'Park', 'Security Personnel', 'Low Density Society', 'Shopping Centre', 'Fitness Centre / GYM', 'Waste Disposal', 'Rain Water Harvesting', 'Club house / Community Center', 'Water softening plant']"
SDMV Elite Electronics City,Basavanapura,"[""Children's Play Area"", 'Gymnasium', 'Business Lounge', 'Multipurpose court', 'Swimming Pool', 'Multipurpose Hall', 'Yoga/Meditation Area', 'Jogging Track', 'Cricket Pitch']"
SDMV F City,Ananth Nagar Phase 2,"['Security / Fire Alarm', 'Feng Shui / Vaastu Compliant', 'Intercom Facility', 'High Ceiling Height', 'Maintenance Staff', 'False Ceiling Lighting', 'Water Storage', 'Separate entry for servant room', 'No open drainage around', 'Piped-gas', 'Visitor Parking', 'Swimming Pool', 'Park', 'Internet/wi-fi connectivity', 'Shopping Centre', 'Fitness Centre / GYM', 'Waste Disposal', 'Rain Water Harvesting', 'Water softening plant']"
SDMV Fra,Ananth Nagar Phase 2,"['Security / Fire Alarm', 'Feng Shui / Vaastu Compliant', 'Intercom Facility', 'Lift(s)', 'High Ceiling Height', 'Maintenance Staff', 'False Ceiling Lighting', 'Water Storage', 'Separate entry for servant room', 'No open drainage around', 'Bank Attached Property', 'Visitor Parking', 'Swimming Pool', 'Park', 'Security Personnel', 'Fitness Centre / GYM', 'Waste Disposal', 'Rain Water Harvesting', 'Club house / Community Center', 'Water softening plant']"
SDR Sri Gayathri Elite,Alfa Gardens,"['Feng Shui / Vaastu Compliant', 'Intercom Facility', 'Swimming Pool', 'Park', 'Fitness Centre / GYM', 'Rain Water Harvesting']"
SGR Havish,7th Phase JP Nagar,"['24x7 Security', 'Power Back up Lift', 'Car Parking', 'Lifts', 'Rain Water Harvesting', 'Vastu Compliant', 'Piped Gas', 'CCTV Camera Security']"
SGR Havish 7th Phase JP Nagar,Kanakapura Road,"['CCTV Camera Security', '24x7 Security', 'Power Back up Lift', 'Rain Water Harvesting', 'Lifts', 'Vastu Compliant', 'Car Parking', 'Piped Gas']"
SJR Fiesta Homes,Electronics City Phase 2,"['Feng Shui / Vaastu Compliant', 'Security / Fire Alarm', 'Intercom Facility', 'Lift(s)', 'Maintenance Staff', 'Swimming Pool', 'Water Storage', 'Park', 'Visitor Parking', 'Fitness Centre / GYM', 'Club house / Community Center']"
SJR Luxuria,Arekere,"['Security / Fire Alarm', 'Feng Shui / Vaastu Compliant', 'Intercom Facility', 'Lift(s)', 'Water purifier', 'High Ceiling Height', 'Maintenance Staff', 'False Ceiling Lighting', 'Water Storage', 'No open drainage around', 'Recently Renovated', 'Visitor Parking', 'Swimming Pool', 'Park', 'Security Personnel', 'Natural Light', 'Internet/wi-fi connectivity', 'Airy Rooms', 'Spacious Interiors', 'Low Density Society', 'Fitness Centre / GYM', 'Waste Disposal', 'Club house / Community Center']"
SJR Palazza City,Chikkakannalli,"['Security / Fire Alarm', 'Feng Shui / Vaastu Compliant', 'Intercom Facility', 'Lift(s)', 'Maintenance Staff', 'Water Storage', 'Visitor Parking', 'Swimming Pool', 'Park', 'Shopping Centre', 'Fitness Centre / GYM', 'Rain Water Harvesting', 'Club house / Community Center']"
SJR Vogue Residences,Sonnenahalli,"['Security / Fire Alarm', 'Feng Shui / Vaastu Compliant', 'Private Garden / Terrace', 'Intercom Facility', 'Lift(s)', 'High Ceiling Height', 'Maintenance Staff', 'Water Storage', 'Piped-gas', 'Visitor Parking', 'Swimming Pool', 'Park', 'Spacious Interiors', 'Fitness Centre / GYM', 'Rain Water Harvesting', 'Club house / Community Center']"
SJS Udyan,Malleshpalya,"['Feng Shui / Vaastu Compliant', 'Centrally Air Conditioned', 'High Ceiling Height', 'Maintenance Staff', 'Water Storage', 'No open drainage around', 'Visitor Parking', 'Internet/wi-fi connectivity', 'Low Density Society', 'Waste Disposal', 'Rain Water Harvesting']"
SK Skyles,Banashankari Stage 1,"['Feng Shui / Vaastu Compliant', 'Lift(s)', 'Water Storage', 'No open drainage around', 'Piped-gas', 'Rain Water Harvesting']"
SKAV Aastha,Yeshwanthpur,"['Feng Shui / Vaastu Compliant', 'Lift(s)', 'Swimming Pool', 'Fitness Centre / GYM']"
SKBC Serenity,Rajajinagar,"['Feng Shui / Vaastu Compliant', 'Lift(s)', 'High Ceiling Height', 'Maintenance Staff', 'Water Storage', 'No open drainage around', 'Visitor Parking', 'Swimming Pool', 'Natural Light', 'Airy Rooms', 'Spacious Interiors', 'Low Density Society', 'Fitness Centre / GYM', 'Waste Disposal', 'Rain Water Harvesting', 'Club house / Community Center', 'Water softening plant']"
SKBC Serenity Rajaj,Agar,"[""Children's Play Area"", 'Swimming Pool', 'Paved Compound', 'CCTV Camera Security', 'Indoor Games', 'Community Hall', 'Gymnasium']"
SKG Octave,BTM 2nd Stage,"['Security / Fire Alarm', 'Feng Shui / Vaastu Compliant', 'Lift(s)', 'Maintenance Staff', 'Water Storage', 'No open drainage around', 'Piped-gas', 'Visitor Parking', 'Security Personnel', 'Natural Light', 'Airy Rooms', 'Waste Disposal', 'Rain Water Harvesting']"
SKG Sky Vue,Kodichikkanahalli,"['Security / Fire Alarm', 'Feng Shui / Vaastu Compliant', 'Lift(s)', 'Maintenance Staff', 'Water Storage', 'No open drainage around', 'Piped-gas', 'Visitor Parking', 'Security Personnel', 'Natural Light', 'Airy Rooms', 'Waste Disposal', 'Rain Water Harvesting']"
SKG Sruthi,1st Phase Gottigere,"['Security / Fire Alarm', 'Feng Shui / Vaastu Compliant', 'Lift(s)', 'Maintenance Staff', 'Water Storage', 'No open drainage around', 'Piped-gas', 'Visitor Parking', 'Security Personnel', 'Natural Light', 'Airy Rooms', 'Waste Disposal', 'Rain Water Harvesting']"
SKG Vaishnavi,Devarachikkanahalli,"['Security / Fire Alarm', 'Feng Shui / Vaastu Compliant', 'Lift(s)', 'Maintenance Staff', 'Water Storage', 'No open drainage around', 'Piped-gas', 'Visitor Parking', 'Security Personnel', 'Natural Light', 'Airy Rooms', 'Waste Disposal', 'Rain Water Harvesting']"
SKG Vihaan Heights,Talaghattapura,"['Security / Fire Alarm', 'Feng Shui / Vaastu Compliant', 'Lift(s)', 'Maintenance Staff', 'Water Storage', 'No open drainage around', 'Piped-gas', 'Visitor Parking', 'Security Personnel', 'Natural Light', 'Airy Rooms', 'Waste Disposal', 'Rain Water Harvesting']"
SLN Classic Hallmark,Kaverappa Layout,"['Intercom Facility', 'Lift(s)', 'High Ceiling Height', 'Maintenance Staff', 'No open drainage around', 'Swimming Pool', 'Park', 'Security Personnel', 'Natural Light', 'Airy Rooms', 'Fitness Centre / GYM', 'Waste Disposal', 'Rain Water Harvesting', 'Club house / Community Center', 'Water softening plant']"
SLV,Abbigere,"['Intercom Facility', 'Swimming Pool', 'Park', 'Fitness Centre / GYM', 'Club house / Community Center', 'Rain Water Harvesting']"
SLV Aishaanvi Enclave,Hennur Gardens,"['Feng Shui / Vaastu Compliant', 'Intercom Facility', 'Lift(s)', 'High Ceiling Height', 'False Ceiling Lighting', 'Natural Light', 'Spacious Interiors', 'Fitness Centre / GYM', 'Club house / Community Center', 'Waste Disposal', 'Rain Water Harvesting']"
SLV Anveshna,Hennur Road,"['Private Garden / Terrace', 'Intercom Facility', 'Lift(s)', 'Park']"
SLV Enclave,Thanisandra,"['Security / Fire Alarm', 'Feng Shui / Vaastu Compliant', 'Intercom Facility', 'Lift(s)', 'Maintenance Staff', 'Water Storage', 'No open drainage around', 'Visitor Parking', 'Park', 'Security Personnel', 'Natural Light', 'Internet/wi-fi connectivity', 'Airy Rooms', 'Spacious Interiors', 'Fitness Centre / GYM', 'Waste Disposal', 'Rain Water Harvesting', 'Club house / Community Center']"
SLV Golden Nest Bangalore,Jnana Ganga Nagar,"['Security / Fire Alarm', 'Intercom Facility', 'Lift(s)', 'Maintenance Staff', 'Water Storage', 'Park', 'Fitness Centre / GYM']"
SLV Grand,Vishwapriya Nagar,"['Security / Fire Alarm', 'Feng Shui / Vaastu Compliant', 'Intercom Facility', 'Lift(s)', 'Maintenance Staff', 'Water Storage', 'No open drainage around', 'Security Personnel', 'Natural Light', 'Airy Rooms', 'Spacious Interiors', 'Low Density Society', 'Fitness Centre / GYM', 'Club house / Community Center']"
SLV Grand HBR Layout,Thanisandra Main Road,"['Feng Shui / Vaastu Compliant', 'Security / Fire Alarm', 'Lift(s)', 'Water Storage']"
SLV Greencity,Thirumenahalli,"['Power Back-up', 'Feng Shui / Vaastu Compliant', 'Intercom Facility', 'Lift(s)', 'Swimming Pool', 'Park', 'Fitness Centre / GYM', 'Club house / Community Center', 'Rain Water Harvesting', 'Water softening plant']"
SLV Heights DNP Layout,Doddakammanahalli,"['Security / Fire Alarm', 'Intercom Facility', 'Lift(s)', 'Maintenance Staff', 'Water Storage']"
SLV Nest,Hennur Road,"['Power Back-up', 'Feng Shui / Vaastu Compliant', 'Lift(s)', 'Maintenance Staff', 'Water Storage', 'Park', 'Security Personnel']"
SLV Paramount,HBR Layout,"['Intercom Facility', 'Lift(s)', 'Maintenance Staff', 'Park', 'Security Personnel', 'Natural Light', 'Rain Water Harvesting', 'Water softening plant']"
SLV Poorvik,Vinayak Nagar,"['Security / Fire Alarm', 'Intercom Facility', 'Lift(s)', 'Maintenance Staff', 'Water Storage']"
SLV Savi Samurdhi,Addischetan Layout,"['Feng Shui / Vaastu Compliant', 'Security / Fire Alarm', 'Intercom Facility', 'Lift(s)', 'Maintenance Staff', 'Water Storage', 'No open drainage around', 'Waste Disposal', 'Rain Water Harvesting']"
SLV Spandana,Begur,"['Power Back-up', 'Feng Shui / Vaastu Compliant', 'Security / Fire Alarm', 'Intercom Facility', 'Lift(s)', 'Maintenance Staff', 'Water Storage', 'Park', 'Visitor Parking', 'Fitness Centre / GYM', 'Club house / Community Center', 'Rain Water Harvesting']"
SLV Spring Field Apartment,Manyata Tech Park,"['Security / Fire Alarm', 'Lift(s)', 'Maintenance Staff', 'Water Storage', 'Park', 'Visitor Parking']"
SLV Sunflower,Belathur,"['Power Back-up', 'Security / Fire Alarm', 'Intercom Facility', 'Lift(s)', 'Swimming Pool', 'Maintenance Staff', 'Water Storage', 'Park', 'Visitor Parking', 'Fitness Centre / GYM', 'Club house / Community Center', 'Rain Water Harvesting']"
SM Art,Balagere,"['Security / Fire Alarm', 'Feng Shui / Vaastu Compliant', 'Intercom Facility', 'Lift(s)', 'Maintenance Staff', 'Water Storage', 'Visitor Parking', 'Swimming Pool', 'Park', 'Security Personnel', 'Fitness Centre / GYM', 'Rain Water Harvesting', 'Club house / Community Center']"
SM Windsor Homes,KR Puram,"['Feng Shui / Vaastu Compliant', 'Intercom Facility', 'Lift(s)', 'Swimming Pool', 'Park', 'Fitness Centre / GYM', 'Club house / Community Center', 'Rain Water Harvesting']"
SN Celeste,IAS Layout,"['Security / Fire Alarm', 'Feng Shui / Vaastu Compliant', 'Lift(s)', 'Maintenance Staff', 'No open drainage around', 'Piped-gas', 'Visitor Parking', 'Park', 'Security Personnel', 'Low Density Society', 'Fitness Centre / GYM', 'Club house / Community Center', 'Water softening plant']"
SNN Clermont,Hebbal,"['Security / Fire Alarm', 'Power Back-up', 'Feng Shui / Vaastu Compliant', 'Intercom Facility', 'Lift(s)', 'Water purifier', 'Maintenance Staff', 'False Ceiling Lighting', 'Water Storage', 'Recently Renovated', 'Visitor Parking', 'Swimming Pool', 'Park', 'Natural Light', 'Internet/wi-fi connectivity', 'Airy Rooms', 'Spacious Interiors', 'Shopping Centre', 'Fitness Centre / GYM', 'Rain Water Harvesting', 'Club house / Community Center', 'Water softening plant']"
SNN Estates Felicity,Thanisandra,"['Gymnasium', 'Park', 'Club House', ""Children's Play Area"", 'Squash Court', 'Swimming Pool', 'Badminton Court', 'Lounge', 'Basketball Court']"
SNN Estates Felicity Thanisandra,Hebbal Kempapura,"['Squash Court', 'Lounge', ""Children's Play Area"", 'Badminton Court', 'Park', 'Swimming Pool', 'Basketball Court', 'Club House', 'Gymnasium']"
SNN Felicity,Jakkur,"['Water purifier', 'Centrally Air Conditioned', 'Security / Fire Alarm', 'Feng Shui / Vaastu Compliant', 'Private Garden / Terrace', 'Intercom Facility', 'Lift(s)', 'High Ceiling Height', 'Maintenance Staff', 'False Ceiling Lighting', 'Water Storage', 'Separate entry for servant room', 'No open drainage around', 'Piped-gas', 'Internet/wi-fi connectivity', 'Recently Renovated', 'Visitor Parking', 'Swimming Pool', 'Park', 'Security Personnel', 'Natural Light', 'Airy Rooms', 'Spacious Interiors', 'Low Density Society', 'Waste Disposal', 'Rain Water Harvesting', 'Water softening plant', 'Shopping Centre', 'Fitness Centre / GYM', 'Club house / Community Center']"
SNN Raj Eternia,Harlur,"['Feng Shui / Vaastu Compliant', 'Security / Fire Alarm', 'Intercom Facility', 'Lift(s)', 'Maintenance Staff', 'Water Storage', 'Park', 'Visitor Parking']"
SNN Raj Greenbay,Doddanagamangala,"['Security / Fire Alarm', 'Power Back-up', 'Intercom Facility', 'Lift(s)', 'Maintenance Staff', 'Water Storage', 'Visitor Parking', 'Swimming Pool', 'Park', 'Security Personnel', 'Shopping Centre', 'Fitness Centre / GYM', 'Waste Disposal', 'Club house / Community Center', 'Water softening plant']"
SNN Raj High Garden,Chandapura,"['Feng Shui / Vaastu Compliant', 'Security / Fire Alarm', 'Intercom Facility', 'Lift(s)', 'Maintenance Staff', 'Water Storage', 'Park', 'Visitor Parking']"
SNN Raj Serenity,Begur,"['Security / Fire Alarm', 'Power Back-up', 'Feng Shui / Vaastu Compliant', 'Intercom Facility', 'Lift(s)', 'Maintenance Staff', 'False Ceiling Lighting', 'Water Storage', 'No open drainage around', 'Visitor Parking', 'Swimming Pool', 'Park', 'Security Personnel', 'Natural Light', 'Airy Rooms', 'Spacious Interiors', 'Shopping Centre', 'Fitness Centre / GYM', 'Waste Disposal', 'Rain Water Harvesting', 'Club house / Community Center', 'Water softening plant']"
SNR Safa,Sarjapur Road,"['Swimming Pool', 'Water Storage', 'Security Personnel', 'Natural Light', 'Airy Rooms', 'Waste Disposal']"
SNR Verity,Sarjapur,"['Power Back-up', 'Feng Shui / Vaastu Compliant', 'Intercom Facility', 'Lift(s)', 'Swimming Pool', 'Park', 'Fitness Centre / GYM', 'Club house / Community Center', 'Rain Water Harvesting']"
SPL Samethana Lakefront,Nagondanahalli,"['Power Back-up', 'Feng Shui / Vaastu Compliant', 'Intercom Facility', 'Lift(s)', 'Park', 'Fitness Centre / GYM', 'Club house / Community Center', 'Rain Water Harvesting', 'Water softening plant']"
SRR Sai Sadan,Shivanna Layout,"['Feng Shui / Vaastu Compliant', 'Lift(s)']"
SS Siri Nivas,Mahadevapura,"['Power Back-up', 'Intercom Facility', 'Lift(s)', 'Rain Water Harvesting']"
SSB Kailash,Rajajinagar,"['Feng Shui / Vaastu Compliant', 'Lift(s)', 'Water Storage', 'Visitor Parking']"
SSVR Niyaara,Varthur,"['Gymnasium', ""Children's Play Area"", 'Amphitheatre', 'Swimming Pool', 'Banquet Hall', 'Jogging Track', 'Basketball Court', 'Park', 'Yoga/Meditation Area']"
SV Pleasanta,Dommasandra,"['Feng Shui / Vaastu Compliant', 'Intercom Facility', 'Lift(s)', 'Swimming Pool', 'Park', 'Security Personnel', 'Fitness Centre / GYM', 'Club house / Community Center', 'Rain Water Harvesting']"
SVS Signature,KR Puram,"['Feng Shui / Vaastu Compliant', 'Security / Fire Alarm', 'Intercom Facility', 'Lift(s)', 'Maintenance Staff', 'Swimming Pool', 'Water Storage', 'Park', 'Visitor Parking', 'Fitness Centre / GYM', 'Rain Water Harvesting']"
Sadashivanagar,Sadashiva Nagar,"['Water Storage', 'Visitor Parking', 'Waste Disposal']"
Sai Anvitha Residency,Electronics City Phase 1,"['Power Back-up', 'Feng Shui / Vaastu Compliant', 'Intercom Facility', 'Lift(s)', 'Maintenance Staff', 'Security Personnel', 'Fitness Centre / GYM']"
Sai Chethana,Hulimavu,"['Security / Fire Alarm', 'Private Garden / Terrace', 'Intercom Facility', 'Lift(s)', 'Water purifier', 'Water Storage', 'No open drainage around', 'Visitor Parking', 'Park', 'Security Personnel', 'Natural Light', 'Airy Rooms', 'Spacious Interiors', 'Low Density Society', 'Fitness Centre / GYM', 'Waste Disposal', 'Rain Water Harvesting', 'Club house / Community Center', 'Water softening plant']"
Sai Dwaar,Horamavu,"['Feng Shui / Vaastu Compliant', 'Security / Fire Alarm', 'Intercom Facility', 'Lift(s)', 'Maintenance Staff', 'Water Storage', 'Park', 'Visitor Parking']"
Sai Enclave,Banjara Layout,"['Feng Shui / Vaastu Compliant', 'Security / Fire Alarm', 'Intercom Facility', 'Lift(s)', 'Maintenance Staff', 'Water Storage', 'Park', 'Visitor Parking']"
Sai Ferns,Banjara Layout,"['Lift(s)', 'Maintenance Staff', 'Water Storage']"
Sai Garden Square,Uttarahalli,"['Senior Citizen Sitout', 'Lawn Tennis Court', 'Car Parking', 'Basketball Court', 'Swimming Pool', 'Paved Compound', 'Flower Garden', 'Open Space', 'EV Charging Stations']"
Sai Homes,Electronics City Phase 2,"['Feng Shui / Vaastu Compliant', 'Security / Fire Alarm', 'Lift(s)', 'Maintenance Staff', 'Water Storage', 'Park', 'Visitor Parking']"
Sai Indraprastha,Thanisandra,"['Feng Shui / Vaastu Compliant', 'Intercom Facility', 'Lift(s)', 'Maintenance Staff', 'Water Storage']"
Sai Iris Apartment,Yelahanka,"['Feng Shui / Vaastu Compliant', 'Security / Fire Alarm', 'Water Storage']"
Sai Kalyan Ultima,Thanisandra,"['Power Back-up', 'Feng Shui / Vaastu Compliant', 'Lift(s)', 'Swimming Pool', 'Park', 'Fitness Centre / GYM', 'Club house / Community Center']"
Sai Krupa Hanging Gardens,Begur,"['Intercom Facility', 'Lift(s)', 'Swimming Pool', 'Park', 'Security Personnel', 'Natural Light', 'Internet/wi-fi connectivity', 'Airy Rooms', 'Spacious Interiors', 'Fitness Centre / GYM', 'Waste Disposal', 'Rain Water Harvesting', 'Club house / Community Center']"
Sai Krupa Harmony,Mahadevapura,"['Security / Fire Alarm', 'Lift(s)', 'Maintenance Staff', 'Water Storage', 'No open drainage around', 'Visitor Parking', 'Swimming Pool', 'Park', 'Security Personnel', 'Internet/wi-fi connectivity', 'Airy Rooms', 'Spacious Interiors', 'Rain Water Harvesting', 'Club house / Community Center']"
Sai Krupa Heritage,Hennur Gardens,"['Power Back-up', 'Intercom Facility', 'Lift(s)', 'Swimming Pool', 'False Ceiling Lighting', 'Park', 'Natural Light', 'Fitness Centre / GYM', 'Club house / Community Center', 'Rain Water Harvesting']"
Sai Luxus Serenity Apartment,Horamavu,"['Feng Shui / Vaastu Compliant', 'Security / Fire Alarm', 'Intercom Facility', 'Lift(s)', 'Maintenance Staff', 'Water Storage', 'Visitor Parking']"
Sai Madhuram,Ananth Nagar Phase 2,"['Lift(s)', 'Maintenance Staff', 'False Ceiling Lighting', 'Water Storage', 'No open drainage around', 'Bank Attached Property', 'Security Personnel', 'Airy Rooms', 'Spacious Interiors']"
Sai Mukunda,Electronics City Phase 2,"['Feng Shui / Vaastu Compliant', 'Security / Fire Alarm', 'Lift(s)', 'Maintenance Staff', 'Water Storage']"
Sai Mukundha,Electronics City Phase 2,"['Feng Shui / Vaastu Compliant', 'Security / Fire Alarm', 'Lift(s)', 'Maintenance Staff', 'Water Storage']"
Sai Mukundha Anantha Nagar,Ananth Nagar Phase 2,"['Feng Shui / Vaastu Compliant', 'Security / Fire Alarm', 'Intercom Facility', 'Lift(s)', 'Maintenance Staff', 'Water Storage']"
Sai Paradise,Venkatagowda Layout,"['Intercom Facility', 'Lift(s)', 'No open drainage around', 'Park', 'Visitor Parking', 'Natural Light', 'Airy Rooms', 'Internet/wi-fi connectivity', 'Spacious Interiors']"
Sai Paradise Apartment,Pampa Extension,"['Intercom Facility', 'Lift(s)', 'No open drainage around', 'Natural Light', 'Airy Rooms']"
Sai Priya Infra Serenity,Neeladri Nagar,"['Security / Fire Alarm', 'Lift(s)', 'Maintenance Staff', 'Water Storage', 'Visitor Parking']"
Sai Ram Meadows,Herohalli,"['Security / Fire Alarm', 'Feng Shui / Vaastu Compliant', 'Lift(s)', 'Maintenance Staff', 'Water Storage', 'No open drainage around', 'Visitor Parking', 'Security Personnel', 'Natural Light', 'Airy Rooms', 'Spacious Interiors', 'Low Density Society', 'Waste Disposal', 'Rain Water Harvesting']"
Sai Sadan Apartment,Dasarahalli,"['Intercom Facility', 'Lift(s)', 'Maintenance Staff', 'Swimming Pool', 'Park', 'Piped-gas', 'Security Personnel', 'Internet/wi-fi connectivity', 'Fitness Centre / GYM', 'Club house / Community Center', 'Rain Water Harvesting']"
Sai Sadhan,Electronics City Phase 1,"['Lift(s)', 'Rain Water Harvesting']"
Sai Sanjeevi Enclave,Raghuvanahalli,"['Feng Shui / Vaastu Compliant', 'Lift(s)', 'High Ceiling Height', 'Maintenance Staff', 'False Ceiling Lighting', 'Water Storage', 'No open drainage around', 'Recently Renovated', 'Piped-gas', 'Natural Light', 'Airy Rooms', 'Spacious Interiors', 'Shopping Centre', 'Waste Disposal', 'Rain Water Harvesting']"
Sai Sankalp Basavangudi,Thyagaraja Nagar,"['Feng Shui / Vaastu Compliant', 'Security / Fire Alarm', 'Intercom Facility', 'Lift(s)']"
Sai Sarovar Apartments,Belathur,"['Feng Shui / Vaastu Compliant', 'Security / Fire Alarm', 'Intercom Facility', 'Lift(s)', 'Water Storage', 'Visitor Parking']"
Sai Serenity,Kammasandra,"['Feng Shui / Vaastu Compliant', 'Intercom Facility', 'Lift(s)', 'Water Storage']"
Sai Sumukha Serenity,Laggere,"['Security / Fire Alarm', 'Power Back-up', 'Feng Shui / Vaastu Compliant', 'Lift(s)', 'Maintenance Staff', 'Water Storage', 'No open drainage around', 'Piped-gas', 'Park', 'Fitness Centre / GYM', 'Waste Disposal', 'Rain Water Harvesting', 'Water softening plant']"
Sai Sunshine Apartments,Kundalahalli,"['Security / Fire Alarm', 'Feng Shui / Vaastu Compliant', 'Private Garden / Terrace', 'Intercom Facility', 'Lift(s)', 'Centrally Air Conditioned', 'Water purifier', 'High Ceiling Height', 'Maintenance Staff', 'False Ceiling Lighting', 'Water Storage', 'Recently Renovated', 'Piped-gas', 'Visitor Parking', 'Park', 'Internet/wi-fi connectivity', 'Airy Rooms', 'Spacious Interiors']"
Sai Vani Enclave,Basaveshwara Nagar,"['Feng Shui / Vaastu Compliant', 'Lift(s)', 'Water Storage', 'Visitor Parking']"
Sai Vihar,Rajarajeshwari Nagar,"['Feng Shui / Vaastu Compliant', 'Lift(s)', 'Maintenance Staff', 'Water Storage', 'Park', 'Visitor Parking']"
Sai Vrushabadri Towers,Koralur,"['Security / Fire Alarm', 'Feng Shui / Vaastu Compliant', 'Lift(s)', 'Maintenance Staff', 'False Ceiling Lighting', 'Water Storage', 'Visitor Parking', 'Swimming Pool', 'Park', 'Security Personnel', 'Natural Light', 'Internet/wi-fi connectivity', 'Airy Rooms', 'Spacious Interiors', 'Fitness Centre / GYM', 'Rain Water Harvesting', 'Club house / Community Center', 'Water softening plant']"
Saideep Hulas,Virgonagar,"['Security / Fire Alarm', 'Power Back-up', 'Feng Shui / Vaastu Compliant', 'Intercom Facility', 'Lift(s)', 'Maintenance Staff', 'Water Storage', 'Visitor Parking', 'Swimming Pool', 'Park', 'Fitness Centre / GYM', 'Rain Water Harvesting', 'Club house / Community Center', 'Water softening plant']"
Saiven Siesta,Volagerekallahalli,"['Feng Shui / Vaastu Compliant', 'Lift(s)', 'Maintenance Staff', 'Water Storage', 'Visitor Parking', 'Swimming Pool', 'Park', 'Natural Light', 'Internet/wi-fi connectivity', 'Spacious Interiors', 'Fitness Centre / GYM', 'Rain Water Harvesting', 'Club house / Community Center']"
Saketh Hillside,Gurudatta Layout,"['Feng Shui / Vaastu Compliant', 'Security / Fire Alarm', 'Intercom Facility', 'Lift(s)', 'Water Storage', 'Visitor Parking']"
Sakthi Developer,Ananth Nagar Phase 2,"['Feng Shui / Vaastu Compliant', 'Security / Fire Alarm', 'Intercom Facility', 'Lift(s)', 'Maintenance Staff', 'Water Storage', 'Park', 'Visitor Parking']"
Salarpuria Sattva Aspire,Chikkagubbi,"['Feng Shui / Vaastu Compliant', 'Intercom Facility', 'Lift(s)', 'Swimming Pool', 'Park', 'Piped-gas', 'Fitness Centre / GYM', 'Club house / Community Center']"
Salarpuria Sattva Cadenza,Kudlu Gate,"['Security / Fire Alarm', 'Power Back-up', 'Feng Shui / Vaastu Compliant', 'Intercom Facility', 'Lift(s)', 'Water purifier', 'Maintenance Staff', 'False Ceiling Lighting', 'Water Storage', 'No open drainage around', 'Piped-gas', 'Visitor Parking', 'Swimming Pool', 'Park', 'Security Personnel', 'Natural Light', 'Internet/wi-fi connectivity', 'Airy Rooms', 'Spacious Interiors', 'Shopping Centre', 'Fitness Centre / GYM', 'Waste Disposal', 'Rain Water Harvesting', 'Club house / Community Center']"
Salarpuria Sattva Gold Summit,Hennur Road,"['Power Back-up', 'Lift(s)', 'Swimming Pool', 'Park', 'Piped-gas', 'Natural Light', 'Airy Rooms', 'Fitness Centre / GYM', 'Club house / Community Center', 'Rain Water Harvesting']"
Salarpuria Sattva Melody,Pantharapalya,"['Security / Fire Alarm', 'Power Back-up', 'Private Garden / Terrace', 'Intercom Facility', 'Lift(s)', 'Water purifier', 'High Ceiling Height', 'Maintenance Staff', 'False Ceiling Lighting', 'Water Storage', 'Piped-gas', 'Visitor Parking', 'Swimming Pool', 'Park', 'Natural Light', 'Shopping Centre', 'Fitness Centre / GYM', 'Rain Water Harvesting', 'Club house / Community Center']"
Samanvitha Unicorn,HRBR Layout,"['Lift(s)', 'Fitness Centre / GYM']"
Samhita Rabow MTB,Thubarahalli,"['Security / Fire Alarm', 'Power Back-up', 'Intercom Facility', 'Lift(s)', 'High Ceiling Height', 'Maintenance Staff', 'Water Storage', 'No open drainage around', 'Visitor Parking', 'Swimming Pool', 'Park', 'Security Personnel', 'Natural Light', 'Internet/wi-fi connectivity', 'Airy Rooms', 'Spacious Interiors', 'Fitness Centre / GYM', 'Waste Disposal', 'Rain Water Harvesting', 'Club house / Community Center']"
Samhita Sarovar,Horamavu,"['Security / Fire Alarm', 'Private Garden / Terrace', 'Intercom Facility', 'Lift(s)', 'Maintenance Staff', 'Water Storage', 'No open drainage around', 'Recently Renovated', 'Visitor Parking', 'Swimming Pool', 'Park', 'Natural Light', 'Airy Rooms', 'Fitness Centre / GYM', 'Waste Disposal', 'Rain Water Harvesting', 'Club house / Community Center', 'Water softening plant']"
Samruddhi Uplands,Devasthanagalu,"['Power Back-up', 'Intercom Facility', 'Lift(s)', 'Swimming Pool', 'Park', 'Fitness Centre / GYM', 'Club house / Community Center', 'Rain Water Harvesting']"
Sandalwoods,Belathur,"['Security / Fire Alarm', 'Feng Shui / Vaastu Compliant', 'Intercom Facility', 'Lift(s)', 'Maintenance Staff', 'Water Storage', 'Piped-gas', 'Visitor Parking', 'Swimming Pool', 'Park', 'Fitness Centre / GYM', 'Rain Water Harvesting', 'Club house / Community Center']"
Sanjana Bliss,Serenity Layout,['Lift(s)']
Sanjeevi Srushti,Whitefield,"['Intercom Facility', 'Lift(s)', 'Swimming Pool', 'Park', 'Fitness Centre / GYM', 'Club house / Community Center']"
Sankaalp Residency,Coconut Grove Layout,"['Feng Shui / Vaastu Compliant', 'Security / Fire Alarm', 'Lift(s)', 'Water Storage']"
Sanvi Sankalpam,Nagondanahalli,"['Security / Fire Alarm', 'Feng Shui / Vaastu Compliant', 'Intercom Facility', 'Lift(s)', 'Water purifier', 'Maintenance Staff', 'Water Storage', 'No open drainage around', 'Visitor Parking', 'Swimming Pool', 'Park', 'Security Personnel', 'Internet/wi-fi connectivity', 'Airy Rooms', 'Spacious Interiors', 'Low Density Society', 'Fitness Centre / GYM', 'Club house / Community Center']"
Sapthagiri Layout,Doddathoguru,"['Security / Fire Alarm', 'Lift(s)']"
Sapthagiri Nivas,Annaiah Reddy Layout,"['Security / Fire Alarm', 'Feng Shui / Vaastu Compliant', 'Private Garden / Terrace', 'Intercom Facility', 'Lift(s)', 'Water purifier', 'High Ceiling Height', 'Maintenance Staff', 'Water Storage', 'Visitor Parking', 'Park', 'Security Personnel', 'Natural Light', 'Internet/wi-fi connectivity', 'Airy Rooms', 'Spacious Interiors', 'Fitness Centre / GYM', 'Club house / Community Center']"
Sapthagiri Nivas Apartment,Annaiah Reddy Layout,"['Feng Shui / Vaastu Compliant', 'Security / Fire Alarm', 'Intercom Facility', 'Lift(s)', 'Maintenance Staff', 'Water Storage', 'Visitor Parking', 'Security Personnel', 'Fitness Centre / GYM', 'Club house / Community Center']"
Sapthagiri Sandalwood Project,Kadugodi,"['Feng Shui / Vaastu Compliant', 'Security / Fire Alarm', 'Intercom Facility', 'Lift(s)', 'Maintenance Staff', 'Swimming Pool', 'Water Storage', 'Park', 'Piped-gas', 'Visitor Parking', 'Fitness Centre / GYM', 'Rain Water Harvesting']"
Sapthagiri Sandalwoods,Belathur,"['Club House', 'Gymnasium', ""Children's Play Area"", 'Swimming Pool', 'Jogging Track', 'Basketball Court', 'Badminton Court', 'Cricket Pitch', 'Park']"
Saranag by Sumadhara,Bidarahalli,"['Security / Fire Alarm', 'Intercom Facility', 'Lift(s)', 'Maintenance Staff', 'Water Storage', 'Park', 'Visitor Parking']"
Saranya Shantiniketan,Immadihalli,"['Feng Shui / Vaastu Compliant', 'Intercom Facility', 'Lift(s)', 'Maintenance Staff', 'Swimming Pool', 'Park', 'Security Personnel', 'Fitness Centre / GYM', 'Club house / Community Center', 'Rain Water Harvesting']"
Saraswathi Residency,KSRTC Layout,"['Lift(s)', 'No open drainage around']"
Saravana Tranquil Heights,Jalahalli,"['Feng Shui / Vaastu Compliant', 'Security / Fire Alarm', 'Intercom Facility', 'Lift(s)', 'Swimming Pool', 'Maintenance Staff', 'Water Storage', 'Park', 'Visitor Parking', 'Fitness Centre / GYM']"
Saritha Opulence,Munnekollal,"['Security / Fire Alarm', 'Feng Shui / Vaastu Compliant', 'Intercom Facility', 'Lift(s)', 'Maintenance Staff', 'Water Storage', 'No open drainage around', 'Visitor Parking', 'Park', 'Security Personnel', 'Natural Light', 'Internet/wi-fi connectivity', 'Spacious Interiors', 'Shopping Centre', 'Fitness Centre / GYM', 'Waste Disposal', 'Rain Water Harvesting', 'Club house / Community Center']"
Saroj Enclave,Ashwathnagar,"['Feng Shui / Vaastu Compliant', 'Security / Fire Alarm', 'Intercom Facility', 'Lift(s)', 'Maintenance Staff', 'Swimming Pool', 'Water Storage', 'Security Personnel', 'Fitness Centre / GYM', 'Club house / Community Center']"
Sashank Aavaas,Yelahanka,"['Security / Fire Alarm', 'Feng Shui / Vaastu Compliant', 'Intercom Facility', 'Lift(s)', 'Maintenance Staff', 'False Ceiling Lighting', 'Water Storage', 'Piped-gas', 'Swimming Pool', 'Park', 'Security Personnel', 'Natural Light', 'Fitness Centre / GYM', 'Waste Disposal', 'Rain Water Harvesting', 'Club house / Community Center', 'Water softening plant']"
Sashank Advaith,Choodasandra,"['Security / Fire Alarm', 'Feng Shui / Vaastu Compliant', 'Intercom Facility', 'Lift(s)', 'Maintenance Staff', 'Water Storage', 'No open drainage around', 'Visitor Parking', 'Swimming Pool', 'Park', 'Security Personnel', 'Natural Light', 'Spacious Interiors', 'Fitness Centre / GYM', 'Waste Disposal', 'Rain Water Harvesting', 'Club house / Community Center']"
Sathya Sai Paradise,Whitefield,"['Feng Shui / Vaastu Compliant', 'Security / Fire Alarm', 'Intercom Facility', 'Lift(s)', 'Maintenance Staff', 'Water Storage', 'Park', 'Visitor Parking']"
Sattva Anugraha,Vijayanagar,"['Lift(s)', 'Swimming Pool', 'Park', 'Fitness Centre / GYM', 'Club house / Community Center']"
Sattva Ashraya,Bidadi,"['Security / Fire Alarm', 'Feng Shui / Vaastu Compliant', 'Intercom Facility', 'Lift(s)', 'Maintenance Staff', 'Water Storage', 'No open drainage around', 'Piped-gas', 'Visitor Parking', 'Swimming Pool', 'Park', 'Security Personnel', 'Natural Light', 'Airy Rooms', 'Fitness Centre / GYM', 'Rain Water Harvesting', 'Club house / Community Center', 'Water softening plant']"
Sattva Bliss,Budigere Cross,"['Feng Shui / Vaastu Compliant', 'Security / Fire Alarm', 'Intercom Facility', 'Lift(s)', 'Maintenance Staff', 'Swimming Pool', 'Park', 'Visitor Parking', 'Security Personnel']"
Sattva Divinity,Mysore Road,"['Centrally Air Conditioned', 'Water purifier', 'Security / Fire Alarm', 'Power Back-up', 'Feng Shui / Vaastu Compliant', 'Private Garden / Terrace', 'Intercom Facility', 'Lift(s)', 'High Ceiling Height', 'Maintenance Staff', 'False Ceiling Lighting', 'Water Storage', 'Separate entry for servant room', 'No open drainage around', 'Bank Attached Property', 'Piped-gas', 'Internet/wi-fi connectivity', 'Recently Renovated', 'Visitor Parking', 'Swimming Pool', 'Park', 'Security Personnel', 'Natural Light', 'Airy Rooms', 'Spacious Interiors', 'Low Density Society', 'Waste Disposal', 'Rain Water Harvesting', 'Water softening plant', 'Shopping Centre', 'Fitness Centre / GYM', 'Club house / Community Center']"
Sattva East Crest,Bandapura,"['Feng Shui / Vaastu Compliant', 'Intercom Facility', 'Lift(s)', 'High Ceiling Height', 'No open drainage around', 'Piped-gas', 'Swimming Pool', 'Park', 'Security Personnel', 'Natural Light', 'Internet/wi-fi connectivity', 'Airy Rooms', 'Shopping Centre', 'Fitness Centre / GYM', 'Waste Disposal', 'Rain Water Harvesting', 'Club house / Community Center', 'Water softening plant']"
Sattva East Crest Bandapura,Budigere Cross,"['Banquet Hall', 'Creche/Day Care', ""Children's Play Area"", 'Park', 'Gymnasium', 'Club House', 'Swimming Pool', 'Lounge', 'Golf Course']"
Sattva Exotic,Kattigenahalli,"['Security / Fire Alarm', 'Power Back-up', 'Feng Shui / Vaastu Compliant', 'Private Garden / Terrace', 'Intercom Facility', 'Lift(s)', 'Water purifier', 'High Ceiling Height', 'Maintenance Staff', 'Water Storage', 'Piped-gas', 'Visitor Parking', 'Swimming Pool', 'Park', 'Security Personnel', 'Natural Light', 'Airy Rooms', 'Spacious Interiors', 'Shopping Centre', 'Fitness Centre / GYM', 'Waste Disposal', 'Rain Water Harvesting', 'Club house / Community Center']"
Sattva Laurel Heights,Tumkur Road,"['Power Back-up', 'Intercom Facility', 'Lift(s)', 'Swimming Pool', 'Park', 'Fitness Centre / GYM', 'Club house / Community Center']"
Sattva Luma,Yelahanka,"['Gymnasium', 'Mini Theatre', 'Club House', 'CCTV Camera Security', ""Children's Play Area"", 'Car Parking', 'Jogging Track', 'Indoor Games', 'Yoga/Meditation Area']"
Sattva Luxuria,Malleshwaram,"['Jogging Track', 'Banquet Hall', 'Golf Course', ""Children's Play Area"", 'Swimming Pool', 'Club House', 'Park', 'Amphitheatre', 'Gymnasium']"
Sattva Magnificia,Old Madras Road,"['Banquet Hall', 'Club House', 'Creche/Day Care', 'Park', 'Terrace Garden', 'Natural Pond', 'Swimming Pool', ""Children's Play Area"", 'Gymnasium']"
Sattva Signet,Kasavanhalli,"['Security / Fire Alarm', 'Feng Shui / Vaastu Compliant', 'Intercom Facility', 'Lift(s)', 'Maintenance Staff', 'No open drainage around', 'Piped-gas', 'Visitor Parking', 'Swimming Pool', 'Park', 'Natural Light', 'Fitness Centre / GYM', 'Waste Disposal', 'Rain Water Harvesting', 'Club house / Community Center', 'Water softening plant']"
Sattva Songbird,Old Madras Road,"['Golf Course', 'Club House', 'Gymnasium', ""Children's Play Area"", 'Swimming Pool', 'Jogging Track', 'Landscape Garden', 'Park', 'Yoga/Meditation Area']"
Savyasachi Sarayu,Jayamahal Extension,"['Security / Fire Alarm', 'Feng Shui / Vaastu Compliant', 'Private Garden / Terrace', 'Intercom Facility', 'Lift(s)', 'High Ceiling Height', 'Maintenance Staff', 'False Ceiling Lighting', 'Water Storage', 'Separate entry for servant room', 'No open drainage around', 'Piped-gas', 'Visitor Parking', 'Swimming Pool', 'Park', 'Security Personnel', 'Natural Light', 'Airy Rooms', 'Low Density Society', 'Fitness Centre / GYM', 'Waste Disposal', 'Rain Water Harvesting', 'Club house / Community Center', 'Water softening plant']"
Sdhya Sunshine,MRCR Layout,"['Security / Fire Alarm', 'Intercom Facility', 'Lift(s)', 'Park', 'Visitor Parking']"
Sekhar Alturas,Dommasandra,"['Feng Shui / Vaastu Compliant', 'Intercom Facility', 'Lift(s)', 'No open drainage around', 'Swimming Pool', 'Park', 'Natural Light', 'Airy Rooms', 'Spacious Interiors', 'Low Density Society', 'Fitness Centre / GYM', 'Waste Disposal', 'Rain Water Harvesting', 'Club house / Community Center', 'Water softening plant']"
Serenity Gardens by SNN Estates,Begur Road,"[""Children's Play Area"", 'Terrace Garden', 'Park', 'Gymnasium', 'Club House', 'Basketball Court', 'Badminton Court', 'Squash Court', 'Swimming Pool']"
Sethi Woods Apartment,Sanjayanagar,"['Power Back-up', 'Lift(s)', 'Park', 'Fitness Centre / GYM']"
Seven Hills Sreepadam Nivasa,SR Layout,"['Feng Shui / Vaastu Compliant', 'Intercom Facility', 'Lift(s)', 'Swimming Pool', 'Park', 'Fitness Centre / GYM', 'Club house / Community Center', 'Rain Water Harvesting']"
Shakeeb Garden,2nd Block HBR Layout,"['Security / Fire Alarm', 'Lift(s)', 'Maintenance Staff', 'Water Storage']"
Shakthi Developer,Ananth Nagar Phase 2,"['Feng Shui / Vaastu Compliant', 'Security / Fire Alarm', 'Intercom Facility', 'Lift(s)', 'Maintenance Staff', 'Water Storage', 'Visitor Parking']"
Shakthi Regency,Malleshpalya,"['Security / Fire Alarm', 'Intercom Facility', 'Lift(s)', 'High Ceiling Height', 'No open drainage around', 'Security Personnel', 'Natural Light', 'Airy Rooms', 'Spacious Interiors', 'Waste Disposal', 'Rain Water Harvesting']"
Shanders Dwellgton,Shanthi Pura,"['Feng Shui / Vaastu Compliant', 'Intercom Facility', 'Lift(s)', 'Swimming Pool', 'Park', 'Fitness Centre / GYM', 'Club house / Community Center', 'Rain Water Harvesting']"
Shanthi Park,Kottapalya,['Recently Renovated']
Shapoorji Pallonji Parkwest,Binny Pete,"['Power Back-up', 'Intercom Facility', 'Lift(s)', 'Swimming Pool', 'Park', 'Fitness Centre / GYM', 'Club house / Community Center']"
Shapoorji Pallonji Parkwest 2,Binny Pete,"['Power Back-up', 'Intercom Facility', 'Lift(s)', 'No open drainage around', 'Piped-gas', 'Swimming Pool', 'Park', 'Security Personnel', 'Low Density Society', 'Shopping Centre', 'Fitness Centre / GYM', 'Rain Water Harvesting', 'Club house / Community Center', 'Water softening plant']"
Shapoorji Pallonji Parkwest 3,Binny Pete,"['Feng Shui / Vaastu Compliant', 'Security / Fire Alarm', 'Intercom Facility', 'Lift(s)', 'Maintenance Staff', 'Swimming Pool', 'Water Storage', 'Park', 'Visitor Parking', 'Fitness Centre / GYM', 'Club house / Community Center']"
Shapoorji Parkwest Phase 2,Binny Pete,"['Security / Fire Alarm', 'Feng Shui / Vaastu Compliant', 'Private Garden / Terrace', 'Intercom Facility', 'Lift(s)', 'Centrally Air Conditioned', 'Water purifier', 'Maintenance Staff', 'Water Storage', 'Bank Attached Property', 'Piped-gas', 'Visitor Parking', 'Swimming Pool', 'Park', 'Security Personnel', 'Internet/wi-fi connectivity', 'Shopping Centre', 'Fitness Centre / GYM', 'Waste Disposal', 'Rain Water Harvesting', 'Club house / Community Center', 'Water softening plant']"
Shashwathi Residency,Gottigere,"['Power Back-up', 'Feng Shui / Vaastu Compliant', 'Lift(s)', 'Maintenance Staff', 'Fitness Centre / GYM', 'Rain Water Harvesting']"
Sheshadri Residency,Bellandur,"['Security / Fire Alarm', 'Lift(s)', 'Maintenance Staff', 'Water Storage', 'Security Personnel']"
Shirdi Sai Concord Heights,Nagareshwara - Nagenahalli,"['Feng Shui / Vaastu Compliant', 'Security / Fire Alarm', 'Intercom Facility', 'Lift(s)', 'Maintenance Staff', 'Water Storage', 'Park', 'Visitor Parking']"
Shiva Ganga Pearls,Rajarajeshwari Nagar,"['Security / Fire Alarm', 'Lift(s)', 'Maintenance Staff', 'False Ceiling Lighting', 'Water Storage', 'Security Personnel']"
Shiva Shakthi Home,Raghuvanahalli,"['Feng Shui / Vaastu Compliant', 'Security / Fire Alarm', 'Intercom Facility', 'Lift(s)', 'Maintenance Staff', 'Water Storage', 'Visitor Parking']"
Shiva Woods,Nagarbhavi,"['Feng Shui / Vaastu Compliant', 'Security / Fire Alarm', 'Intercom Facility', 'Lift(s)', 'Visitor Parking', 'Security Personnel', 'Natural Light', 'Spacious Interiors', 'Low Density Society', 'Club house / Community Center', 'Waste Disposal']"
Shivadurga Deepthi,Banashankari Stage 3,"['Feng Shui / Vaastu Compliant', 'Lift(s)', 'Water Storage', 'Park']"
Shivani Residency,Ejipura,"['Security / Fire Alarm', 'Lift(s)', 'Maintenance Staff', 'False Ceiling Lighting', 'Water Storage', 'Security Personnel', 'Internet/wi-fi connectivity', 'Waste Disposal']"
Shivanjali,Canara Bank Colony,"['Feng Shui / Vaastu Compliant', 'Lift(s)', 'Water Storage']"
Shivaranjani,Nagarbhavi,['Feng Shui / Vaastu Compliant']
Shivkrupa,Canara Bank Colony,['Maintenance Staff']
Shoba City,Thanisandra,"['Centrally Air Conditioned', 'Water purifier', 'Security / Fire Alarm', 'Feng Shui / Vaastu Compliant', 'Private Garden / Terrace', 'Intercom Facility', 'Lift(s)', 'High Ceiling Height', 'Maintenance Staff', 'False Ceiling Lighting', 'Water Storage', 'Separate entry for servant room', 'No open drainage around', 'Bank Attached Property', 'Piped-gas', 'Internet/wi-fi connectivity', 'Recently Renovated', 'Visitor Parking', 'Swimming Pool', 'Park', 'Security Personnel', 'Natural Light', 'Airy Rooms', 'Spacious Interiors', 'Low Density Society', 'Waste Disposal', 'Rain Water Harvesting', 'Water softening plant', 'Shopping Centre', 'Fitness Centre / GYM', 'Club house / Community Center']"
Shravanthi Alpyne,Vikram Nagar,"['Feng Shui / Vaastu Compliant', 'Security / Fire Alarm', 'Lift(s)', 'Maintenance Staff']"
Shravanthi Premier,Uttarahalli,"['Security / Fire Alarm', 'Feng Shui / Vaastu Compliant', 'Intercom Facility', 'Lift(s)', 'Maintenance Staff', 'Water Storage', 'No open drainage around', 'Natural Light', 'Airy Rooms', 'Internet/wi-fi connectivity', 'Low Density Society', 'Waste Disposal', 'Rain Water Harvesting']"
Shravanthi Pristine,Omkar Nagar,"['Feng Shui / Vaastu Compliant', 'Lift(s)', 'Maintenance Staff', 'Water Storage', 'Visitor Parking', 'Security Personnel', 'Rain Water Harvesting']"
Shree Krishna E Golden Heights,Electronics City Phase 2,"['Car Parking', 'Lifts']"
Shree Nandana Elite,Electronics City,"['Feng Shui / Vaastu Compliant', 'Security / Fire Alarm', 'Lift(s)', 'Maintenance Staff', 'Water Storage', 'Visitor Parking']"
Shreedevi Dev Indira Paradise,Thirumenahalli,"['Intercom Facility', 'Lift(s)', 'Swimming Pool', 'Park', 'Fitness Centre / GYM', 'Club house / Community Center', 'Rain Water Harvesting']"
Shri Aravd Residency,Harsha Layout,"['Lift(s)', 'Maintenance Staff', 'Visitor Parking']"
Shri Bhavani Residency,Billekahalli,"['Feng Shui / Vaastu Compliant', 'Security / Fire Alarm', 'Water Storage', 'Natural Light', 'Airy Rooms']"
Shri Krishna Apartments,AMS Layout,"['Feng Shui / Vaastu Compliant', 'Lift(s)', 'Water Storage', 'Natural Light', 'Airy Rooms', 'Spacious Interiors', 'Low Density Society', 'Rain Water Harvesting']"
Shri Sai Associates,Sadashiva Nagar,"['Security / Fire Alarm', 'Lift(s)', 'Water Storage', 'Bank Attached Property', 'Visitor Parking', 'Fitness Centre / GYM', 'Waste Disposal', 'Water softening plant']"
Shri Sai Mounika Espancia,Horamavu Agara,"['Power Back-up', 'Feng Shui / Vaastu Compliant', 'Intercom Facility', 'Lift(s)', 'Maintenance Staff', 'Security Personnel', 'Internet/wi-fi connectivity', 'Fitness Centre / GYM', 'Club house / Community Center', 'Rain Water Harvesting']"
Shriram 107 Southeast,Attibele,"['Security / Fire Alarm', 'Feng Shui / Vaastu Compliant', 'Intercom Facility', 'Lift(s)', 'High Ceiling Height', 'Maintenance Staff', 'Water Storage', 'No open drainage around', 'Visitor Parking', 'Swimming Pool', 'Park', 'Security Personnel', 'Natural Light', 'Fitness Centre / GYM', 'Waste Disposal', 'Rain Water Harvesting', 'Club house / Community Center', 'Water softening plant']"
Shriram Adhitya Apartments,Ittamadu,"['Intercom Facility', 'Lift(s)', 'Maintenance Staff', 'No open drainage around', 'Recently Renovated', 'Visitor Parking', 'Swimming Pool', 'Park', 'Security Personnel', 'Natural Light', 'Airy Rooms', 'Fitness Centre / GYM', 'Club house / Community Center']"
Shriram Adithya,Chikkalasandra,"['Feng Shui / Vaastu Compliant', 'Security / Fire Alarm', 'Intercom Facility', 'Lift(s)', 'Maintenance Staff', 'Swimming Pool', 'Water Storage', 'Park', 'Visitor Parking', 'Fitness Centre / GYM', 'Club house / Community Center', 'Rain Water Harvesting']"
Shriram Blue,Seegehalli,"['Security / Fire Alarm', 'Feng Shui / Vaastu Compliant', 'Intercom Facility', 'Lift(s)', 'Maintenance Staff', 'Water Storage', 'No open drainage around', 'Visitor Parking', 'Swimming Pool', 'Park', 'Security Personnel', 'Fitness Centre / GYM', 'Waste Disposal', 'Rain Water Harvesting', 'Club house / Community Center']"
Shriram Codename Destination,Devanahalli,"['Lift(s)', 'Maintenance Staff', 'Swimming Pool', 'Park', 'Piped-gas', 'Fitness Centre / GYM', 'Club house / Community Center', 'Waste Disposal', 'Rain Water Harvesting']"
Shriram Codename Dil Chahta Hai,Attibele,"['Feng Shui / Vaastu Compliant', 'Security / Fire Alarm', 'Intercom Facility', 'Lift(s)', 'Swimming Pool', 'Water Storage', 'Park', 'Visitor Parking', 'Fitness Centre / GYM', 'Club house / Community Center']"
Shriram Codename Smash Hit,Yelahanka,"['Reflexology Park', 'Theatre', 'Cricket Pitch', 'Club House', ""Children's Play Area"", 'Jogging Track', 'Multipurpose court', 'Swimming Pool', 'Party Lawn']"
Shriram Greenfield,Bommenahalli,"['Security / Fire Alarm', 'Lift(s)', 'Maintenance Staff', 'Water Storage', 'Visitor Parking', 'Swimming Pool', 'Park', 'Internet/wi-fi connectivity', 'Shopping Centre', 'Fitness Centre / GYM', 'Rain Water Harvesting', 'Club house / Community Center', 'Water softening plant']"
Shriram Liberty Square,Electronics City Phase 2,"['Feng Shui / Vaastu Compliant', 'Intercom Facility', 'Lift(s)', 'Swimming Pool', 'Park', 'Shopping Centre', 'Fitness Centre / GYM', 'Club house / Community Center', 'Rain Water Harvesting', 'Water softening plant']"
Shriram Luxor,Hennur Road,"['Feng Shui / Vaastu Compliant', 'Security / Fire Alarm', 'Intercom Facility', 'Lift(s)', 'Swimming Pool', 'Maintenance Staff', 'Water Storage', 'Park', 'Visitor Parking', 'Internet/wi-fi connectivity', 'Fitness Centre / GYM', 'Club house / Community Center']"
Shriram Mystique,Yeshwanthpur,"['Security / Fire Alarm', 'Feng Shui / Vaastu Compliant', 'Intercom Facility', 'Lift(s)', 'High Ceiling Height', 'Maintenance Staff', 'Water Storage', 'Piped-gas', 'Visitor Parking', 'Swimming Pool', 'Park', 'Security Personnel', 'Natural Light', 'Fitness Centre / GYM', 'Waste Disposal', 'Rain Water Harvesting', 'Club house / Community Center']"
Shriram Sadhana,Gokula Extension,"['Private Garden / Terrace', 'Intercom Facility', 'Lift(s)', 'Swimming Pool', 'Security Personnel', 'Fitness Centre / GYM', 'Club house / Community Center', 'Waste Disposal', 'Rain Water Harvesting']"
Shriram Sahaana,Yelahanka,"['Power Back-up', 'Security / Fire Alarm', 'Lift(s)', 'Swimming Pool', 'Maintenance Staff', 'Park', 'Piped-gas', 'Security Personnel', 'Fitness Centre / GYM', 'Club house / Community Center', 'Rain Water Harvesting']"
Shriram Sameeksha,Kuvempu Nagar,"['Lift(s)', 'Maintenance Staff', 'Swimming Pool', 'Water Storage', 'Park', 'Fitness Centre / GYM', 'Club house / Community Center', 'Water softening plant']"
Shriram Solitaire,Yelahanka New Town,"['Gymnasium', 'Park', ""Children's Play Area"", 'Jogging Track', 'Amphitheatre', 'Swimming Pool', 'Badminton Court', 'Gazebo', 'Basketball Court']"
Shriram Southern Crest,JP Nagar,"['Amphitheatre', 'Park', 'Badminton Court', 'Gazebo', 'Club House', 'Gymnasium', ""Children's Play Area"", 'Jogging Track', 'Swimming Pool']"
Shriram Suhaana,Yelahanka,"['Security / Fire Alarm', 'Power Back-up', 'Feng Shui / Vaastu Compliant', 'Intercom Facility', 'Lift(s)', 'Maintenance Staff', 'Water Storage', 'No open drainage around', 'Piped-gas', 'Swimming Pool', 'Park', 'Security Personnel', 'Internet/wi-fi connectivity', 'Shopping Centre', 'Fitness Centre / GYM', 'Waste Disposal', 'Rain Water Harvesting', 'Club house / Community Center', 'Water softening plant']"
Shriram Summit,Electronics City Phase 1,"['Power Back-up', 'Feng Shui / Vaastu Compliant', 'Intercom Facility', 'Lift(s)', 'High Ceiling Height', 'No open drainage around', 'Recently Renovated', 'Swimming Pool', 'Park', 'Natural Light', 'Internet/wi-fi connectivity', 'Airy Rooms', 'Spacious Interiors', 'Shopping Centre', 'Fitness Centre / GYM', 'Waste Disposal', 'Rain Water Harvesting', 'Club house / Community Center', 'Water softening plant']"
Shriram Surabhi,Mallasandra,"['Power Back-up', 'Private Garden / Terrace', 'Intercom Facility', 'Lift(s)', 'No open drainage around', 'Recently Renovated', 'Swimming Pool', 'Park', 'Security Personnel', 'Natural Light', 'Internet/wi-fi connectivity', 'Airy Rooms', 'Spacious Interiors', 'Low Density Society', 'Shopping Centre', 'Fitness Centre / GYM', 'Waste Disposal', 'Rain Water Harvesting', 'Club house / Community Center']"
Shriram Suvilas Garden of Joy,Jalahalli,"['Security / Fire Alarm', 'Feng Shui / Vaastu Compliant', 'Lift(s)', 'No open drainage around', 'Bank Attached Property', 'Piped-gas', 'Swimming Pool', 'Park', 'Security Personnel', 'Natural Light', 'Internet/wi-fi connectivity', 'Airy Rooms', 'Shopping Centre', 'Fitness Centre / GYM', 'Waste Disposal', 'Rain Water Harvesting', 'Club house / Community Center', 'Water softening plant']"
Shriram WYT Field,Whitefield,"['Club House', 'Gymnasium', ""Children's Play Area"", 'Amphitheatre', 'Swimming Pool', 'Creche/Day Care', 'Banquet Hall', 'Jogging Track', 'Park']"
Shubha Shree Sivadurga,Govindraja Nagar,"['Feng Shui / Vaastu Compliant', 'Security / Fire Alarm', 'Intercom Facility', 'Lift(s)', 'Maintenance Staff', 'Water Storage', 'Visitor Parking']"
Siddartha Serenity,Billekahalli,"['Security / Fire Alarm', 'Lift(s)', 'Security Personnel']"
Siddartha Srikara,Bannerghatta,"['Feng Shui / Vaastu Compliant', 'Security / Fire Alarm', 'Intercom Facility', 'Lift(s)', 'Water Storage', 'Security Personnel', 'Natural Light', 'Airy Rooms', 'Spacious Interiors', 'Rain Water Harvesting']"
Siddha Basil,1st Block BEL Layout,"['Feng Shui / Vaastu Compliant', 'Security / Fire Alarm', 'Intercom Facility', 'Lift(s)', 'Maintenance Staff', 'Water Storage', 'Visitor Parking']"
Siddhartha Gagan Lake View,Hoodi,"['Feng Shui / Vaastu Compliant', 'Security / Fire Alarm', 'Intercom Facility', 'Lift(s)', 'Maintenance Staff', 'Park', 'Club house / Community Center', 'Rain Water Harvesting', 'Water softening plant']"
Signature Splendor,Chandapura,"['Feng Shui / Vaastu Compliant', 'Intercom Facility', 'Lift(s)', 'Maintenance Staff', 'Swimming Pool', 'Park', 'Visitor Parking', 'Fitness Centre / GYM', 'Rain Water Harvesting']"
Silicon Prime,Gottigere,"['Power Back-up', 'Feng Shui / Vaastu Compliant', 'Security / Fire Alarm', 'Lift(s)', 'Water Storage', 'Fitness Centre / GYM', 'Club house / Community Center', 'Rain Water Harvesting']"
Silicon Terrace,Naidu Layout,"['Security / Fire Alarm', 'Lift(s)', 'Visitor Parking']"
Silver Crown Apartments,Kudlu,"['Lift(s)', 'Natural Light', 'Airy Rooms']"
Sipani Bliss Phase 2,Thirumagondanahalli,"['Security / Fire Alarm', 'Lift(s)', 'Maintenance Staff', 'Water Storage', 'Park', 'Visitor Parking']"
Sipani Royal Heritage,Chandapura,"['Power Back-up', 'Lift(s)', 'Swimming Pool', 'Internet/wi-fi connectivity', 'Fitness Centre / GYM', 'Club house / Community Center', 'Rain Water Harvesting']"
Sipani Samuha,Nagasandra,"['Swimming Pool', 'Landscape Garden', 'Multipurpose court', 'Car Parking', 'Party Lawn', 'Cricket Pitch', 'Amphitheatre', 'Sun Deck', 'Gymnasium']"
Sipani Viveza,Veer Sandra,"['Power Back-up', 'Lift(s)', 'Swimming Pool', 'Park', 'Visitor Parking', 'Club house / Community Center', 'Rain Water Harvesting']"
Siri Nandhana Uttarahalli,Kempanna Layout,"['Security / Fire Alarm', 'Lift(s)', 'Maintenance Staff', 'Water Storage']"
Siri Sai Castle,Mysore Road,['Lift(s)']
Siri Spoorthi Enclave,Chikkalasandra,"['Feng Shui / Vaastu Compliant', 'Security / Fire Alarm', 'Lift(s)', 'Maintenance Staff', 'Water Storage']"
Siri Vayaka Aspire,Uttarahalli,"['False Ceiling Lighting', 'No open drainage around', 'Piped-gas', 'Club house / Community Center', 'Rain Water Harvesting']"
Siroya Environ,Anand Nagar,"['Power Back-up', 'Lift(s)', 'Swimming Pool', 'Maintenance Staff', 'Park', 'Piped-gas', 'Security Personnel', 'Fitness Centre / GYM', 'Club house / Community Center', 'Rain Water Harvesting']"
Sivadurga,Vijayanagar,"['Feng Shui / Vaastu Compliant', 'Security / Fire Alarm', 'Lift(s)', 'Maintenance Staff', 'Water Storage', 'Visitor Parking']"
Skanda Homes,7th Phase JP Nagar,"['Feng Shui / Vaastu Compliant', 'Security / Fire Alarm', 'Lift(s)', 'Water Storage', 'Visitor Parking']"
Skandha Homes,Chunchgatta,"['Feng Shui / Vaastu Compliant', 'Security / Fire Alarm', 'Intercom Facility', 'Lift(s)']"
Sky Le Aura,Hennur Road,"['Feng Shui / Vaastu Compliant', 'Security / Fire Alarm', 'Lift(s)', 'Maintenance Staff', 'Water Storage']"
Skylark Arcadia,KR Puram,"['Security / Fire Alarm', 'Feng Shui / Vaastu Compliant', 'Intercom Facility', 'Lift(s)', 'Water purifier', 'Maintenance Staff', 'Water Storage', 'Separate entry for servant room', 'No open drainage around', 'Bank Attached Property', 'Piped-gas', 'Visitor Parking', 'Swimming Pool', 'Park', 'Security Personnel', 'Natural Light', 'Airy Rooms', 'Low Density Society', 'Shopping Centre', 'Fitness Centre / GYM', 'Waste Disposal', 'Rain Water Harvesting', 'Club house / Community Center', 'Water softening plant']"
Skyle Beverly Park,Hoodi Layout,"['Power Back-up', 'Lift(s)', 'Swimming Pool', 'Park', 'Security Personnel', 'Fitness Centre / GYM', 'Club house / Community Center', 'Rain Water Harvesting', 'Water softening plant']"
Skyle Solstice,Banaswadi,"['Power Back-up', 'Intercom Facility', 'Lift(s)', 'Maintenance Staff', 'No open drainage around', 'Swimming Pool', 'Park', 'Security Personnel', 'Low Density Society', 'Shopping Centre', 'Fitness Centre / GYM', 'Waste Disposal', 'Rain Water Harvesting', 'Club house / Community Center', 'Water softening plant']"
Skyrah Lake View Apartment,Kurudusonnenahalli,"['Security / Fire Alarm', 'Lift(s)', 'Maintenance Staff', 'Water Storage']"
Smaran Shrushti Apartment,Nagarbhavi,"['Water Storage', 'Visitor Parking']"
Snow Drops Residency,Giri Nagar,"['Feng Shui / Vaastu Compliant', 'Security / Fire Alarm', 'Intercom Facility', 'Lift(s)', 'Security Personnel', 'Natural Light', 'Airy Rooms', 'Low Density Society', 'Rain Water Harvesting']"
Sobha Althea,Yelahanka,"['Security / Fire Alarm', 'Power Back-up', 'Feng Shui / Vaastu Compliant', 'Intercom Facility', 'Lift(s)', 'Maintenance Staff', 'Water Storage', 'Visitor Parking', 'Swimming Pool', 'Park', 'Security Personnel', 'Internet/wi-fi connectivity', 'Fitness Centre / GYM', 'Rain Water Harvesting', 'Club house / Community Center', 'Water softening plant']"
Sobha Brooklyn Towers,Hosur Road,"['Feng Shui / Vaastu Compliant', 'Security / Fire Alarm', 'Intercom Facility', 'Lift(s)', 'Swimming Pool', 'Maintenance Staff', 'Water Storage', 'Park', 'Visitor Parking', 'Club house / Community Center']"
Sobha Chrysanthemum,Thanisandra,"['Security / Fire Alarm', 'Power Back-up', 'Feng Shui / Vaastu Compliant', 'Private Garden / Terrace', 'Intercom Facility', 'Lift(s)', 'High Ceiling Height', 'Maintenance Staff', 'Water Storage', 'Piped-gas', 'Visitor Parking', 'Swimming Pool', 'Park', 'Security Personnel', 'Natural Light', 'Internet/wi-fi connectivity', 'Airy Rooms', 'Spacious Interiors', 'Fitness Centre / GYM', 'Rain Water Harvesting', 'Club house / Community Center']"
Sobha City,Thanisandra,"['Power Back-up', 'Lift(s)', 'Maintenance Staff', 'Piped-gas', 'Swimming Pool', 'Park', 'Security Personnel', 'Shopping Centre', 'Fitness Centre / GYM', 'Waste Disposal', 'Rain Water Harvesting', 'Club house / Community Center', 'Water softening plant']"
Sobha City Athena,Chokkanahalli,"['Security / Fire Alarm', 'Intercom Facility', 'Lift(s)', 'Maintenance Staff', 'Water Storage', 'No open drainage around', 'Visitor Parking', 'Swimming Pool', 'Park', 'Natural Light', 'Airy Rooms', 'Shopping Centre', 'Fitness Centre / GYM', 'Waste Disposal', 'Rain Water Harvesting', 'Club house / Community Center']"
Sobha City Casa Paradiso,RK Hegde Nagar,"['Power Back-up', 'Lift(s)', 'Swimming Pool', 'Maintenance Staff', 'Park', 'Piped-gas', 'Security Personnel', 'Fitness Centre / GYM', 'Club house / Community Center', 'Rain Water Harvesting']"
Sobha City Casa Serenita,Nagareshwara - Nagenahalli,"['Power Back-up', 'Lift(s)', 'Maintenance Staff', 'Piped-gas', 'Swimming Pool', 'Park', 'Security Personnel', 'Shopping Centre', 'Fitness Centre / GYM', 'Waste Disposal', 'Rain Water Harvesting', 'Club house / Community Center', 'Water softening plant']"
Sobha City Mykonos,RK Hegde Nagar,"['Power Back-up', 'Lift(s)', 'Swimming Pool', 'Maintenance Staff', 'Park', 'Piped-gas', 'Security Personnel', 'Shopping Centre', 'Fitness Centre / GYM', 'Club house / Community Center', 'Waste Disposal', 'Rain Water Harvesting']"
Sobha City Santori,Nagareshwara - Nagenahalli,"['Power Back-up', 'Lift(s)', 'Swimming Pool', 'Maintenance Staff', 'Park', 'Piped-gas', 'Security Personnel', 'Internet/wi-fi connectivity', 'Fitness Centre / GYM', 'Club house / Community Center', 'Waste Disposal', 'Rain Water Harvesting']"
Sobha Dream Acres,Balagere,"['Power Back-up', 'Intercom Facility', 'Lift(s)', 'Swimming Pool', 'Park', 'Fitness Centre / GYM', 'Club house / Community Center']"
Sobha Dream Gardens,Thanisandra,"['Security / Fire Alarm', 'Power Back-up', 'Feng Shui / Vaastu Compliant', 'Intercom Facility', 'Lift(s)', 'No open drainage around', 'Visitor Parking', 'Swimming Pool', 'Park', 'Natural Light', 'Spacious Interiors', 'Shopping Centre', 'Fitness Centre / GYM', 'Rain Water Harvesting', 'Club house / Community Center']"
Sobha Forest Edge,Hosahalli,"['Security / Fire Alarm', 'Feng Shui / Vaastu Compliant', 'Lift(s)', 'Maintenance Staff', 'Water Storage', 'Visitor Parking', 'Swimming Pool', 'Park', 'Natural Light', 'Fitness Centre / GYM', 'Waste Disposal', 'Rain Water Harvesting', 'Club house / Community Center']"
Sobha Galera,Huskur,"['Lift(s)', 'Swimming Pool', 'Fitness Centre / GYM', 'Club house / Community Center']"
Sobha Garrison,Tumkur Road,"['Centrally Air Conditioned', 'Water purifier', 'Security / Fire Alarm', 'Power Back-up', 'Feng Shui / Vaastu Compliant', 'Private Garden / Terrace', 'Intercom Facility', 'Lift(s)', 'High Ceiling Height', 'Maintenance Staff', 'False Ceiling Lighting', 'Water Storage', 'Separate entry for servant room', 'No open drainage around', 'Bank Attached Property', 'Piped-gas', 'Internet/wi-fi connectivity', 'Recently Renovated', 'Visitor Parking', 'Swimming Pool', 'Park', 'Security Personnel', 'Natural Light', 'Airy Rooms', 'Spacious Interiors', 'Low Density Society', 'Waste Disposal', 'Rain Water Harvesting', 'Water softening plant', 'Shopping Centre', 'Fitness Centre / GYM', 'Club house / Community Center']"
Sobha HRC Pristine,Jakkur,"['Power Back-up', 'Feng Shui / Vaastu Compliant', 'Security / Fire Alarm', 'Lift(s)', 'Swimming Pool', 'Maintenance Staff', 'Park', 'Visitor Parking', 'Fitness Centre / GYM', 'Club house / Community Center', 'Rain Water Harvesting']"
Sobha Heritage,Rajarajeshwari Nagar,"['Lift(s)', 'Swimming Pool', 'Park', 'Fitness Centre / GYM', 'Club house / Community Center']"
Sobha Hillview,Nagegowdanapalya,"['Intercom Facility', 'Lift(s)', 'Maintenance Staff', 'Swimming Pool', 'Park', 'Security Personnel', 'Shopping Centre', 'Fitness Centre / GYM', 'Club house / Community Center', 'Rain Water Harvesting']"
Sobha Indraprastha,Rajajinagar,"['Power Back-up', 'Intercom Facility', 'Lift(s)', 'Swimming Pool', 'Park', 'Fitness Centre / GYM', 'Club house / Community Center']"
Sobha Insignia,Bhoganhalli,"['Feng Shui / Vaastu Compliant', 'Security / Fire Alarm', 'Swimming Pool', 'Maintenance Staff', 'Water Storage', 'Park', 'Visitor Parking', 'Fitness Centre / GYM', 'Club house / Community Center']"
Sobha Lake Gardens,KR Puram,"['Power Back-up', 'Lift(s)', 'Separate entry for servant room', 'No open drainage around', 'Bank Attached Property', 'Swimming Pool', 'Park', 'Security Personnel', 'Low Density Society', 'Shopping Centre', 'Fitness Centre / GYM', 'Waste Disposal', 'Rain Water Harvesting', 'Club house / Community Center', 'Water softening plant']"
Sobha Manhattan,Hosur Road,"['Security / Fire Alarm', 'Feng Shui / Vaastu Compliant', 'Intercom Facility', 'Lift(s)', 'Water purifier', 'Water Storage', 'Visitor Parking', 'Swimming Pool', 'Park', 'Security Personnel', 'Internet/wi-fi connectivity', 'Low Density Society', 'Shopping Centre', 'Fitness Centre / GYM', 'Rain Water Harvesting', 'Club house / Community Center', 'Water softening plant']"
Sobha Manhattan Towers Town Park,Yadavanahalli,"[""Children's Play Area"", 'Amphitheatre', 'Jogging Track', 'Gazebo', 'Natural Pond', 'Park', 'Gymnasium', 'Club House', 'Swimming Pool']"
Sobha Marvella,Sarjapur Road,"['Power Back-up', 'Intercom Facility', 'Lift(s)', 'Swimming Pool', 'Maintenance Staff', 'Park', 'Visitor Parking', 'Security Personnel', 'Fitness Centre / GYM', 'Club house / Community Center', 'Rain Water Harvesting']"
Sobha Neopolis,Panathur,"['Yoga/Meditation Area', 'Basketball Court', 'Skating Rink', 'Club House', 'Amphitheatre', 'Swimming Pool', 'Lawn Tennis Court', 'Jogging Track', 'Gymnasium']"
Sobha Oakshire,Devanahalli,['Park']
Sobha Onyx,Bellandur,"['Lift(s)', 'Swimming Pool', 'Park', 'Internet/wi-fi connectivity', 'Fitness Centre / GYM', 'Club house / Community Center', 'Rain Water Harvesting']"
Sobha Palm Court,Kogilu,"['Security / Fire Alarm', 'Power Back-up', 'Feng Shui / Vaastu Compliant', 'Intercom Facility', 'Lift(s)', 'No open drainage around', 'Visitor Parking', 'Swimming Pool', 'Park', 'Natural Light', 'Spacious Interiors', 'Shopping Centre', 'Fitness Centre / GYM', 'Club house / Community Center']"
Sobha Petunia,Veerannapalya,"['Security / Fire Alarm', 'Feng Shui / Vaastu Compliant', 'Intercom Facility', 'Lift(s)', 'Maintenance Staff', 'Separate entry for servant room', 'Swimming Pool', 'Security Personnel', 'Natural Light', 'Airy Rooms', 'Spacious Interiors', 'Fitness Centre / GYM', 'Club house / Community Center']"
Sobha Rajvilas,1st R Block Rajajinagar,"['Security / Fire Alarm', 'Power Back-up', 'Intercom Facility', 'Lift(s)', 'Centrally Air Conditioned', 'High Ceiling Height', 'Water Storage', 'No open drainage around', 'Bank Attached Property', 'Piped-gas', 'Swimming Pool', 'Park', 'Security Personnel', 'Natural Light', 'Internet/wi-fi connectivity', 'Airy Rooms', 'Low Density Society', 'Shopping Centre', 'Fitness Centre / GYM', 'Waste Disposal', 'Rain Water Harvesting', 'Club house / Community Center']"
Sobha Rose,Brooke Bond First Cross,"['Security / Fire Alarm', 'Power Back-up', 'Feng Shui / Vaastu Compliant', 'Intercom Facility', 'Lift(s)', 'High Ceiling Height', 'Maintenance Staff', 'Water Storage', 'No open drainage around', 'Piped-gas', 'Visitor Parking', 'Swimming Pool', 'Park', 'Security Personnel', 'Natural Light', 'Internet/wi-fi connectivity', 'Airy Rooms', 'Spacious Interiors', 'Fitness Centre / GYM', 'Waste Disposal', 'Rain Water Harvesting', 'Club house / Community Center']"
Sobha Royal Crest,Banashankari,"['Security / Fire Alarm', 'Feng Shui / Vaastu Compliant', 'Intercom Facility', 'Lift(s)', 'High Ceiling Height', 'Maintenance Staff', 'Water Storage', 'Separate entry for servant room', 'No open drainage around', 'Bank Attached Property', 'Piped-gas', 'Visitor Parking', 'Swimming Pool', 'Park', 'Natural Light', 'Airy Rooms', 'Spacious Interiors', 'Low Density Society', 'Fitness Centre / GYM', 'Waste Disposal', 'Rain Water Harvesting', 'Club house / Community Center']"
Sobha Royal Pavilion,Hadosiddapura,"['Security / Fire Alarm', 'Feng Shui / Vaastu Compliant', 'Intercom Facility', 'Lift(s)', 'Maintenance Staff', 'False Ceiling Lighting', 'Water Storage', 'No open drainage around', 'Piped-gas', 'Visitor Parking', 'Swimming Pool', 'Park', 'Security Personnel', 'Natural Light', 'Airy Rooms', 'Spacious Interiors', 'Low Density Society', 'Shopping Centre', 'Fitness Centre / GYM', 'Waste Disposal', 'Rain Water Harvesting', 'Club house / Community Center', 'Water softening plant']"
Sobha Royal View,Jayanagar Housing Society Layout,"['Power Back-up', 'Feng Shui / Vaastu Compliant', 'Lift(s)', 'Maintenance Staff', 'Water Storage', 'Park', 'Piped-gas', 'Visitor Parking', 'Security Personnel', 'Internet/wi-fi connectivity', 'Rain Water Harvesting', 'Water softening plant']"
Sobha Ruby,Tumkur Road,"['Water purifier', 'Security / Fire Alarm', 'Feng Shui / Vaastu Compliant', 'Private Garden / Terrace', 'Intercom Facility', 'Lift(s)', 'High Ceiling Height', 'Maintenance Staff', 'Water Storage', 'No open drainage around', 'Internet/wi-fi connectivity', 'Visitor Parking', 'Swimming Pool', 'Park', 'Security Personnel', 'Natural Light', 'Airy Rooms', 'Spacious Interiors', 'Low Density Society', 'Waste Disposal', 'Rain Water Harvesting', 'Water softening plant', 'Shopping Centre', 'Fitness Centre / GYM', 'Club house / Community Center']"
Sobha Sapphire,Talacauvery Layout,"['Power Back-up', 'Feng Shui / Vaastu Compliant', 'Lift(s)', 'Park', 'Club house / Community Center', 'Rain Water Harvesting']"
Sobha Sentosa,Balagere,"['Lift(s)', 'Swimming Pool', 'Park', 'Security Personnel', 'Natural Light', 'Airy Rooms', 'Shopping Centre', 'Fitness Centre / GYM', 'Club house / Community Center', 'Rain Water Harvesting']"
Sobha Sterling Infia,Koramangala,"[""Children's Play Area"", 'Multipurpose Hall', 'Jogging Track', 'Lounge', 'Park', 'Gymnasium', 'Club House', 'Library', 'Swimming Pool']"
Sobha Sunscape,Nagegowdanapalya,"['Feng Shui / Vaastu Compliant', 'Security / Fire Alarm', 'Lift(s)', 'Maintenance Staff', 'Swimming Pool', 'Water Storage', 'Park', 'Visitor Parking', 'Club house / Community Center', 'Rain Water Harvesting']"
Sobha Valley View,Banashankari,"['Feng Shui / Vaastu Compliant', 'Security / Fire Alarm', 'Lift(s)', 'Maintenance Staff', 'Swimming Pool', 'Water Storage', 'Park', 'Fitness Centre / GYM', 'Waste Disposal', 'Rain Water Harvesting']"
Sobha Victoria Park,Kyalasanahalli,"['Security / Fire Alarm', 'Power Back-up', 'Feng Shui / Vaastu Compliant', 'Intercom Facility', 'Lift(s)', 'Maintenance Staff', 'Piped-gas', 'Visitor Parking', 'Swimming Pool', 'Park', 'Security Personnel', 'Airy Rooms', 'Fitness Centre / GYM', 'Club house / Community Center']"
Sobha Windsor,Whitefield,"['Basketball Court', 'Skating Rink', 'Cricket Pitch', 'Amphitheatre', ""Children's Play Area"", 'Swimming Pool', 'Park', 'Jogging Track', 'Gymnasium']"
Sobha Zircon,Jakkur,"['Power Back-up', 'Feng Shui / Vaastu Compliant', 'Intercom Facility', 'Lift(s)', 'Maintenance Staff', 'Water Storage', 'Visitor Parking', 'Swimming Pool', 'Park', 'Shopping Centre', 'Fitness Centre / GYM', 'Rain Water Harvesting', 'Club house / Community Center', 'Water softening plant']"
Soma Silver House,AECS B Block,"['Lift(s)', 'Natural Light', 'Airy Rooms', 'Low Density Society', 'Rain Water Harvesting']"
Son Park South,JP Nagar,"['Car Parking', 'Park', 'Community Hall', 'Multipurpose Hall', 'Banquet Hall', 'Gated Community', 'Gymnasium', ""Children's Play Area"", 'Swimming Pool']"
Son Soni Armani,Basavangudi,"['Feng Shui / Vaastu Compliant', 'Intercom Facility', 'Lift(s)', 'Water Storage', 'Visitor Parking']"
Sona Vistaas Bannerghatta Road,Yadavanahalli,"['Banquet Hall', 'Gazebo', 'Club House', 'Park', 'Gymnasium', 'Jogging Track', 'Amphitheatre', 'Swimming Pool', ""Children's Play Area""]"
Soundarya Pride,Malleshwaram,"['Security / Fire Alarm', 'Lift(s)', 'Maintenance Staff', 'Water Storage', 'Park']"
South Avenue Layout,Gottigere,"['Security / Fire Alarm', 'Lift(s)', 'Water Storage']"
Sovereign Santhivasa,Chikkadunnasandra,"['Power Back-up', 'Feng Shui / Vaastu Compliant', 'Intercom Facility', 'Lift(s)', 'Swimming Pool', 'Park', 'Fitness Centre / GYM', 'Club house / Community Center', 'Rain Water Harvesting']"
Sowmya Skyla Kammasandra,Mallasandra,"[""Children's Play Area"", 'Jogging Track', 'Community Hall', 'Car Parking', 'EV Charging Stations', 'Gymnasium', 'Club House', 'Landscape Garden', 'Swimming Pool']"
Sowparnika Aashiyana,Whitefield,"['Water purifier', 'Swimming Pool', 'Piped-gas', 'Security Personnel', 'Natural Light', 'Airy Rooms', 'Shopping Centre', 'Fitness Centre / GYM', 'Club house / Community Center']"
Sowparnika Ashiyana,Whitefield,"['Security / Fire Alarm', 'Feng Shui / Vaastu Compliant', 'Intercom Facility', 'Lift(s)', 'Maintenance Staff', 'No open drainage around', 'Visitor Parking', 'Swimming Pool', 'Park', 'Security Personnel', 'Natural Light', 'Airy Rooms', 'Spacious Interiors', 'Fitness Centre / GYM', 'Waste Disposal', 'Rain Water Harvesting', 'Club house / Community Center']"
Sowparnika Chandrakantha Phase 2,Chambenahalli,"['Lift(s)', 'Swimming Pool', 'No open drainage around', 'Security Personnel', 'Airy Rooms', 'Spacious Interiors', 'Fitness Centre / GYM', 'Club house / Community Center', 'Waste Disposal', 'Rain Water Harvesting']"
Sowparnika Columns,Soukya Road,"['Lift(s)', 'Swimming Pool', 'Park', 'Fitness Centre / GYM', 'Club house / Community Center', 'Rain Water Harvesting']"
Sowparnika Flamenco,Sarjapur Attibele Road,"['Security / Fire Alarm', 'Feng Shui / Vaastu Compliant', 'Intercom Facility', 'Lift(s)', 'Maintenance Staff', 'Water Storage', 'Visitor Parking', 'Swimming Pool', 'Park', 'Internet/wi-fi connectivity', 'Fitness Centre / GYM', 'Rain Water Harvesting', 'Club house / Community Center']"
Sowparnika Indraprastha,Soukya Road,"['Power Back-up', 'Feng Shui / Vaastu Compliant', 'Lift(s)', 'Maintenance Staff', 'Water Storage', 'Visitor Parking', 'Swimming Pool', 'Park', 'Security Personnel', 'Fitness Centre / GYM', 'Waste Disposal', 'Rain Water Harvesting', 'Club house / Community Center', 'Water softening plant']"
Sowparnika Olivia Nest,Sarjapur,"['Power Back-up', 'Intercom Facility', 'Lift(s)', 'Swimming Pool', 'Maintenance Staff', 'Park', 'Security Personnel', 'Fitness Centre / GYM', 'Club house / Community Center', 'Rain Water Harvesting']"
Sowparnika Pragati,Ittangur,"['Security / Fire Alarm', 'Feng Shui / Vaastu Compliant', 'Private Garden / Terrace', 'Intercom Facility', 'Lift(s)', 'Maintenance Staff', 'Water Storage', 'No open drainage around', 'Visitor Parking', 'Swimming Pool', 'Park', 'Security Personnel', 'Natural Light', 'Internet/wi-fi connectivity', 'Airy Rooms', 'Low Density Society', 'Fitness Centre / GYM', 'Rain Water Harvesting', 'Club house / Community Center']"
Sowparnika Sanvi Phase 1,Ambedkar Nagar,"['Feng Shui / Vaastu Compliant', 'Security / Fire Alarm', 'Intercom Facility', 'Lift(s)', 'Maintenance Staff', 'Water Storage', 'Park', 'Visitor Parking']"
Sowparnika Sanvi Phase 2,KR Puram,"['Security / Fire Alarm', 'Power Back-up', 'Feng Shui / Vaastu Compliant', 'Lift(s)', 'Maintenance Staff', 'Water Storage', 'Visitor Parking', 'Swimming Pool', 'Park', 'Security Personnel', 'Internet/wi-fi connectivity', 'Shopping Centre', 'Fitness Centre / GYM', 'Club house / Community Center', 'Water softening plant']"
Sowparnika Sunray,Mysore Road,"[""Children's Play Area"", 'Swimming Pool', 'Park', 'Jogging Track', 'Badminton Court', 'Club House', 'Gazebo', 'Creche/Day Care', 'Gymnasium']"
Sowparnika Swastika,Sarjapura Attibele Road,"['Security / Fire Alarm', 'Lift(s)', 'Swimming Pool', 'Maintenance Staff', 'Water Storage', 'Park', 'Visitor Parking', 'Security Personnel', 'Internet/wi-fi connectivity', 'Fitness Centre / GYM', 'Club house / Community Center', 'Rain Water Harvesting']"
Sowparnikaa Swastika Apartment,Attibele,"['Security / Fire Alarm', 'Lift(s)', 'Maintenance Staff', 'Water Storage', 'Park', 'Visitor Parking']"
Sparkle Marquise,Bannerghatta,"['Centrally Air Conditioned', 'Water purifier', 'Security / Fire Alarm', 'Feng Shui / Vaastu Compliant', 'Private Garden / Terrace', 'Intercom Facility', 'Lift(s)', 'High Ceiling Height', 'Maintenance Staff', 'False Ceiling Lighting', 'Water Storage', 'No open drainage around', 'Piped-gas', 'Internet/wi-fi connectivity', 'Visitor Parking', 'Swimming Pool', 'Park', 'Security Personnel', 'Natural Light', 'Airy Rooms', 'Spacious Interiors', 'Waste Disposal', 'Rain Water Harvesting', 'Water softening plant', 'Shopping Centre', 'Fitness Centre / GYM', 'Club house / Community Center']"
Spectra Palmwoods,Siddapura,"['Water purifier', 'Security / Fire Alarm', 'Power Back-up', 'Feng Shui / Vaastu Compliant', 'Private Garden / Terrace', 'Intercom Facility', 'Lift(s)', 'High Ceiling Height', 'Maintenance Staff', 'Water Storage', 'Separate entry for servant room', 'No open drainage around', 'Piped-gas', 'Internet/wi-fi connectivity', 'Recently Renovated', 'Visitor Parking', 'Swimming Pool', 'Park', 'Security Personnel', 'Natural Light', 'Airy Rooms', 'Spacious Interiors', 'Low Density Society', 'Waste Disposal', 'Rain Water Harvesting', 'Water softening plant', 'Shopping Centre', 'Fitness Centre / GYM', 'Club house / Community Center']"
Spectra Raaya,Siddapura,"['Yoga/Meditation Area', 'Aerobics Centre', 'Basketball Court', 'Club House', 'Amphitheatre', ""Children's Play Area"", 'Swimming Pool', 'Park', 'Gymnasium']"
Spectra Raaya Siddapura,Belathur,"['Basketball Court', 'Aerobics Centre', ""Children's Play Area"", 'Gymnasium', 'Club House', 'Swimming Pool', 'Park', 'Amphitheatre', 'Yoga/Meditation Area']"
Splendid Lake Breeze,Begur,"['Feng Shui / Vaastu Compliant', 'Lift(s)', 'Water purifier', 'High Ceiling Height', 'Maintenance Staff', 'False Ceiling Lighting', 'Swimming Pool', 'Park', 'Security Personnel', 'Natural Light', 'Internet/wi-fi connectivity', 'Airy Rooms', 'Fitness Centre / GYM', 'Rain Water Harvesting', 'Club house / Community Center']"
Splendid Lake Dews,Begur,"['Feng Shui / Vaastu Compliant', 'Intercom Facility', 'Lift(s)', 'Maintenance Staff', 'Swimming Pool', 'Park', 'Security Personnel', 'Fitness Centre / GYM', 'Club house / Community Center', 'Rain Water Harvesting']"
Sravyas Flute,Chinnapanahalli,"['Feng Shui / Vaastu Compliant', 'Intercom Facility', 'Lift(s)', 'Swimming Pool', 'Water Storage', 'No open drainage around', 'Recently Renovated', 'Natural Light', 'Airy Rooms', 'Spacious Interiors', 'Fitness Centre / GYM', 'Club house / Community Center']"
Sree Pranathi Garden,Vasantha Vallabha Nagar,"['Security / Fire Alarm', 'Lift(s)', 'Maintenance Staff', 'Park']"
Sree Pride Apartment,Banaswadi,['Water Storage']
Sree Ram Priya Gardenia,Kaveri Nagar,"['Security / Fire Alarm', 'Lift(s)', 'Maintenance Staff', 'False Ceiling Lighting', 'No open drainage around', 'Piped-gas']"
Sree Shakthi Homes,Electronics City Phase 2,"['Feng Shui / Vaastu Compliant', 'Security / Fire Alarm', 'Intercom Facility', 'Lift(s)', 'Maintenance Staff', 'Water Storage', 'Visitor Parking']"
Sreeda Pride,Kasavanhalli,"['Security / Fire Alarm', 'Power Back-up', 'Feng Shui / Vaastu Compliant', 'Intercom Facility', 'Lift(s)', 'Maintenance Staff', 'Water Storage', 'Piped-gas', 'Swimming Pool', 'Security Personnel', 'Fitness Centre / GYM', 'Rain Water Harvesting', 'Club house / Community Center']"
Sri Balaji Ashirwad,Uttarahalli,"['Security / Fire Alarm', 'Feng Shui / Vaastu Compliant', 'Lift(s)', 'Maintenance Staff', 'Water Storage', 'Piped-gas', 'Security Personnel', 'Natural Light', 'Internet/wi-fi connectivity', 'Airy Rooms', 'Spacious Interiors', 'Fitness Centre / GYM', 'Club house / Community Center']"
Sri Balaji Serene,Yelahanka,"['Security / Fire Alarm', 'Feng Shui / Vaastu Compliant', 'Intercom Facility', 'Lift(s)', 'Maintenance Staff', 'Water Storage', 'No open drainage around', 'Visitor Parking', 'Swimming Pool', 'Park', 'Security Personnel', 'Natural Light', 'Airy Rooms', 'Low Density Society', 'Shopping Centre', 'Fitness Centre / GYM', 'Waste Disposal', 'Rain Water Harvesting', 'Club house / Community Center', 'Water softening plant']"
Sri Balaji Serene Yelahanka,Kattigenahalli,"['Gymnasium', 'Park', ""Children's Play Area"", 'Jogging Track', 'Yoga/Meditation Area', 'Amphitheatre', 'Swimming Pool', 'Badminton Court', 'Basketball Court']"
Sri Balaji Serenity,Doddathoguru,"['Power Back-up', 'Feng Shui / Vaastu Compliant', 'Intercom Facility', 'Lift(s)', 'Swimming Pool', 'Park', 'Fitness Centre / GYM', 'Club house / Community Center', 'Rain Water Harvesting']"
Sri Balaji Signature,Geddalahalli,"['Security / Fire Alarm', 'Lift(s)', 'Water purifier', 'Maintenance Staff', 'False Ceiling Lighting', 'Piped-gas', 'Visitor Parking', 'Swimming Pool', 'Security Personnel', 'Natural Light', 'Internet/wi-fi connectivity', 'Airy Rooms', 'Spacious Interiors', 'Fitness Centre / GYM', 'Rain Water Harvesting', 'Club house / Community Center']"
Sri Chakra Blossom,Jigani,"['Power Back-up', 'Intercom Facility', 'Lift(s)', 'Swimming Pool', 'Park', 'Fitness Centre / GYM', 'Club house / Community Center']"
Sri Charitha Classic Apartment,Thubarahalli,"['Security / Fire Alarm', 'Intercom Facility', 'Lift(s)', 'Maintenance Staff', 'Water Storage', 'Park', 'Visitor Parking']"
Sri Krishna Excel Stone,Varthur,"['Feng Shui / Vaastu Compliant', 'Security / Fire Alarm', 'Lift(s)', 'Maintenance Staff', 'Swimming Pool', 'Recently Renovated', 'Security Personnel', 'Natural Light', 'Airy Rooms']"
Sri Venkatadri Homes,Vajarahalli,"['Feng Shui / Vaastu Compliant', 'Security / Fire Alarm', 'Intercom Facility', 'Lift(s)', 'Maintenance Staff', 'Water Storage']"
Sterling Villa Grande,Whitefield,"['Security / Fire Alarm', 'Power Back-up', 'Feng Shui / Vaastu Compliant', 'Intercom Facility', 'High Ceiling Height', 'Maintenance Staff', 'False Ceiling Lighting', 'Water Storage', 'Separate entry for servant room', 'No open drainage around', 'Piped-gas', 'Visitor Parking', 'Swimming Pool', 'Park', 'Security Personnel', 'Natural Light', 'Airy Rooms', 'Low Density Society', 'Shopping Centre', 'Fitness Centre / GYM', 'Waste Disposal', 'Rain Water Harvesting', 'Club house / Community Center', 'Water softening plant']"
Sumadhura Eden Garden,Whitefield,"['Feng Shui / Vaastu Compliant', 'Intercom Facility', 'Lift(s)', 'Swimming Pool', 'Park', 'Visitor Parking', 'Fitness Centre / GYM', 'Club house / Community Center', 'Water softening plant']"
Sumadhura Lake Breeze,Thubarahalli,"['Security / Fire Alarm', 'Power Back-up', 'Feng Shui / Vaastu Compliant', 'Intercom Facility', 'Lift(s)', 'Maintenance Staff', 'Water Storage', 'Visitor Parking', 'Swimming Pool', 'Park', 'Security Personnel', 'Internet/wi-fi connectivity', 'Fitness Centre / GYM', 'Rain Water Harvesting', 'Club house / Community Center', 'Water softening plant']"
Sumadhura Sushantham Phase 2,Sahakara Nagar,"['Gymnasium', 'Park', 'Club House', ""Children's Play Area"", 'Natural Pond', 'Swimming Pool', 'Badminton Court', 'Creche/Day Care', 'Basketball Court']"
Sumuk Square,Vidyaranyapura,"['Multipurpose Hall', 'CCTV Camera Security', 'Vastu Compliant', ""Children's Play Area"", 'Car Parking', 'Jogging Track', '24x7 Security', 'Swimming Pool', 'Gated Community']"
Supertech Micasa,Bellahalli,"['Security / Fire Alarm', 'Lift(s)', 'High Ceiling Height', 'Maintenance Staff', 'Water Storage', 'No open drainage around', 'Piped-gas', 'Swimming Pool', 'Park', 'Security Personnel', 'Natural Light', 'Airy Rooms', 'Spacious Interiors', 'Low Density Society', 'Fitness Centre / GYM', 'Waste Disposal', 'Club house / Community Center']"
Suraksha Heritage Park,Begur Road,"['Park', 'Badminton Court', 'Basketball Court', 'Club House', 'Cricket Pitch', 'Gymnasium', ""Children's Play Area"", 'Jogging Track', 'Swimming Pool']"
Svamitva Emerald Square,Yarandahalli,"['Power Back-up', 'Feng Shui / Vaastu Compliant', 'Security / Fire Alarm', 'Intercom Facility', 'Lift(s)', 'Swimming Pool', 'Maintenance Staff', 'Water Storage', 'Park', 'Visitor Parking', 'Fitness Centre / GYM', 'Club house / Community Center']"
Swomya Nest,SRR Layout,"['Security / Fire Alarm', 'Lift(s)', 'Maintenance Staff', 'Water Storage', 'Visitor Parking']"
TVS Emerald Isle of Trees,Hebbal,"['Power Back-up', 'Lift(s)', 'Swimming Pool', 'Fitness Centre / GYM', 'Club house / Community Center']"
TVS Emerald Jard,Begur Road,"['Feng Shui / Vaastu Compliant', 'Security / Fire Alarm', 'Intercom Facility', 'Lift(s)', 'Maintenance Staff', 'Swimming Pool', 'Water Storage', 'Park', 'Visitor Parking', 'Internet/wi-fi connectivity', 'Fitness Centre / GYM']"
TVS Emerald Jardin,Singasandra,"['Feng Shui / Vaastu Compliant', 'Security / Fire Alarm', 'Intercom Facility', 'Lift(s)', 'Swimming Pool', 'Maintenance Staff', 'Water Storage', 'Park', 'Visitor Parking', 'Internet/wi-fi connectivity', 'Fitness Centre / GYM']"
TVS Isle of Trees,Hebbal,"['Squash Court', 'Foosball', 'Jogging Track', 'Library', ""Children's Play Area"", 'Yoga/Meditation Area', 'Swimming Pool', 'Club House', 'Gymnasium']"
Tata The Promont,Banashankari,"[""Children's Play Area"", 'Mini Theatre', 'Banquet Hall', 'Amphitheatre', 'Jogging Track', 'Golf Course', 'Gymnasium', 'Club House', 'Swimming Pool']"
The Five Summits Address,Whitefield,"['Power Back-up', 'Feng Shui / Vaastu Compliant', 'Lift(s)', 'Swimming Pool', 'Park', 'Fitness Centre / GYM', 'Club house / Community Center', 'Rain Water Harvesting']"
The Presidential Tower,Yeshwanthpur,"[""Children's Play Area"", 'Mini Theatre', 'Terrace Garden', 'Park', 'Swimming Pool', 'Golf Course', 'Club House', 'Gymnasium', 'Amphitheatre']"
Top Class Builder,Sector 2 HSR Layout,"['Security / Fire Alarm', 'Feng Shui / Vaastu Compliant', 'Intercom Facility', 'Lift(s)', 'Maintenance Staff', 'False Ceiling Lighting', 'Water Storage', 'No open drainage around', 'Swimming Pool', 'Park', 'Internet/wi-fi connectivity', 'Fitness Centre / GYM', 'Waste Disposal', 'Rain Water Harvesting', 'Club house / Community Center']"
Total Environment In That Quiet Earth,Hennur Road,"['Feng Shui / Vaastu Compliant', 'Private Garden / Terrace', 'Intercom Facility', 'Lift(s)', 'Swimming Pool', 'Park', 'Security Personnel', 'Low Density Society', 'Fitness Centre / GYM', 'Club house / Community Center']"
Total Environment Windmills of Your Mind,Whitefield,"['Power Back-up', 'Intercom Facility', 'Lift(s)', 'High Ceiling Height', 'Maintenance Staff', 'Piped-gas', 'Swimming Pool', 'Park', 'Security Personnel', 'Internet/wi-fi connectivity', 'Shopping Centre', 'Fitness Centre / GYM', 'Rain Water Harvesting', 'Club house / Community Center', 'Water softening plant']"
Trendsquares Ortus 3,Amruthahalli,"['Gymnasium', 'Cricket Pitch', ""Children's Play Area"", 'Jogging Track', 'Yoga/Meditation Area', 'Amphitheatre', 'Badminton Court', 'Volley Ball Court', 'Basketball Court']"
Triaxis Splendour Plus,Hoskote,"['Yoga/Meditation Area', ""Children's Play Area"", 'Jogging Track', 'Park', 'Gymnasium', 'Club House', 'Swimming Pool', 'Lounge', 'Amphitheatre']"
UKN The Belvedere Airport District,Navarathna Agrahara,"['Jogging Track', 'Badminton Court', 'Theatre', ""Children's Play Area"", 'Swimming Pool', 'Club House', 'Park', 'Amphitheatre', 'Gymnasium']"
Unishire Terraza,Manyata Tech Park,"['Power Back-up', 'Feng Shui / Vaastu Compliant', 'Intercom Facility', 'Lift(s)', 'Swimming Pool', 'Park', 'Fitness Centre / GYM', 'Club house / Community Center', 'Rain Water Harvesting', 'Water softening plant']"
United Elysium,Seegehalli,"['Security / Fire Alarm', 'Power Back-up', 'Intercom Facility', 'Lift(s)', 'Maintenance Staff', 'Water Storage', 'No open drainage around', 'Visitor Parking', 'Swimming Pool', 'Park', 'Security Personnel', 'Natural Light', 'Internet/wi-fi connectivity', 'Airy Rooms', 'Spacious Interiors', 'Fitness Centre / GYM', 'Waste Disposal', 'Rain Water Harvesting', 'Club house / Community Center', 'Water softening plant']"
United Elysium 2,Koralur,"['Feng Shui / Vaastu Compliant', 'Intercom Facility', 'Lift(s)', 'Swimming Pool', 'Park', 'Fitness Centre / GYM', 'Club house / Community Center', 'Rain Water Harvesting']"
United Sai Silicon Heights,Whitefield,"['Club House', 'Gymnasium', ""Children's Play Area"", 'Swimming Pool', 'Sun Deck', 'Terrace Garden', 'Cricket Pitch', 'Car Parking', 'Multipurpose court']"
VBC Oracle Heaven,Thanisandra,"['Power Back-up', 'Feng Shui / Vaastu Compliant', 'Intercom Facility', 'Lift(s)', 'Water purifier', 'High Ceiling Height', 'No open drainage around', 'Park', 'Security Personnel', 'Natural Light', 'Fitness Centre / GYM', 'Rain Water Harvesting', 'Club house / Community Center', 'Water softening plant']"
VBC Oracle Ridge,Hosur Road,"['Security / Fire Alarm', 'Intercom Facility', 'Lift(s)', 'Maintenance Staff', 'Water Storage']"
VBC Oracle Sunrise,Kasavanhalli,"['Gymnasium', ""Children's Play Area"", 'Swimming Pool', 'Sun Deck', 'Jogging Track', 'Indoor Games', 'Multipurpose Hall', 'Car Parking', 'Multipurpose court']"
VBHC Aurora,Yelahanka New Town,"['Security / Fire Alarm', 'Power Back-up', 'Feng Shui / Vaastu Compliant', 'Intercom Facility', 'Lift(s)', 'High Ceiling Height', 'Maintenance Staff', 'False Ceiling Lighting', 'Water Storage', 'Separate entry for servant room', 'Piped-gas', 'Visitor Parking', 'Swimming Pool', 'Park', 'Security Personnel', 'Internet/wi-fi connectivity', 'Shopping Centre', 'Fitness Centre / GYM', 'Waste Disposal', 'Rain Water Harvesting', 'Club house / Community Center', 'Water softening plant']"
VBHC Palmhaven,Kengeri,"['Power Back-up', 'Lift(s)', 'Swimming Pool', 'Park', 'Shopping Centre', 'Fitness Centre / GYM', 'Club house / Community Center']"
VBHC Palmhaven 2,Mysore Road,"['Security / Fire Alarm', 'Feng Shui / Vaastu Compliant', 'Intercom Facility', 'Lift(s)', 'Maintenance Staff', 'False Ceiling Lighting', 'Water Storage', 'No open drainage around', 'Visitor Parking', 'Swimming Pool', 'Park', 'Security Personnel', 'Natural Light', 'Airy Rooms', 'Shopping Centre', 'Fitness Centre / GYM', 'Waste Disposal', 'Rain Water Harvesting', 'Club house / Community Center', 'Water softening plant']"
VBHC Vaibhava Apartment,Anekal,"['Security / Fire Alarm', 'Lift(s)', 'Maintenance Staff', 'Park', 'Visitor Parking', 'Fitness Centre / GYM']"
VDB Celedon,Yelahanka New Town,"['Security / Fire Alarm', 'Intercom Facility', 'Maintenance Staff', 'Water Storage', 'Visitor Parking', 'Rain Water Harvesting']"
VDB Infra Olde Town,Jayamahal,"['Feng Shui / Vaastu Compliant', 'Security / Fire Alarm', 'Maintenance Staff', 'Water Storage', 'Park', 'Visitor Parking']"
VK Krishna Gardenia,Kanakapura Road,"['Indoor Games', 'Yoga/Meditation Area', 'Park', 'Club House', 'Multipurpose Hall', 'Gymnasium', ""Children's Play Area"", 'Jogging Track', 'Swimming Pool']"
VM Grandeur,Horamavu,"['Lift(s)', 'Maintenance Staff', 'Swimming Pool', 'Park', 'Security Personnel', 'Airy Rooms', 'Fitness Centre / GYM', 'Club house / Community Center', 'Waste Disposal', 'Rain Water Harvesting', 'Water softening plant']"
VM Meridian,Hennur Gardens,"['Feng Shui / Vaastu Compliant', 'Security / Fire Alarm', 'Intercom Facility', 'Lift(s)', 'Maintenance Staff', 'Water Storage', 'Park', 'Visitor Parking']"
VMaks Chalet,Glass Factory Layout,"['Power Back-up', 'Feng Shui / Vaastu Compliant', 'Intercom Facility', 'Lift(s)', 'Swimming Pool', 'Park', 'Fitness Centre / GYM', 'Club house / Community Center', 'Rain Water Harvesting']"
VNR Landmark,Nanjappa Layout,"['Security / Fire Alarm', 'Intercom Facility', 'Lift(s)', 'Water Storage', 'Visitor Parking']"
VR Tower,Akshaya Nagar,"['Feng Shui / Vaastu Compliant', 'Intercom Facility', 'Lift(s)', 'Water Storage']"
VR Towers,Akshaya Nagar,"['Feng Shui / Vaastu Compliant', 'Security / Fire Alarm', 'Intercom Facility', 'Lift(s)', 'Maintenance Staff', 'Water Storage', 'Park', 'Visitor Parking']"
VRL Happy Homes,Sarjapur,"['Gymnasium', '24/7 Power Backup', 'Swimming Pool', 'Party Lawn', 'Lifts', '24x7 Security', 'Intercom', 'Car Parking', 'CCTV Camera Security']"
VRR Fortuna,Sarjapur Road,"['Power Back-up', 'Intercom Facility', 'Water purifier', 'False Ceiling Lighting', 'No open drainage around', 'Piped-gas', 'Swimming Pool', 'Park', 'Security Personnel', 'Natural Light', 'Internet/wi-fi connectivity', 'Airy Rooms', 'Spacious Interiors', 'Fitness Centre / GYM', 'Waste Disposal', 'Rain Water Harvesting', 'Club house / Community Center', 'Water softening plant']"
VRR Nest,Electronics City,"['Security / Fire Alarm', 'Feng Shui / Vaastu Compliant', 'Lift(s)', 'Maintenance Staff', 'False Ceiling Lighting', 'Water Storage', 'No open drainage around', 'Bank Attached Property', 'Visitor Parking', 'Swimming Pool', 'Park', 'Security Personnel', 'Natural Light', 'Internet/wi-fi connectivity', 'Spacious Interiors', 'Low Density Society', 'Fitness Centre / GYM', 'Waste Disposal', 'Club house / Community Center', 'Water softening plant']"
VRSP Vijaya Homes,Yelahanka New Town,"['Feng Shui / Vaastu Compliant', 'Intercom Facility', 'Lift(s)', 'Park', 'Internet/wi-fi connectivity', 'Club house / Community Center', 'Rain Water Harvesting']"
VSPL Vaishnavi Mandara,Narasimha Layout,"['Power Back-up', 'Feng Shui / Vaastu Compliant', 'Intercom Facility', 'Lift(s)', 'Park', 'Rain Water Harvesting']"
VSS Enclave,Chikkajala,"['Feng Shui / Vaastu Compliant', 'Security / Fire Alarm', 'Intercom Facility', 'Lift(s)', 'Maintenance Staff', 'Water Storage', 'Park', 'Visitor Parking']"
VV Hamilton Bliss,Bellandur,"['Security / Fire Alarm', 'Lift(s)', 'High Ceiling Height', 'Maintenance Staff', 'Water Storage', 'No open drainage around', 'Park', 'Internet/wi-fi connectivity', 'Fitness Centre / GYM', 'Waste Disposal']"
Vaastu Greens,Kengeri,"['Security / Fire Alarm', 'Lift(s)', 'Centrally Air Conditioned', 'Water Storage', 'Park', 'Airy Rooms', 'Spacious Interiors']"
Vaastu Hill View 3,Gattigere,"['Security / Fire Alarm', 'Feng Shui / Vaastu Compliant', 'Intercom Facility', 'Lift(s)', 'Maintenance Staff', 'Water Storage', 'No open drainage around', 'Visitor Parking', 'Swimming Pool', 'Park', 'Security Personnel', 'Airy Rooms', 'Spacious Interiors', 'Low Density Society', 'Fitness Centre / GYM', 'Rain Water Harvesting', 'Club house / Community Center']"
Vaishnavi,Yelahanka CRPF,"['Lift(s)', 'Maintenance Staff', 'Swimming Pool', 'Water Storage', 'Park', 'Visitor Parking', 'Security Personnel', 'Fitness Centre / GYM', 'Club house / Community Center', 'Rain Water Harvesting']"
Vaishnavi Nakshatra,Yeshwanthpur Industrial Area,"['Security / Fire Alarm', 'Feng Shui / Vaastu Compliant', 'Intercom Facility', 'Lift(s)', 'Maintenance Staff', 'False Ceiling Lighting', 'Water Storage', 'No open drainage around', 'Piped-gas', 'Visitor Parking', 'Swimming Pool', 'Park', 'Security Personnel', 'Internet/wi-fi connectivity', 'Airy Rooms', 'Spacious Interiors', 'Shopping Centre', 'Fitness Centre / GYM', 'Waste Disposal', 'Rain Water Harvesting', 'Club house / Community Center', 'Water softening plant']"
Vaishnavi Oasis,Uttarahalli,"['Amphitheatre', 'Park', 'Badminton Court', 'Basketball Court', 'Club House', 'Gymnasium', ""Children's Play Area"", 'Jogging Track', 'Swimming Pool']"
Vajram Essenza,Chokkanahalli,"['Security / Fire Alarm', 'Feng Shui / Vaastu Compliant', 'Intercom Facility', 'Lift(s)', 'High Ceiling Height', 'Maintenance Staff', 'Water Storage', 'No open drainage around', 'Piped-gas', 'Visitor Parking', 'Swimming Pool', 'Park', 'Security Personnel', 'Natural Light', 'Airy Rooms', 'Spacious Interiors', 'Low Density Society', 'Fitness Centre / GYM', 'Waste Disposal', 'Rain Water Harvesting', 'Club house / Community Center', 'Water softening plant']"
Vajram Esteva,Bellandur,"['Lift(s)', 'High Ceiling Height', 'Maintenance Staff', 'Water Storage', 'Separate entry for servant room', 'No open drainage around', 'Visitor Parking', 'Swimming Pool', 'Airy Rooms', 'Spacious Interiors', 'Low Density Society', 'Shopping Centre', 'Fitness Centre / GYM', 'Rain Water Harvesting', 'Club house / Community Center', 'Water softening plant']"
Vajram Newtown,Chokkanahalli,"['Power Back-up', 'Feng Shui / Vaastu Compliant', 'Intercom Facility', 'Lift(s)', 'Swimming Pool', 'Park', 'Fitness Centre / GYM', 'Club house / Community Center']"
Vajram Newtown 2,Thanisandra,"['Feng Shui / Vaastu Compliant', 'Security / Fire Alarm', 'Intercom Facility', 'Lift(s)', 'Maintenance Staff', 'Water Storage', 'Park', 'Visitor Parking']"
Vajram Newtown 2 Thanisandra Main Road,Thanisandra Main Road,"['Gymnasium', 'Park', 'Aerobics Centre', 'Club House', ""Children's Play Area"", 'Jogging Track', 'Yoga/Meditation Area', 'Swimming Pool', 'Basketball Court']"
Vajram Tiara,Yelahanka,"['Power Back-up', 'Intercom Facility', 'Lift(s)', 'High Ceiling Height', 'Separate entry for servant room', 'No open drainage around', 'Bank Attached Property', 'Piped-gas', 'Swimming Pool', 'Park', 'Security Personnel', 'Natural Light', 'Internet/wi-fi connectivity', 'Airy Rooms', 'Spacious Interiors', 'Low Density Society', 'Shopping Centre', 'Fitness Centre / GYM', 'Waste Disposal', 'Rain Water Harvesting', 'Club house / Community Center']"
Vakil Whispering Woods,Bommasandra,"['Power Back-up', 'Feng Shui / Vaastu Compliant', 'Lift(s)', 'Swimming Pool', 'Maintenance Staff', 'Park', 'Visitor Parking', 'Security Personnel', 'Shopping Centre', 'Fitness Centre / GYM', 'Club house / Community Center']"
Vanani Apartments,Vijayashree Layout,"['Maintenance Staff', 'Water Storage', 'Park', 'Piped-gas', 'Security Personnel', 'Internet/wi-fi connectivity', 'Shopping Centre', 'Fitness Centre / GYM', 'Club house / Community Center', 'Waste Disposal', 'Rain Water Harvesting', 'Water softening plant']"
Vandana Apartments,Kalkere,"['Security / Fire Alarm', 'Lift(s)', 'Maintenance Staff', 'Water Storage', 'Park']"
Vandana Enclave,Teachers Colony,"['Security / Fire Alarm', 'Lift(s)', 'High Ceiling Height', 'Maintenance Staff', 'False Ceiling Lighting', 'Water Storage', 'No open drainage around', 'Bank Attached Property', 'Visitor Parking', 'Park', 'Security Personnel', 'Natural Light', 'Airy Rooms', 'Spacious Interiors', 'Waste Disposal', 'Club house / Community Center']"
Vandana Homes,Bannerghatta Road,"['Private Garden / Terrace', 'Security Personnel']"
Vandana Vayu Shakti Phase 6,NRI Layout,"['Security / Fire Alarm', 'Intercom Facility', 'Maintenance Staff', 'Park']"
Vandhana Jasmine,Hulimavu,"['Intercom Facility', 'Park', 'Security Personnel', 'Rain Water Harvesting']"
Vario Homes,Hebbal,"['Security / Fire Alarm', 'Feng Shui / Vaastu Compliant', 'Intercom Facility', 'Lift(s)', 'Maintenance Staff', 'Water Storage', 'No open drainage around', 'Piped-gas', 'Visitor Parking', 'Swimming Pool', 'Park', 'Security Personnel', 'Natural Light', 'Airy Rooms', 'Spacious Interiors', 'Shopping Centre', 'Fitness Centre / GYM', 'Rain Water Harvesting', 'Club house / Community Center']"
Varthur-Sarjapur Road,Gunjur Village,"['Feng Shui / Vaastu Compliant', 'Lift(s)', 'Maintenance Staff', 'Swimming Pool', 'Water Storage', 'Park', 'Visitor Parking', 'Fitness Centre / GYM', 'Club house / Community Center', 'Rain Water Harvesting']"
Vasathi Avante,Rachenahalli,"['Security / Fire Alarm', 'Power Back-up', 'Feng Shui / Vaastu Compliant', 'Intercom Facility', 'Lift(s)', 'Maintenance Staff', 'Water Storage', 'No open drainage around', 'Piped-gas', 'Visitor Parking', 'Swimming Pool', 'Park', 'Natural Light', 'Airy Rooms', 'Internet/wi-fi connectivity', 'Low Density Society', 'Shopping Centre', 'Fitness Centre / GYM', 'Waste Disposal', 'Rain Water Harvesting', 'Club house / Community Center', 'Water softening plant']"
Vaswani Exquisite,Hoodi,"['Badminton Court', 'Basketball Court', 'Club House', ""Children's Play Area"", 'Swimming Pool', 'Park', 'Jogging Track', 'Gazebo', 'Gymnasium']"
Vaswani Menlo Park,Thubarahalli,"['Intercom Facility', 'Lift(s)', 'Swimming Pool', 'Park', 'Fitness Centre / GYM', 'Club house / Community Center']"
Vaswani Pinnacle,Narayanappa Garden,"['Feng Shui / Vaastu Compliant', 'Intercom Facility', 'Lift(s)', 'Maintenance Staff', 'Swimming Pool', 'Park', 'Security Personnel', 'Fitness Centre / GYM', 'Club house / Community Center']"
Vaswani Starlight,Whitefield,"['Yoga/Meditation Area', 'Indoor Games', 'Badminton Court', 'Lifts', 'Swimming Pool', 'Park', 'CCTV Camera Security', 'Multipurpose Hall', 'Gymnasium']"
Vedant Vayun,Yelenahalli,"['Security / Fire Alarm', 'Feng Shui / Vaastu Compliant', 'Intercom Facility', 'Lift(s)', 'Maintenance Staff', 'Water Storage', 'No open drainage around', 'Visitor Parking', 'Swimming Pool', 'Spacious Interiors', 'Fitness Centre / GYM', 'Waste Disposal', 'Rain Water Harvesting', 'Club house / Community Center', 'Water softening plant']"
Veeranna Prestige,Vishweshwarapura,"['Feng Shui / Vaastu Compliant', 'Security / Fire Alarm', 'Lift(s)', 'Maintenance Staff', 'Water Storage']"
Venkatadari Palm Groves,Seegehalli,"['Feng Shui / Vaastu Compliant', 'Private Garden / Terrace', 'Lift(s)', 'Maintenance Staff', 'False Ceiling Lighting', 'Water Storage', 'Recently Renovated', 'Swimming Pool', 'Park', 'Security Personnel', 'Natural Light', 'Internet/wi-fi connectivity', 'Airy Rooms', 'Shopping Centre', 'Fitness Centre / GYM', 'Waste Disposal', 'Rain Water Harvesting', 'Club house / Community Center']"
Venkatadri Homes,Vajarahalli,"['Feng Shui / Vaastu Compliant', 'Intercom Facility', 'Lift(s)', 'Water Storage']"
Venkatadri Residency,Pattanagere,"['Feng Shui / Vaastu Compliant', 'Security / Fire Alarm', 'Intercom Facility', 'Lift(s)', 'Maintenance Staff', 'Water Storage', 'Piped-gas', 'Visitor Parking', 'Fitness Centre / GYM', 'Club house / Community Center', 'Rain Water Harvesting']"
Venkatas Oakwood,Doddathoguru,"['Feng Shui / Vaastu Compliant', 'Security / Fire Alarm', 'Lift(s)', 'Water Storage', 'No open drainage around', 'Bank Attached Property', 'Visitor Parking', 'Security Personnel', 'Natural Light', 'Airy Rooms', 'Low Density Society', 'Waste Disposal']"
Veohm Vigneshwara Cedar Woods,Narayanapura,"['Feng Shui / Vaastu Compliant', 'Intercom Facility', 'Lift(s)', 'Maintenance Staff', 'Water Storage', 'Visitor Parking', 'Swimming Pool', 'Park', 'Security Personnel', 'Fitness Centre / GYM', 'Rain Water Harvesting', 'Club house / Community Center', 'Water softening plant']"
Veracious Enrica,Koramangala,"['Feng Shui / Vaastu Compliant', 'Security / Fire Alarm', 'Intercom Facility', 'Lift(s)', 'Maintenance Staff', 'Water Storage', 'Park', 'Visitor Parking']"
Verdant Apartment,Hebbal Kempapura,"['Lift(s)', 'Water Storage']"
Vibrant Sunrise,Medahalli,"['Feng Shui / Vaastu Compliant', 'Intercom Facility', 'Lift(s)', 'Maintenance Staff', 'Swimming Pool', 'Park', 'Security Personnel', 'Fitness Centre / GYM', 'Club house / Community Center', 'Rain Water Harvesting']"
Victory Brindavana 2,Banjara Layout,"['Feng Shui / Vaastu Compliant', 'Security / Fire Alarm', 'Lift(s)', 'Maintenance Staff', 'Water Storage', 'Park', 'Visitor Parking']"
Victory Conrad,Hennur Gardens,"['Power Back-up', 'Lift(s)', 'Fitness Centre / GYM', 'Rain Water Harvesting']"
Vignesh Habitat,Kodigehalli,"['Lift(s)', 'Security Personnel', 'Waste Disposal', 'Rain Water Harvesting']"
Vigneshwara Cedarwood,Kothanur,"['Feng Shui / Vaastu Compliant', 'Security / Fire Alarm', 'Lift(s)', 'Maintenance Staff', 'Swimming Pool', 'Water Storage', 'Park', 'Visitor Parking', 'Security Personnel', 'Fitness Centre / GYM', 'Club house / Community Center']"
Vihar Heights,Ananth Nagar Phase 2,"['Security / Fire Alarm', 'Lift(s)']"
Vijaya Enclave,Mahadevapura,"['Security / Fire Alarm', 'Lift(s)', 'Water Storage', 'No open drainage around', 'Security Personnel', 'Natural Light', 'Internet/wi-fi connectivity', 'Airy Rooms', 'Spacious Interiors', 'Low Density Society']"
Vijayasri Eldorado,Budigere,"['Feng Shui / Vaastu Compliant', 'Security / Fire Alarm', 'Lift(s)', 'Maintenance Staff', 'Water Storage', 'Park', 'Visitor Parking']"
Vikas Paradigm,Mariyannapalya,"['Feng Shui / Vaastu Compliant', 'Security / Fire Alarm', 'Lift(s)', 'Maintenance Staff', 'Water Storage', 'Visitor Parking']"
Visalakshi Prakruthi,Thanisandra,"['Feng Shui / Vaastu Compliant', 'Security / Fire Alarm', 'Lift(s)', 'Maintenance Staff', 'Water Storage', 'Visitor Parking']"
Visista by Vista Spaces Oaks,Judicial Layout,"['Feng Shui / Vaastu Compliant', 'Security / Fire Alarm', 'Intercom Facility', 'Lift(s)', 'Maintenance Staff', 'Water Storage', 'Park', 'Visitor Parking']"
Visista by Vista Spaces Okas,Judicial Layout,"['Feng Shui / Vaastu Compliant', 'Security / Fire Alarm', 'Intercom Facility', 'Lift(s)', 'Maintenance Staff', 'Water Storage', 'Park', 'Visitor Parking']"
Vista Visista Spaces Okas,Sahakara Nagar,"['Security / Fire Alarm', 'Feng Shui / Vaastu Compliant', 'Intercom Facility', 'Lift(s)', 'High Ceiling Height', 'Maintenance Staff', 'Water Storage', 'Separate entry for servant room', 'No open drainage around', 'Bank Attached Property', 'Piped-gas', 'Internet/wi-fi connectivity', 'Visitor Parking', 'Swimming Pool', 'Park', 'Security Personnel', 'Natural Light', 'Airy Rooms', 'Low Density Society', 'Waste Disposal', 'Rain Water Harvesting', 'Water softening plant', 'Shopping Centre', 'Fitness Centre / GYM', 'Club house / Community Center']"
Vistar Classic,DLF Newtown,"['Power Back-up', 'Feng Shui / Vaastu Compliant', 'Private Garden / Terrace', 'Intercom Facility', 'Lift(s)', 'Centrally Air Conditioned', 'High Ceiling Height', 'Maintenance Staff', 'No open drainage around', 'Bank Attached Property', 'Swimming Pool', 'Park', 'Security Personnel', 'Natural Light', 'Internet/wi-fi connectivity', 'Airy Rooms', 'Spacious Interiors', 'Low Density Society', 'Shopping Centre', 'Fitness Centre / GYM', 'Waste Disposal', 'Rain Water Harvesting', 'Club house / Community Center', 'Water softening plant']"
Vyshnavi Brundavanam Phase 2,Kadubeesanahalli,"['Gymnasium', 'Gazebo', 'Swimming Pool', ""Children's Play Area"", 'Car Parking', 'Badminton Court', 'Gated Community', 'Senior Citizen Sitout', 'Park']"
Warrior Lakeview,Kattigenahalli,"['Feng Shui / Vaastu Compliant', 'Security / Fire Alarm', 'Lift(s)', 'Visitor Parking']"
White Lotus Kala,HRBR Layout,"['Lift(s)', 'Park', 'Security Personnel']"
Whitestone Florenso,Nimbekaipura,"['Security / Fire Alarm', 'Feng Shui / Vaastu Compliant', 'Private Garden / Terrace', 'Intercom Facility', 'Lift(s)', 'Maintenance Staff', 'Water Storage', 'No open drainage around', 'Visitor Parking', 'Swimming Pool', 'Park', 'Security Personnel', 'Natural Light', 'Spacious Interiors', 'Shopping Centre', 'Fitness Centre / GYM', 'Waste Disposal', 'Rain Water Harvesting', 'Club house / Community Center', 'Water softening plant']"
Wonderwall by B&M,Sompura,"['Security / Fire Alarm', 'Feng Shui / Vaastu Compliant', 'Lift(s)', 'Water purifier', 'Maintenance Staff', 'Water Storage', 'Piped-gas', 'Visitor Parking', 'Swimming Pool', 'Park', 'Security Personnel', 'Natural Light', 'Internet/wi-fi connectivity', 'Airy Rooms', 'Fitness Centre / GYM', 'Waste Disposal', 'Rain Water Harvesting', 'Club house / Community Center', 'Water softening plant']"
Woods,Belathur,"['Feng Shui / Vaastu Compliant', 'Intercom Facility', 'Lift(s)', 'Swimming Pool', 'Park', 'Piped-gas', 'Fitness Centre / GYM', 'Club house / Community Center', 'Rain Water Harvesting']"
Y Living,Hoodi,"['Security / Fire Alarm', 'Feng Shui / Vaastu Compliant', 'Intercom Facility', 'Lift(s)', 'Maintenance Staff', 'Water Storage', 'Visitor Parking', 'Swimming Pool', 'Park', 'Security Personnel', 'Natural Light', 'Airy Rooms', 'Shopping Centre', 'Fitness Centre / GYM', 'Club house / Community Center']"
Y at Whitefield,Mahadevapura,"['Swimming Pool', 'Fitness Centre / GYM']"
YD Exotica,Kasturi Nagar,"['Intercom Facility', 'Lift(s)', 'Swimming Pool', 'Park', 'Fitness Centre / GYM', 'Rain Water Harvesting']"
YMR Lichen,Kothanur,"['Feng Shui / Vaastu Compliant', 'Security / Fire Alarm', 'Intercom Facility', 'Lift(s)', 'Maintenance Staff', 'Swimming Pool', 'Water Storage', 'Park', 'Security Personnel', 'Fitness Centre / GYM', 'Club house / Community Center', 'Rain Water Harvesting']"
Yafa Zaifar,HBR Layout,"['Feng Shui / Vaastu Compliant', 'Security / Fire Alarm', 'Intercom Facility', 'Lift(s)', 'Maintenance Staff', 'Swimming Pool', 'Water Storage', 'Visitor Parking', 'Fitness Centre / GYM', 'Club house / Community Center', 'Rain Water Harvesting']"
Yuva Sunrise,Attibele,"['Security / Fire Alarm', 'Power Back-up', 'Feng Shui / Vaastu Compliant', 'Intercom Facility', 'Lift(s)', 'Maintenance Staff', 'Water Storage', 'Visitor Parking', 'Swimming Pool', 'Park', 'Fitness Centre / GYM', 'Rain Water Harvesting', 'Club house / Community Center']"
Yuva Utsav,Electronics City Phase 2,"['Feng Shui / Vaastu Compliant', 'Security / Fire Alarm', 'Lift(s)', 'Maintenance Staff', 'Water Storage', 'Visitor Parking']"
Zen Indraprastha by Pratham,Yeshwanthpur,"['Security / Fire Alarm', 'Intercom Facility', 'Lift(s)', 'Maintenance Staff', 'Water Storage', 'No open drainage around', 'Swimming Pool', 'Park', 'Security Personnel', 'Natural Light', 'Internet/wi-fi connectivity', 'Airy Rooms', 'Spacious Interiors', 'Fitness Centre / GYM', 'Waste Disposal', 'Rain Water Harvesting', 'Club house / Community Center', 'Water softening plant']"
