apartment_name,nearbylocation
21st Castle Green Boulevard,"[('Indus International School', '230 m'), ('Azim Premji University', '1.5 km'), ('Pandana Hospital', '5.6 km'), ('Heelalige Railway Station', '16.9 km'), ('Attibele Road', '3.2 km'), ('D Mart', '5.9 km'), ('Wipro Limited', '13.2 km')]"
2Gtula,"[('Valistus International School', '5.9 km'), ('Garden City University', '4.9 km'), ('Patil Hospital', '3.2 km'), ('Hoodi Halt Railway Station', '2 km'), ('KR Puram Metro Station', '3.7 km'), ('Phoenix Marketcity', '5.6 km'), ('International Tech Park Bangalore', '2 km')]"
A Grade,"[('Baptist Hospital', '1.5 km'), ('Poornima Hospital', '2.0 km'), ('Sukrupa School', '1.8 km'), ('Hebbal Railway Station', '2.0 km'), ('Elements Mall', '2.5 km')]"
ACS Meghana and Shali Apartments,"[('Devagiri Hospital', '1.5 km'),('BNM Institute of Technology', '2.0 km')]"
AECS Layout RWA,"[('RMV Hospital', '1.5 km'), ('S. J. Hospital', '2.0 km'), ('Shiksha Sagar High School', '1.8 km'), ('New BEL Road', '1.5 km'), ('Nandhini Deluxe', '2.0 km')]"
AM Classic,"[('Kavya Hospital', '2.0 km'), ('St Francis ICSE School', '1.8 km'), ('Bommanahalli Metro Station', '1.5 km'), ('Vinayaka Specialty Hospital', '2.0 km'), ('Oxford HPS Hongasandra 2', '2.0 km')]"
ARS Green Villae Rosaceae,"[('Town Hospital Sarjapura', '3 km'), ('Balaji Nursing Home', '2 km'), ('Sri Lakshmi Multi Speciality Hospital', '2 km'), ('Sarjapur Main Road', '1 km'), ('Aikhyatha Public School', '3 km'), ('Forum Mall The Prestige City', '4 km'), ('Azim Premji University', '4 km')]"
ARS Signature Homes,"[('Harvest Cherubs Montessori', '1.1 km'), ('IRI Shrine PU College', '6.6 km'), ('Super Speciality Hospital', '1.3 km'), ('Karmelaram Railway Station', '10.1 km'), ('Sarjapur Road', '1 km'), ('Market Square Mall', '3 km'), ('RGA Techpark', '3 km')]"
ARVD Bel Air,"[('Aveksha Hospital', '4.1 km'), ('Doddaballapur Main Road', '3.2 km'), ('Yelahanka Junction', '4.6 km'), ('University of Agricultural Sciences', '5.4 km'), ('The Galleria Mall', '5.0 km'), ('Nagarjuna Pre University College', '3.0 km'), ('Yelahanka Metro Station', '5.0 km')]"
ARVD Godavari,"[('Sai Hospital', '1.5 km'), ('Srujan Dental Care', '1.0 km'), ('Samar International Islamic School', '1.0 km'), ('Tanisandra Railway Station', '2.0 km'), ('Bhartiya Mall of Bengaluru', '2.0 km'), ('Elements Mall', '2.5 km'), ('REVA University', '3.0 km')]"
ARVD Oasis,"[('Prakriya Hospitals', '1.5 km'), ('St. Marys ConventHigh School', '1.0 km'), ('Nagasandra Metro Station', '1.0 km'), ('Orion Mall', '3.0 km'), ('Mall of Asia', '3.5 km'), ('Christ University Yeshwanthpur Campus', '2.0 km'), ('Brigade Rubix Business Park', '2.5 km')]"
ARVD Skylands,"[('K K Hospital', '2.0 km'), ('Winmore Academy', '1.5 km'), ('The Galleria Mall', '2.5 km'), ('Yelahanka Junction', '3.0 km'), ('Manyata Tech Park', '3.5 km'), ('Jakkur Main Road', '1.0 km'), ('Sapthagiri College of Engineering', '2.5 km')]"
ARVD Sowparnika,"[('Vasan Eye Care Hospital', '1.5 km'), ('Apollo Pharmacy', '0.8 km'), ('T John Institute of Technology', '2.0 km'), ('Dominos', '1.2 km'), ('Anjaneya Temple', '1.0 km')]"
ARVDS Nethravati,"[('Marigold Hospital', '2.0 km'), ('GHPS Devarachikkana Halli', '1.8 km'), ('Btm Layout Metro Station', '1.5 km'), ('Nisa Multi Speciality Clinics', '2.0 km'), ('Srinivasa Dental Clinic', '2.0 km')]"
AWHO Sandeep Vihar,"[('Delhi Public School', '2 km'), ('Vydehi School of Excellence', '2 km'), ('Vasan Eye Care', '2 km'), ('Whitefield Railway Station', '2 km'), ('Nexus Whitefield Mall', '2 km')]"
Aadhava Elite Homes,"[('Kristu Jayanti College', '1.0 km'), ('Rashtrotthana Vidya Kendra', '1.9 km'), ('Elements Mall', '3.0 km'), ('Manipal Hospital Hebbal', '8.9 km'), ('Bhartiya Mall of Bengaluru', '3.5 km'), ('Yelahanka Junction', '9.8 km'), ('VIBGYOR High School', '4.4 km')]"
Aadhava Elite Homes K.Narayanapura,"[('Kristu Jayanti College', '1.0 km'), ('Rashtrotthana Vidya Kendra', '1.9 km'), ('Elements Mall', '3.0 km'), ('Manipal Hospital Hebbal', '8.9 km'), ('Bhartiya Mall of Bengaluru', '3.5 km'), ('Yelahanka Junction', '9.8 km'), ('VIBGYOR High School', '4.4 km')]"
Aakruti Amity,"[('Hebbagodi Metro Station', '1.5 km'), ('JJ Hospitals', '1.5 km'), ('Vimalaya Hospital', '2.0 km'), ('Ebenezer International School', '1.8 km'), ('Infosys Office', '2.5 km')]"
Aakruti Amity Apartment,"[('Hebbagodi Metro Station', '1.5 km'), ('JJ Hospitals', '1.5 km'), ('Vimalaya Hospital', '2.0 km'), ('Ebenezer International School', '1.8 km'), ('Infosys Office', '2.5 km')]"
Aarena Guardiana,"[('Hebbagodi Metro Station', '1.5 km'), ('JJ Hospitals', '1.5 km'), ('Vimalaya Hospital', '2.0 km'), ('Ebenezer International School', '1.8 km'), ('Infosys Office', '2.5 km')]"
Aaspire Heights,"[('Dr. Shyamala Reddy Dental College', '2 km'), ('Vibgyor High Marathahalli', '2 km'), ('Yashomathi Hospitals', '2 km'), ('Kundalahalli Metro Station', '2 km'), ('Marathahalli Main Road', '1 km'), ('Forum Value Mall', '3 km')]"
Abhee Siliconshe,"[('Karmelaram Railway Station', '2.9 km'), ('Carmelaram Theology College', '3.4 km'), ('SH 35', '3.4 km'), ('Maya Multispeciality Hospital', '7.3 km'), ('Vibgyor High School', '8.2 km'), ('Divine Workplace Solutions Pvt. Ltd', '8.8 km'), ('Nallurhalli Metro Station', '11.1 km')]"
Abhiman,"[('Hebbagodi Metro Station', '1.5 km'), ('JJ Hospitals', '1.5 km'), ('Vimalaya Hospital', '2.0 km'), ('Ebenezer International School', '1.8 km'), ('Infosys Office', '2.5 km')]"
Abodh Valmark,"[('Arabic College Metro Station', '1.0 km'), ('Dr. Ambedkar Medical College Hospital', '1.5 km'), ('Mona Nursery Primary and High School', '1.8 km'), ('Elements Mall', '3.0 km'), ('Sri Sai Hospital Bengaluru Urban', '2.0 km')]"
Acas Apoorva Dew Drops,"[('Rajnandani Hospital Bangalore', '1.5 km'), ('Florence Public School 4th Blk Anjanapura', '2.0 km'), ('BMTC Bus Depot 34', '1.5 km'), ('Konanakunte Government Hospital', '2.0 km'), ('Mvs HPS Anjanapura', '2.0 km')]"
Accent Ashlar,"[('JJ Hospitals', '1.5 km'), ('Ebenezer International School Bangalore', '1.8 km'), ('Chikkanagamangala Bus Stop', '1.5 km'), ('Anugrahaa Hospital', '2.0 km'), ('St Gasper School', '2.0 km')]"
Accent Kruthika Nilaya,"[('Singasandra Metro Station', '1.5 km'), ('Hospitec Multispeciality Hospital', '2.0 km'), ('Shree Vidyanikethan', '1.8 km'), ('Kudlu Gate Metro Station', '1.5 km'), ('New Bharat International Kudlu Gate', '2.0 km')]"
Adarsh Welk Park,"[('Aurinko Academy', '3.2 km'), ('PES University', '4.2 km'), ('NH44', '4.4 km'), ('PNR Felicity Mall', '5.7 km'), ('Kauvery Hospital', '7.1 km'), ('RGA Techpark', '8.8 km'), ('Karmelaram Railway Station', '8.9 km')]"
Adithya Beau Monde,"[('Whitefield Global School', '2 km'), ('MVJ College of Engineering', '2 km'), ('Bhagwan Mahavir Jain Health Center', '2 km'), ('Channasandra Metro Station', '2 km'), ('Kadugodi Industrial Area Metro Station', '2 km'), ('International Tech Park', '2 km')]"
Adya Nivas,"[('Huskur Road Metro Station', '2.0 km'), ('Vimalaya Hospital', '1.5 km'), ('Apollo Medical Shop', '0.8 km'), ('Silicon Valley School', '1.8 km'), ('Thali', '1.2 km')]"
Affity Brundaavana,"[('Greenfield Public School', '450 m'), ('KNS Institute of Technology', '3.6 km'), ('Regal Hospital', '3.0 km'), ('Elements Mall', '5.8 km'), ('Thanisandra Railway Station', '4.2 km'), ('Bhartiya Mall of Bengaluru', '4.6 km'), ('Manyata Tech Park', '4.3 km')]"
Ahad Serenity,"[('Beratena Agrahara Metro Station (upcoming)', '3 km'), ('ORCHIDS The International School', '4 km'), ('Springleaf Hospital', '4 km'), ('Market Square Mall Sarjapur Road', '5 km'), ('State Highway 35', '5 km'), ('Amrita Vishwa Vidyapeetham, Bengaluru', '6 km'), ('JP Software Park', '6 km')]"
Aishwarya Chethana Meadows,"[('Gear Innovative International School', '2 km'), ('Lakshya Public School', '2 km'), ('Karunalayam Hospital', '2 km'), ('Carmelaram Railway Station', '2 km'), ('RGA Techpark', '2 km'), ('Sarjapur Main Road', '1 km')]"
Aisiri Elegant,"[('Unity Hospital Bengaluru Urban', '2.0 km'), ('Global Academy of Technology', '1.8 km'), ('AGS Layout Bus Stand', '1.5 km'), ('Carmel School Ground', '2.0 km'), ('Quality Nursing Institute', '2.0 km')]"
Ajmera Lakeside Paradise,"[('Neha Prakash Hospital', '1.7 km'), ('Nagarjuna Pre University College', '2.1 km'), ('Doddaballapur Main Road', '2.9 km'), ('Garuda Mall', '4.1 km'), ('Yelahanka Junction', '6.4 km'), ('The Galleria Mall', '5.0 km'), ('Yelahanka Metro Station', '6.0 km')]"
Ajmera Nucleus,"[('Bommasandra Metro Station', '1.5 km'), ('Kauvery Hospitals', '2.0 km'), ('Ebenezer International School', '1.8 km'), ('Infosys Office', '2.5 km'), ('Wipro', '2.5 km')]"
Ajmera Stone Park,"[('Srujana Hospital', '1.5 km'), ('Shree Vinayaka Multispeciality Centre', '2.0 km'), ('Wipro EC Bus Stand', '1.5 km'), ('Ebenezer International School', '2.5 km'), ('Hebbagodi Metro Station', '1.5 km')]"
Akash Villa,"[('Yelachenahalli Metro Station', '1.5 km'), ('Supra South City Hospital', '2.0 km'), ('Greenvalley High School', '2.0 km'), ('Narayana e-Techno School', '2.0 km'), ('Forum Mall', '4.0 km')]"
Akshara Paramount,"[('Hebbagodi Metro Station', '1.5 km'), ('Bommasandra Metro Station', '2.0 km'), ('JJ Hospitals', '1.5 km'), ('Vimalaya Hospital', '2.0 km'), ('Ebenezer International School', '1.8 km')]"
Akshaya Temple Tree,"[('Yashomathi Hospitals', '2 km'), ('Vibgyor High Marathahalli', '2 km'), ('Kundalahalli Metro Station', '2 km'), ('Brookefield Mall', '3 km'), ('International Tech Park', '2 km'), ('Kundalahalli Main Road', '1 km')]"
Akshayas Shell Brundavan,"[('Akshaya Nursing Home Yelahanka', '1.5 km'), ('Santhamma Hospital', '1.8 km'), ('Sambhram Institute of Technology', '2.0 km'), ('Yelahanka Junction', '3.0 km'), ('The Galleria Mall', '3.5 km'), ('Doddaballapur Main Road', '1.0 km')]"
Akul Residency,"[('Global Indian International School GIIS', '2 km'), ('Lakshya Public School', '2 km'), ('Government Hospital', '2 km'), ('Karunalayam Hospital', '2 km'), ('RGA Techpark', '2 km'), ('Carmelaram Railway Station', '2 km'), ('Varthur Main Road', '1 km')]"
Alpe Eco,"[('Ekya School', '2 km'), ('Telerad Rx Dx Health Care', '2 km'), ('Vasan Eye Care Hospital Marathahalli', '2 km'), ('Sitaramapalya Metro Station', '2 km'), ('Phoenix Market City', '2 km'), ('Bagmane Tech Park', '2 km')]"
Alpe Eco Doddanekundi,"[('Vibgyor School', '2 km'), ('Sbf Health Bengaluru Urban', '2 km'), ('Doddanekundi Metro Station', '2 km'), ('Bagmane Tech Park', '2 km'), ('Outer Ring Road', '1 km')]"
Alpe Meadows,"[('LR International School', '2 km'), ('Venus MultiSpeciality Hospital', '2 km'), ('Comfort Multispeciality Hospital', '2 km'), ('Marathahalli Main Road', '1 km'), ('Kundalahalli Metro Station', '2 km'), ('Forum Value Mall', '3 km')]"
Alpe Pyramid Sahakara Nagar,"[('Sri Aurobindo Public School', '0.65 km'), ('Kodigehalli Railway Station', '1.6 km'), ('GKVK', '2.0 km'), ('Manipal Hospital Hebbal', '4.2 km'), ('Esteem Mall', '4.1 km'), ('NH44', '4.7 km'), ('Orchids The International School', '2.0 km')]"
Alpe Viva,"[('Whitefield Railway Station', '2 km'), ('New Life Hospital Bangalore', '3 km'), ('Whitefield (Kadugodi) Metro Station', '2 km'), ('Nexus Shantiniketan Mall', '4 km'), ('MVJ College of Engineering', '4 km')]"
Alpha Manor,"[('Heritage International School', '2 km'), ('Florida College of Management and Computer Science', '2 km'), ('CDEC Hospital', '2 km'), ('Medicure Hospital', '2 km'), ('Arabic College Metro Station', '2 km'), ('Elements Mall', '3 km')]"
Amaravathi Sai Builders,"[('Srujana Hospital', '2.0 km'), ('E-City Family Dental Centre', '1.8 km'), ('Wipro EC Bus Stand', '1.5 km'), ('Infosys Office', '2.5 km')]"
Amaravati Sai Mokshita,"[('Hebbagodi Metro Station', '1.5 km'), ('JJ Hospitals', '1.5 km'), ('Vimalaya Hospital', '2.0 km'), ('Ebenezer International School', '1.8 km'), ('Infosys Office', '2.5 km')]"
Ambika Residency,"[('Bommasandra Metro Station', '1.5 km'), ('Naryana Hrudalya', '2.0 km'), ('BTL Institute of Technology', '1.8 km'), ('Heelalige Railway Station', '2.0 km'), ('Global Speciality Hospital', '2.0 km')]"
Amigo Amparo,"[('Akshaya Nursing Home', '1.5 km'), ('Omega Multispeciality Hospital', '2.0 km'), ('N4 Srishti Institute of Art Design', '1.0 km'), ('Poorna Prajna Education Center', '1.5 km'), ('Yelahanka Junction', '2.0 km'), ('The Galleria Mall', '2.0 km')]"
Amigo Estella,"[('Sai Hospital', '1.5 km'), ('Bangalore Prime Hospital', '2.0 km'), ('Samar International Islamic School', '1.8 km'), ('Tanisandra Railway Station', '2.0 km'), ('Bhartiya Mall of Bengaluru', '2.5 km')]"
Amigo Lake View Apartments,"[('Regal Hospital', '1.5 km'), ('Sai Hospital', '2.0 km'), ('Karnataka College', '1.8 km'), ('Samar International Islamic School', '2.0 km'), ('Bhartiya Mall of Bengaluru', '2.5 km'), ('Thanisandra Railway Station', '2.0 km')]"
Amma and Sreerama Apartment,"[('Amrutha Hospital', '1.8 km'), ('Jawaharlal Nehru Centre For Advanced Scientific Research', '3.0 km'), ('The Galleria Mall', '4.0 km'), ('Yelahanka Junction', '3.5 km'), ('Elements Mall', '3.0 km')]"
Amrutha Heights Phase 2,"[('Narayana School', '0.8 km'), ('Sri Chaitanya Techno School', '3.8 km'), ('Gopalan College', '3.7 km'), ('Vydehi Hospital', '2.2 km'), ('Whitefield Metro Station', '2.7 km'), ('Inox Forum Value Mall', '2.9 km'), ('International Tech Park', '2.1 km')]"
Amrutha Heights Phase 2 Nallurhalli,"[('Narayana School', '0.8 km'), ('Sri Chaitanya Techno School', '3.8 km'), ('MVJ College of Engineering', '4.4 km'), ('Vydehi Hospital', '2.2 km'), ('Manipal Hospital', '2.7 km'), ('Inorbit Mall', '2 km'), ('International Tech Park', '2.1 km')]"
Amrutha Lakewoods,"[('Sai Hospital', '1.5 km'), ('Navya Hospital', '1.8 km'), ('Kensri School', '2.0 km'), ('Tanisandra Railway Station', '2.0 km'), ('Bhartiya Mall of Bengaluru', '2.0 km'), ('Elements Mall', '2.5 km'), ('Jawaharlal Nehru Centre For Advanced Scientific Research', '3.0 km')]"
Ananth Nagar Phase 2 SVR Kutiram,"[('Hebbagodi Metro Station', '1.5 km'), ('JJ Hospitals', '1.5 km'), ('Vimalaya Hospital', '2.0 km'), ('Ebenezer International School', '1.8 km'), ('Infosys Office', '2.5 km')]"
Anjali Palms Meadows,"[('Singasandra Metro Station', '1.5 km'), ('Hospitec Multispeciality Hospital', '2.0 km'), ('New Bharat International Kudlu Gate', '2.0 km'), ('Shree Vidyanikethan', '2.0 km'), ('Kudlu Gate Metro Station', '1.5 km')]"
Anjanadri Apartment,"[('Maharaja Agrasen Hospital Bengaluru Urban', '2.0 km'), ('Prarthana School', '1.8 km'), ('Chikkalasandra Bus Stop', '1.5 km'), ('Bangalore Kidney Foundation - NU Hospital', '2.0 km'), ('Sahakari Vidya Kendra', '2.0 km')]"
Anjandri Elite,"[('Pattanagere Metro Station', '1.5 km'), ('MEDSOL Hospital', '2.0 km'), ('R.V. College of Engineering', '1.8 km'), ('Global Village Tech Park', '2.0 km'), ('Orchids The International School Mysore Road', '2.0 km')]"
Anriya Dwellgton,"[('S.J. Hospital', '1.5 km'), ('Mamta Hospital Bengaluru Rural', '1.8 km'), ('Vyasa International School', '1.0 km'), ('Lotte Gollahalli Railway Station', '2.0 km'), ('Mantri Square Mall', '3.5 km'), ('Yeshwantpur Junction', '3.0 km')]"
Anugraha Apartments,"[('Magadi Road Metro Station', '1.5 km'), ('Punya Hospital Bengaluru Urban', '2.0 km'), ('Matru Nursing Home And Trauma Care Centre', '2.0 km'), ('S Cadambi Pre University College', '1.8 km'), ('St Charles High School', '1.8 km')]"
Aparna Ela,"[('Manipal Hospital Yeshwanthpur', '2.0 km'), ('ORCHIDS The International School', '1.8 km'), ('Yeshwanthpur Metro Station', '1.5 km'), ('Orion Mall', '2.0 km'), ('Indian Institute of Science', '2.0 km')]"
Apartment,"[('Athreya Hospital', '2.0 km'), ('BTL Institute of Technology', '2.0 km'), ('Suryanagar Bus Stop', '1.5 km'), ('Naryana Hrudalya', '2.0 km'), ('Heelalige Railway Station', '2.0 km')]"
Apoorva Sree,"[('Bommasandra Metro Station', '1.5 km'), ('Naryana Hrudalya', '2.0 km'), ('BTL Institute of Technology', '1.8 km'), ('Heelalige Railway Station', '2.0 km'), ('Global Speciality Hospital', '2.0 km')]"
Apurva Maples,"[('Good Shepherd Hospital', '1.5 km'), ('Sri Sai Hospital', '2.0 km'), ('HMR International School', '1.8 km'), ('Nagawara Metro Station', '2.0 km'), ('Elements Mall', '2.5 km')]"
Ar Tranquil Green,"[('Shree Vijayalakshmi Hospital', '1.5 km'), ('Sri Maatha Dental Care', '2.0 km'), ('Sinclairs High School', '1.8 km'), ('Banaswadi Railway Station', '2.5 km'), ('Elements Mall', '2.0 km')]"
Aratt Milano,"[('St Gasper School', '1.8 km'), ('GHPS Doddanagamangala', '2.0 km'), ('Gattahalli Bus Stop', '1.5 km'), ('BES Naganathapura', '2.0 km')]"
Aratt Premier,"[('Vydehi Hospital', '2 km'), ('Hoodi Halt Railway Station', '2 km'), ('Outer Ring Road', '1 km'), ('Forum Shantiniketan Mall', '2 km'), ('International Tech Park', '2 km'), ('EPIP Zone', '2 km'), ('Manyata Tech Park', '3 km')]"
Aratt Requizza,"[('Bhumika Hospital', '2.0 km'), ('ISBR Business School', '1.8 km'), ('Wipro EC Bus Stand', '1.5 km'), ('E-City Family Dental Centre', '1.8 km')]"
Arcade Dreams,"[('Whitefield Global School', '2 km'), ('St. Thomas School', '2 km'), ('MVJ College of Engineering', '2 km'), ('Bhagwan Mahavir Jain Health Center', '2 km'), ('Whitefield (Kadugodi) Metro Station', '2 km'), ('Nexus Shantiniketan Mall', '3 km')]"
Arcade Elegance,"[('Shree Vijayalakshmi Hospital', '1.5 km'), ('Yuvalok School', '2.0 km'), ('Sinclairs High School', '1.5 km'), ('Thanisandra Railway Station', '2.0 km'), ('Bhartiya Mall of Bengaluru', '2.0 km'), ('Elements Mall', '2.5 km'), ('Hennur Main Road', '1.0 km')]"
Architha 3,"[('Mysore Road Metro Station', '1.5 km'), ('Unity Hospital Bengaluru Urban', '2.0 km'), ('Sri Venkateshwara Nethralaya', '2.0 km'), ('RNS Institute of Technology', '1.8 km'), ('Global Academy of Technology', '1.8 km')]"
Architha Aarna,"[('Pathway Super Speciality Hospital', '1.0 km'), ('Presidency School Banashankari', '2.3 km'), ('Gopalan Arcade Mall', '4.0 km'), ('Kengeri Railway Station', '4.8 km'), ('PES University', '6.7 km')]"
Ardente PE Grove,"[('Blossom Multi Speciality Hospital', '2.0 km'), ('St Gaspar School', '1.8 km'), ('Dodda Nagamangala Bus Stop', '1.5 km'), ('Azim Premji University', '2.5 km'), ('Heelalige Railway Station', '2.0 km')]"
Arge Urban Bloom,"[('ESIC Model Hospital Peenya', '2.0 km'), ('Yeshwanthpur Junction', '1.8 km'), ('Yeshwanthpur Metro Station', '1.5 km'), ('Ambika Traders APMC YARD Market', '2.0 km'), ('Sparsh Pharmacy', '2.0 km')]"
Arjun Aura Apartments,"[('Rajashri Grandhim Hospitals', '2.0 km'), ('Blue Star Education Trust Bilekalli', '1.8 km'), ('Bilekahalli Bus Stop', '1.5 km'), ('Akshara Eye Hospital', '2.0 km'), ('Nightingale English School', '2.0 km')]"
Ark Serene County,"[('Whitefield Global School', '2 km'), ('MVJ College of Engineering', '3 km'), ('Bhagwan Mahavir Jain Health Center', '2 km'), ('Channasandra Metro Station', '2 km'), ('Whitefield Metro Station', '2 km'), ('Old Madras Road', '1 km')]"
Arna Splendor,"[('Hebbagodi Metro Station', '1.5 km'), ('JJ Hospitals', '1.5 km'), ('Vimalaya Hospital', '2.0 km'), ('Ebenezer International School', '1.8 km'), ('Infosys Office', '2.5 km')]"
Arsis Green Hills,"[('Tirumala Medical Centre', '220 m'), ('Shemrock Kiddie House', '300 m'), ('New Indus Valley Residential School', '450 m'), ('Kristu Jyoti College', '600 m'), ('Villupuram Road Battarahalli', '650 m'), ('Royalmart Hypermarket', '700 m'), ('Hoodi Halt Railway Station', '3.7 km')]"
Artha Emprasa,"[('Hoskote Government Hospital', '1 km'), ('Dhruva Nursing Home And Diagnostic Centre', '1.5 km'), ('Sri Srinivasa Hospital Bengaluru Rural', '2 km'), ('NH75', '1 km'), ('Hoskote Bus Stand', '1.2 km'), ('New Horizons School', '3 km'), ('Orion Uptown Mall', '5 km')]"
Artha Neo Midas,"[('Hoskote Government Hospital', '1 km'), ('Dhruva Nursing Home And Diagnostic Centre', '1.5 km'), ('Sri Srinivasa Hospital Bengaluru Rural', '2 km'), ('NH75', '1 km'), ('Hoskote Bus Stand', '1.2 km'), ('New Horizons School', '3 km'), ('Orion Uptown Mall', '5 km')]"
Artisane Forest Breeze,"[('Apollo Hospital', '2.0 km'), ('Vivekanand Hospital', '2.0 km'), ('Dollars Colony Bus Stop', '1.5 km')]"
Artismo Millionaire Tower,"[('Sri Venkateshwara College', '2.3 km'), ('Cytecare Hospitals', '8.4 km'), ('Ecopolis', '5.7 km'), ('Canadian International School', '9.5 km'), ('The Galleria Mall', '5.0 km'), ('NH 44', '1.0 km'), ('Akash Hospital', '3.0 km')]"
Arun MS Palazzo,"[('Amrutha Hospital', '1.5 km'), ('Eswar Women and Day Care Hospital', '2.0 km'), ('Jnanadeepika School', '1.8 km'), ('Yelahanka Junction', '2.5 km'), ('The Galleria Mall', '2.0 km')]"
Arun Patios,"[('Navachethana Hospital', '2.0 km'), ('Omega Multispeciality Hospital', '2.5 km'), ('Ryan International School', '2.0 km'), ('Nitte Meenakshi Institute of Technology', '3.0 km'), ('Yelahanka Junction', '3.5 km'), ('Doddaballapur Main Road', '1.0 km'), ('The Galleria Mall', '4.0 km')]"
Arya Lotus,"[('Whitefield Global School', '2 km'), ('St. Thomas School', '2 km'), ('Delhi Public School', '2 km'), ('Vasan Eye Care', '2 km'), ('Kadugodi Industrial Area Metro Station', '2 km'), ('Inorbit Mall', '2 km')]"
Aryan 1 Celeste,"[('CyteCare', '2.0 km'), ('Krishnadevaraya Hospital And Research Centre', '1.5 km'), ('Ryan International School', '2.0 km'), ('Yelahanka Junction', '2.0 km'), ('The Galleria Mall', '3.0 km'), ('B.M.S. Institute of Technology and Management', '2.0 km'), ('Nitte Meenakshi Institute of Technology', '2.5 km')]"
Aryan Arcade,"[('Baptist Hospital', '1.5 km'), ('Poornima Hospital', '2.0 km'), ('Sukrupa School', '1.8 km'), ('Hebbal Railway Station', '2.0 km'), ('Elements Mall', '2.5 km')]"
Aryan Fairy,"[('Hebbal Medical Center', '1.5 km'), ('Jawaharlal Nehru Centre For Advanced Scientific Research', '2.0 km'), ('Elements Mall', '2.5 km'), ('Hebbal Railway Station', '2.0 km'), ('KLAY Prep Schools and Day Care', '1.8 km')]"
Aryan Opulence,"[('Mysore Road Metro Station', '6.4 km'), ('Good Shepherd Institutions', '0.55 km'), ('BGS Gleneagles Global Hospitals', '1.7 km'), ('Gospel International School', '0.9 km'), ('Gopalan Arcade Mall', '4.0 km')]"
Aryan Pebble Bay,"[('Swamy Vivekananda Primary and High School', '2 km'), ('Manasa Public School', '2 km'), ('Apollo Clinic', '2 km'), ('Outer Ring Road', '1 km'), ('PVR', '2 km')]"
Aryan She,"[('Lakshya Public School', '2 km'), ('Global Indian International School GIIS', '2 km'), ('Karunalayam Hospital', '2 km'), ('Government Hospital', '2 km'), ('Carmelaram Railway Station', '2 km'), ('RGA Tech Park', '2 km'), ('Virginia Mall', '2 km')]"
Ashish Green B Block,"[('Sarjapur Road', '1 km'), ('Vasishta School of Excellence', '2 km'), ('Town Hospital Sarjapura', '3 km'), ('Global Technology Park', '4 km'), ('ORCHIDS The International School', '3 km'), ('Market Square Mall Sarjapur Road', '5 km'), ('Beratena Agrahara Metro Station (upcoming)', '4 km')]"
Ashish JK Apartments,"[('Vibgyor High Marathahalli', '2 km'), ('Akash IIT JEE', '2 km'), ('Yashomathi Hospitals', '2 km'), ('Kundalahalli Metro Station', '2 km'), ('Marathahalli Main Road', '1 km'), ('Big Bazaar', '2 km')]"
Ashish Monarch Apartments,"[('Neev School', '2 km'), ('Government Hospital', '2 km'), ('Varthur Main Road', '1 km'), ('Carmelaram Railway Station', '3 km'), ('RGA Techpark', '3 km'), ('Forum Neighbourhood Mall', '3 km')]"
Ashrayam Apartment,"[('Hebbagodi Metro Station', '1.5 km'), ('Velankani Tech Park', '2.0 km'), ('E-City Family Dental Centre', '1.8 km'), ('Wipro EC Bus Stand', '2.0 km'), ('ISBR Business School', '2.5 km')]"
Ashwi Flora Apartments,"[('Orchids The International School - Horamavu', '2 km'), ('St George High School', '2 km'), ('Cloudnine Hospital', '2 km'), ('Procare Hospital', '2 km'), ('KR Puram Railway Station', '3 km'), ('Elements Mall', '3 km')]"
Ashwi Heights,"[('Dr Ambedkar Nursery Primary & High School', '2 km'), ('NPS Indiranagar', '2 km'), ('Lohitha Hospital', '2 km'), ('Anand Diagnostic', '2 km'), ('Indiranagar Metro Station', '2 km'), ('CMH Road', '1 km'), ('100 Feet Road', '2 km')]"
Aspira,"[('St Marthas Hospital', '2.0 km'), ('Gubbalala School', '1.8 km'), ('Uttarahalli Bus Station', '1.5 km'), ('RNS Institute of Technology', '2.0 km'), ('Quality Nursing Institute', '2.0 km')]"
Asrithas Eeshan NZ Meadows,"[('Sree Venkateshwara Speciality Hospital', '2.0 km'), ('LPS Vinayakanagar Shanthinagar', '1.8 km'), ('Mico Bosch Metro Station', '1.5 km'), ('V. S. Achar Multispeciality Hospital', '2.0 km'), ('GHPS Lakkasandra', '2.0 km')]"
Asrithas Happy Living,"[('Vinayaka Specialty Hospital', '1.5 km'), ('Silicon City HPS Bommana Halli', '1.8 km'), ('Kudlu Gate Metro Station', '2.0 km'), ('Galaxy Paradise', '2.5 km'), ('Royal Meenakshi Mall', '3.0 km')]"
Asset Alcazar,"[('The International School of Bangalore', '2 km'), ('Inventure Academy', '2 km'), ('Greenwood High Sarjapur', '2 km'), ('Oakridge International School', '2 km'), ('Govt PU College', '2 km'), ('SH 35', '1 km'), ('Market Square Mall', '2 km')]"
Assetz 22 and Crest,"[('Manipal Hospital Yeshwanthpur', '2.0 km'), ('ORCHIDS The International School', '1.8 km'), ('Yeshwanthpur Metro Station', '1.5 km'), ('Orion Mall', '2.0 km'), ('MS Ramaiah University', '2.0 km')]"
Assetz 63 Degree East,"[('Primus Public School', '2 km'), ('Primus PU College', '2 km'), ('Kshema Hospital', '2 km'), ('Market Square Mall', '3 km'), ('Hosa Road Metro Station', '3 km'), ('NH48', '1 km'), ('Global Technology Park', '2 km')]"
Assetz 63 Degree East Kodathi,"[('Primus PU College', '1.3 km'), ('Primus Public School', '1.4 km'), ('NH44', '3 km'), ('Kshema Hospital', '4 km'), ('Hosa Road Metro Station', '6.6 km'), ('Global Technology Park', '8.6 km'), ('Market Square Mall Sarjapur Road', '12.4 km')]"
Assetz Bloom and Dell,"[('Prerana International School', '4.2 km'), ('Manipal Hospital Varthur Road', '10.7 km'), ('Baiyappanahalli Metro Station', '13.8 km'), ('Krishnarajapuram Railway Station', '12.2 km'), ('Villupuram Road', '3.7 km'), ('Park Square Mall', '9.2 km'), ('International Tech Park', '9.8 km')]"
Assetz Canvas and Cove,"[('Jayashree Multi Speciality Hospital', '2.0 km'), ('Little Angels High School', '1.8 km'), ('Singasandra Metro Station', '1.5 km'), ('Dayananda Sagar University', '2.0 km'), ('SVR College', '2.0 km')]"
Assetz Canvas and Cove Begur,"[('Jayashree Multi Speciality Hospital', '3.0 km'), ('Dayananda Sagar University', '3.2 km'), ('Singasandra Metro Station', '2.9 km'), ('Royale Concorde School', '3.5 km'), ('Market Square Mall', '6.9 km')]"
Assetz Lumos,"[('NU Hospitals', '2.0 km'), ('Orchids The International School', '1.8 km'), ('Sandal Soap Factory Metro Station', '1.5 km'), ('Yeshwantpur Market', '2.0 km'), ('Aaroyha Mandir Hospital', '2.0 km')]"
Assetz Marq,"[('The Bangalore School', '2 km'), ('Svyasa University', '2 km'), ('Mission Hospital', '2 km'), ('Whitefield Metro Station', '2 km'), ('Whitefield Railway Station', '2 km'), ('Ascendas Park Square Mall', '2 km'), ('SH 35', '1 km')]"
Assetz Marq 2,"[('One World International School', '2 km'), ('Garden City University', '2 km'), ('Brookefield Multi Speciality Hospital', '2 km'), ('Whitefield (Kadugodi) Metro Station', '2 km'), ('Whitefield Railway Station', '2 km'), ('Park Square Mall', '2 km'), ('Whitefield-Hoskote Road (SH 35)', '1 km')]"
Assetz Marq 3,"[('Vibgyor High School', '2 km'), ('Whitefield Railway Station', '2 km'), ('Old Madras Road', '1 km'), ('Phoenix Marketcity', '2 km'), ('International Tech Park', '2 km'), ('Bearys Global Research Triangle', '2 km')]"
Assetz Oasis Apartment,"[('Ragavendra Hospital', '2.0 km'), ('AIMS Institutes', '1.8 km'), ('Jalahalli Metro Station', '1.5 km'), ('Ashwini Hospital', '2.0 km'), ('Schoenstatt St Marys High School', '2.0 km')]"
Assetz Soho and Sky,"[('PKS School', '2.1 km'), ('Manipal Hospital Hebbal', '6.1 km'), ('Embassy Manyata Business Park', '4.1 km'), ('Esteem Mall', '6.0 km'), ('REVA University', '8.3 km'), ('GKVK University Stadium', '6.1 km'), ('Hebbal Railway Station', '7.4 km')]"
Assetz Sora and Saki,"[('Relive Hospital', '3.6 km'), ('St. Francis School', '1.8 km'), ('CMR University', '6.0 km'), ('Yelahanka Junction', '15.8 km'), ('Bhartiya Mall of Bengaluru', '9.9 km'), ('Lotpick Workspace', '9.3 km'), ('BK Halli Highway', '2.1 km')]"
Assetz Soul and Soil,"[('Cratis Hospital', '1.5 km'), ('Good Shepherd High School', '2.0 km'), ('Thanisandra Railway Station', '2.5 km'), ('Elements Mall', '2.0 km'), ('NBC College', '2.0 km')]"
Assetz Sun and Sanctum,"[('Battarahalli Indoor Stadium', '450 m'), ('NH75', '1 km'), ('Cambridge PU College', '2.1 km'), ('RI Prarthana School', '2.7 km'), ('Sunrise Hospital', '4.1 km'), ('Channasandra Station', '5.6 km'), ('Phoenix Marketcity', '7 km')]"
Aswani Aaeesha,"[('Springleaf Hospital', '2.0 km'), ('Silicon Valley School Konappana Agrahara', '1.5 km'), ('Hebbagodi Metro Station', '1.5 km'), ('Infosys Office', '2.5 km'), ('Vimalaya Hospital', '2.0 km')]"
Aswani Sitara,"[('Athreya Hospital', '2.0 km'), ('Narayana Hrudayalaya', '2.0 km'), ('Bangalore College Of Engineering And Technology', '2.5 km'), ('BTL Institute of Technology', '2.0 km'), ('Heelalige Railway Station', '2.0 km')]"
Asya Pearl,"[('Srujana Hospital', '2.0 km'), ('Sacretis School', '1.8 km'), ('Wipro EC Bus Stand', '1.5 km'), ('E-City Family Dental Centre', '1.8 km')]"
Atarva Mansion,"[('Orchid Academy', '2 km'), ('Dr Ambedkar Medical College Hospital', '2 km'), ('K C Raju Multi Speciality Hospital', '2 km'), ('Venkateshapura Metro Station', '2 km'), ('Arabic College Metro Station', '2 km'), ('Manyata Tech Park', '3 km')]"
Atco Sapphire,"[('Town Hospital', '2 km'), ('Global Indian International School', '3 km'), ('Sarjapur Main Road', '1 km'), ('Carmelaram Railway Station', '3 km'), ('RGA Techpark', '3 km'), ('Market Square Mall', '3 km')]"
Audel Heights,"[('Cloud Nine Fertility', '1.5 km'), ('Medplus', '0.8 km'), ('CMS Business School', '2.0 km'), ('Zaitoon', '1.2 km'), ('Ganesha Temple', '1.0 km')]"
Avanthika Apartment,"[('Medi Derma Hospital', '1.5 km'), ('Manasa Public School', '1.8 km'), ('Swamy Vivekananda Primary and High School', '2.0 km'), ('Bharat Petroleum', '1.5 km'), ('Little Lions', '2.0 km')]"
Avenue Pride,"[('Gurushree Hitech Multispeciality Hospital', '2.0 km'), ('Siddaganga Public School', '1.8 km'), ('Nayandahalli Metro Station', '1.5 km'), ('B M Valley School', '2.0 km'), ('Mysore Road Metro Station', '1.5 km')]"
Avighna Aarna Vantage,"[('Hebbagodi Metro Station', '1.5 km'), ('Bhumika Hospital', '2.0 km'), ('Vimalaya Hospital', '2.0 km'), ('Ebenezer International School', '1.8 km'), ('Wipro', '2.5 km')]"
Axis Aspira,"[('T.R. Hospital', '2.0 km'), ('Capitol Public School', '1.8 km'), ('Narayana Hrudayalaya Dental Clinic', '2.0 km'), ('Cambridge School Kothanur', '2.5 km')]"
Axis Oaklyn,"[('The North Bangalore Hospital', '2.0 km'), ('Oxford English School', '1.5 km'), ('Yelahanka Junction', '2.0 km'), ('The Galleria Mall', '3.0 km'), ('Jain University', '2.5 km'), ('Chikkajala Metro Station', '1.0 km'), ('Ramada by Wyndham Hotel', '2.5 km')]"
Azur,"[('Mico Bosch Metro Station', '1.5 km'), ('Sree Venkateshwara Speciality Hospital', '2.0 km'), ('V. S. Achar Multispeciality Hospital', '2.0 km'), ('LPS Vinayakanagar Shanthinagar', '1.8 km')]"
BCD City,"[('Hoskote Government Hospital', '1 km'), ('Dhruva Nursing Home And Diagnostic Centre', '1.5 km'), ('Sri Srinivasa Hospital Bengaluru Rural', '2 km'), ('NH75', '1 km'), ('Hoskote Bus Stand', '1.2 km'), ('New Horizons School', '3 km'), ('Orion Uptown Mall', '5 km')]"
BCD City Township,"[('Hoskote Government Hospital', '1 km'), ('Dhruva Nursing Home And Diagnostic Centre', '1.5 km'), ('Sri Srinivasa Hospital Bengaluru Rural', '2 km'), ('NH75', '1 km'), ('Hoskote Bus Stand', '1.2 km'), ('New Horizons School', '3 km'), ('Orion Uptown Mall', '5 km')]"
BCD Emprasa,"[('Hoskote Government Hospital', '1 km'), ('Dhruva Nursing Home And Diagnostic Centre', '1.5 km'), ('Sri Srinivasa Hospital Bengaluru Rural', '2 km'), ('NH75', '1 km'), ('Hoskote Bus Stand', '1.2 km'), ('New Horizons School', '3 km'), ('Orion Uptown Mall', '5 km')]"
BCM Vertex,"[('Akshaya Nursing Home Yelahanka', '1.5 km'), ('Omega Multispeciality Hospital', '2.0 km'), ('N4 Srishti Institute of Art Design & Technology', '1.0 km'), ('Poorna Prajna Education Center', '1.5 km'), ('Yelahanka Junction', '2.0 km'), ('The Galleria Mall', '2.0 km')]"
BDA Apartment,"[('Global Indian International School', '2 km'), ('Lakshya Public School', '2 km'), ('Government Hospital', '2 km'), ('Varthur Main Road', '1 km'), ('Brookefield Mall', '2 km'), ('RGA Tech Park', '2 km')]"
BDA Apartment Kommaghatta,"[('KENGERI UPANAGARA Government Hospital', '1.5 km'), ('Ullalu Government Hospital', '2.0 km'), ('Vijaya Hospital Bengaluru Urban', '2.0 km'), ('Sankalpa Hospital', '2.0 km')]"
BDA Chandragiri Apartment,"[('Kannamangala Primary Health Center', '2 km'), ('Geetha Hospital', '2 km'), ('S.N. Hospital', '2 km'), ('Whitefield Metro Station', '2 km'), ('Ascendas Park Square Mall', '3 km')]"
BDA Flat,"[('Kengeri Metro Station', '1.5 km'), ('BGS Global Hospitals', '2.0 km'), ('Shreya Hospital Bengaluru Rural', '2.0 km'), ('SJB Institute of Technology', '1.8 km'), ('R.V. College of Engineering', '1.8 km')]"
BDA Flats,"[('Sri Ram Speciality Hospital', '1.5 km'), ('Get Well Hospital', '2.0 km'), ('Credence Public School', '1.8 km'), ('Koramangala Bus Depot', '2.0 km'), ('St Frances ICSE School', '2.5 km')]"
BDA Flats Phase 2,"[('Kengeri Metro Station', '1.5 km'), ('KENGERI UPANAGARA Government Hospital', '2.0 km'), ('Shreya Hospital Bengaluru Rural', '2.0 km'), ('Government School', '1.8 km'), ('Kengeri Railway Station', '1.5 km')]"
BDA Gunjur Housing Project,"[('Vagdevi Vilas Super School', '2 km'), ('Government Hospital', '1.5 km'), ('Apollo Pharmacy', '1 km'), ('Varthur Main Road', '1 km'), ('Forum Neighbourhood Mall', '4 km'), ('Whitefield (Kadugodi) Metro Station', '5 km')]"
BDA Malagala Apartments,"[('Nagarbhavi Circle Bus Stop', '1.5 km'), ('Panacea Hospital Nagarabhavi', '2.0 km'), ('Vijaya Netralaya', '2.0 km'), ('Dr. Ambedkar Institute of Technology', '1.8 km'), ('National Law School of India University', '2.0 km')]"
BDA Valagerahalli Phase 5,"[('Pattanagere Metro Station', '1.5 km'), ('MEDSOL Hospital', '2.0 km'), ('R.V. College of Engineering', '1.8 km'), ('Global Village Tech Park', '2.0 km'), ('Kengeri Railway Station', '2.0 km')]"
BDU Amulya Apartment,"[('Sri Lakshmi Multi Speciality Hospital', '2.0 km'), ('East West Institute of Technology', '1.8 km'), ('Herohalli Bus Stop', '1.5 km'), ('Orchids The International School', '2.0 km'), ('Prajawal Nursing School', '2.0 km')]"
BM Glorieta,"[('Delhi Public School', '2 km'), ('St. Thomas School', '2 km'), ('Vasan Eye Care', '2 km'), ('Whitefield Metro Station', '2 km'), ('International Tech Park', '2 km'), ('Forum Value Mall', '3 km')]"
Bagalur Residency Plot,"[('Valens Hospitals', '1.5 km'), ('Sapthagiri Hospital', '2.0 km'), ('Reva University', '2.5 km'), ('Brindavan College of Engineering', '2.8 km'), ('Ryan International School', '3.0 km'), ('SH104', '1.5 km')]"
Bairavi Cruz Luxor,"[('Divine Medical Centre', '1.5 km'), ('Cloudnine Fertility', '2.0 km'), ('Smiley Kids', '1.8 km'), ('Kalyan Nagar Bus Stand', '2.0 km'), ('Elements Mall', '2.5 km')]"
Balaji Emerald BEL Layout Vidyaranyapura,"[('Sathya Hospital', '1.5 km'), ('Zion Hospital and Research Centre', '1.8 km'), ('Orchid Academy', '1.0 km'), ('Venkateshapura Metro Station', '2.0 km'), ('Elements Mall', '3.0 km'), ('Banaswadi Railway Station', '2.5 km'), ('Kammanahalli Main Road', '1.0 km')]"
Balaji Homes,"[('North Side Hospital and Diagnostic Centre', '1.5 km'), ('Chaitanya Medical Centre', '1.8 km'), ('Jnanadeepika School', '2.0 km'), ('The Galleria Mall', '3.5 km'), ('Yelahanka Junction', '3.0 km'), ('University of Agricultural Sciences', '2.5 km')]"
Balaji Meadows,"[('Jayashree Multi Specilaity Hospital', '1.5 km'), ('St Anns School Begur', '1.8 km'), ('Yelenahalli Bus Stop', '1.5 km'), ('Shri Sharada Vidyanikethana Arkere', '2.0 km'), ('Royal Meenakshi Mall', '3.0 km')]"
Balaji Paradise,"[('Hebbal Medical Center', '1.5 km'), ('Icon Hospital', '1.8 km'), ('Kriya Preschool', '1.0 km'), ('Elements Mall', '2.5 km'), ('Yeshwantpur Junction', '3.0 km'), ('Manyata Tech Park', '3.0 km')]"
Balaji Residency,"[('Niyati Children Clinic', '1.5 km'), ('Government Hospital', '2.0 km'), ('St Anns School Begur', '1.8 km'), ('Shri Sharada Vidyanikethana Arkere', '2.0 km'), ('J P Vidyakendra School Arakere', '2.0 km')]"
Balaji Vajraa,"[('Vijayashree Hospitals', '1.5 km'), ('Banashankari Hospital', '2.0 km'), ('T John Institute of Technology', '1.8 km'), ('Cinepolis', '2.5 km'), ('GHPS Gottigere', '2.0 km')]"
Bannerghatta House of Hiranandani,"[('Maple Bear Canadian School', '1.8 km'), ('Star Market', '1.5 km'), ('Fortis Hospital', '2.0 km'), ('Sri Chaitanya School', '2.0 km')]"
Barry Temple Tree,"[('D Mart', '1.1 km'), ('Town Hospital Sarjapura', '2.6 km'), ('Azim Premji University', '3.7 km'), ('Greenwood High', '6.8 km'), ('Karmelaram Railway Station', '10.8 km'), ('Sarjapur Main Road', '1 km'), ('Forum Mall The Prestige City', '4 km')]"
Barvika Residency,"[('Blossom Multispecialty Hospital', '2.0 km'), ('St Joseph Eng Sch Hosur Road Beratena Agrahara', '1.8 km'), ('Hosa Road Metro Station', '1.5 km'), ('Oxford School Beratena Agrahara', '2.0 km'), ('Azim Premji University', '2.5 km')]"
Basaveshwara Nagar,"[('Punya Hospital Bengaluru Urban', '2.0 km'), ('Cordial High School', '1.8 km'), ('Basaveshwara Nagar Bus Stop', '1.5 km'), ('Vivus West Multi Speciality Hospital', '2.0 km'), ('ASC Degree College', '2.0 km')]"
Basil at Brigade Meadows,"[('Kaggalipura Government Hospital', '1.5 km'), ('Government Primary School Kaggalipura', '1.8 km'), ('Kaggalipura Bus Stop', '1.5 km'), ('Saptha Giri Clinic', '2.0 km'), ('Jain University', '3.0 km')]"
Bavisha Urban Homes,"[('Sri Lakshmi Multi Speciality Hospital', '2 km'), ('Balaji Nursing Home', '2 km'), ('Town Hospital', '2 km'), ('Sarjapur Main Road', '1 km'), ('Market Square Mall', '3 km'), ('Sompura Gate Bus Stop', '1 km'), ('Wipro Corporate Office', '3 km')]"
Bearys Lake Side Habitat,"[('Baptist Hospital', '1.5 km'), ('Poornima Hospital', '2.0 km'), ('Sukrupa School', '1.8 km'), ('Venkateshpura Metro Station', '2.0 km'), ('Elements Mall', '2.5 km')]"
Begur Heights Begur Woods Layout,"[('Yelenahalli Bus Stop', '1.5 km'), ('Jayashree Multi Speciality Hospital', '2.0 km'), ('St Anns School Begur', '1.8 km'), ('St Pauls School Begur', '2.0 km'), ('Government Primary School Yelenahalli', '2.0 km')]"
Bengaluru North,"[('Baptist Hospital', '1.5 km'), ('Sukrupa School', '1.0 km'), ('RT Nagar Bus Depot', '1.0 km'), ('Hebbal Railway Station', '2.0 km'), ('Elements Mall', '2.5 km'), ('Chaitanya Hospital', '1.5 km')]"
Best Apartments,"[('Unity Hospital Bengaluru Urban', '2.0 km'), ('RNS Institute of Technology', '1.8 km'), ('Rajarajeshwari Nagar Metro Station', '1.5 km'), ('Global Academy of Technology', '2.0 km'), ('JSS Academy of Technical Education', '2.0 km')]"
Bhadra Landmark,"[('Kengeri Metro Station', '1.5 km'), ('BGS Global Hospitals', '2.0 km'), ('R.V. College of Engineering', '1.8 km'), ('Global Village Tech Park', '2.0 km'), ('SJB Institute of Technology', '2.0 km')]"
Bharatiya City,"[('Lakshmi Hospital', '2.0 km'), ('Krishnadevaraya Hospital', '2.5 km'), ('Bettahalsoor Railway Station', '3.0 km'), ('Bhartiya Mall of Bengaluru', '2.0 km'), ('Nitte Meenakshi Institute', '3.5 km')]"
Bhartiya City Nikoo Homes 1,"[('Regal Hospital', '1.5 km'), ('Bangalore Prime Hospital', '1.8 km'), ('Karnataka College', '1.0 km'), ('Thanisandra Railway Station', '2.0 km'), ('Bhartiya Mall of Bengaluru', '2.0 km'), ('Elements Mall', '2.5 km'), ('Samar International Islamic School', '1.0 km')]"
Bhartiya City Nikoo Homes 4,"[('Regal Kidney & Multi Specialty Hospital', '1.5 km'), ('Chaman Bhartiya School', '1.8 km'), ('Bhartiya Mall of Bengaluru', '2.0 km'), ('Reva University', '2.5 km'), ('Thanisandra Railway Station', '2.0 km'), ('Venkateshpura Metro Station', '3.0 km'), ('The Leela Bhartiya City', '2.5 km')]"
Bhartiya City Nikoo Homes 6,"[('Manipal Hospitals', '1.5 km'), ('KNS Institute of Technology', '1.0 km'), ('Bhartiya Mall of Bengaluru', '1.0 km'), ('Karnataka College of Pharmacy', '1.5 km'), ('Yelahanka Junction', '3.0 km'), ('Elements Mall', '2.5 km'), ('Curious School', '1.0 km')]"
Bhartiya City Nikoo Homes 6 Kogilu,"[('Manipal Academy of Higher Education', '1.0 km'), ('Curious School', '2.2 km'), ('Bhartiya Mall of Bengaluru', '0.5 km'), ('KNS Institute of Technology', '1.8 km'), ('Karnataka College of Pharmacy', '1.3 km'), ('The Leela Bhartiya City', '0.45 km'), ('Elements Mall', '3.0 km')]"
Bhavisha Bentley Goldberg Phase 2,"[('Aditi Hospital', '2 km'), ('Anekal Road Railway Station', '5 km'), ('Alliance University', '2 km'), ('Sarjapur Road', '1 km'), ('D Mart', '3 km'), ('Wipro Limited', '3 km'), ('Indus International School', '3 km')]"
Bhavya Balaji,"[('Ramaiah Hospital', '1.5 km'), ('Sandeepani School', '2.0 km'), ('Orion Mall', '2.5 km'), ('New BEL Road', '1.5 km'), ('Ramaiah College', '2.0 km')]"
Bhavya Coral,"[('Rajajinagar Metro Station', '1.5 km'), ('Fortis Hospitals Limited Rajajinagar', '2.0 km'), ('Ananya Hospital', '2.0 km'), ('Vivekananda College', '1.8 km')]"
Bhavya Serene,"[('Stanford Speciality Hospital', '2 km'), ('Sarjapur Main Road', '1 km'), ('Market Square Mall', '3 km'), ('Carmelaram Railway Station', '3 km'), ('Wipro Corporate Office', '3 km')]"
Bhoo Aabharana,"[('Riverstone International School', '2.4 km'), ('North Bangalore Hospital', '6.9 km'), ('CMR University', '8.0 km'), ('Elements Mall', '6.8 km'), ('Bhartiya Mall of Bengaluru', '7.0 km'), ('Yelahanka Junction', '9.8 km'), ('KNS Institute of Technology', '6.0 km')]"
Bhoomika Vista Lagos,"[('Government Primary School', '2 km'), ('Government Higher Primary School', '2 km'), ('Yemaluru Primary Health Centre', '2 km'), ('Old Airport Road', '1 km'), ('Gopalan Signature Mall', '3 km'), ('Bagmane Tech Park', '3 km')]"
Birla Ojasvi,"[('Jayadev Memorial Rashtrotthana Hospital', '2.1 km'), ('Gospel International School', '1.1 km'), ('College of Fine Arts', '0.65 km'), ('Rajarajeshwari Nagar Metro Station', '1.5 km'), ('Gopalan Arcade Mall', '5.0 km')]"
Birla Tisya,"[('Vijayanagar Metro Railway Station', '1.5 km'), ('National Law School of India University', '2.0 km'), ('Orchids', '1.8 km'), ('Kamadhenu Hospital', '2.0 km'), ('Fortis Hospital', '2.0 km')]"
Birla Trimaya,"[('Trust Aid Hospital', '2.9 km'), ('RS Technical College', '3.2 km'), ('Doddajala Metro Station', '3.6 km'), ('Vidhyanagara Stadium', '7.4 km'), ('New Light International School', '8.8 km'), ('Purvankara Business Park', '8.3 km'), ('NH44', '2.9 km')]"
Bollineni Astra,"[('Soukya Hospital', '1.5 km'), ('Millennium World School', '1.0 km'), ('Bhartiya Mall of Bengaluru', '2.0 km'), ('Yelahanka Junction', '3.0 km'), ('Elements Mall', '2.5 km'), ('Brindavan Group of Institutions', '2.0 km'), ('Kogilu Main Road', '1.0 km')]"
Bramani Brundhavan,"[('LR International School', '2 km'), ('Government Primary School', '2 km'), ('Saraswati Vidya Mandir', '2 km'), ('Little Flower Hospital', '2 km'), ('Comfort Multispeciality Hospital', '2 km'), ('Gopalan Signature Mall', '2 km')]"
Brdavan Apartment,"[('S.J. Hospital', '1.5 km'), ('Mamta Hospital Bengaluru Rural', '1.8 km'), ('Brindavan College', '2.0 km'), ('Lotte Gollahalli Railway Station', '2.5 km'), ('Yeshwantpur Junction', '3.0 km'), ('Mantri Square Mall', '3.5 km')]"
Bren Imperia,"[('NH44', '3.2 km'), ('Market Square Mall Sarjapur Road', '3.5 km'), ('Orchids The International School', '3.7 km'), ('Kasavanahalli', '4.4 km'), ('Karmelaram Railway Station', '7.5 km'), ('Spandana Hospital', '3 km'), ('Azim Premji University', '4 km')]"
Bren Northern Lights,"[('Sai Hospital', '1.5 km'), ('Navya Hospital', '1.8 km'), ('Kensri School', '2.0 km'), ('Tanisandra Railway Station', '2.0 km'), ('Bhartiya Mall of Bengaluru', '2.0 km'), ('Elements Mall', '2.5 km'), ('Jawaharlal Nehru Centre For Advanced Scientific Research', '3.0 km')]"
Bren Trillium,"[('Beratena Agrahara Metro Station', '2.0 km'), ('Blossom Multispecialty Hospital', '1.5 km'), ('Omkar Medicals', '0.8 km'), ('PESIT Bengaluru South', '2.0 km'), ('Sri Annapoorneshwari Hotel', '1.2 km')]"
Bren Woods,"[('Springleaf Hospital', '2.0 km'), ('Silicon Valley School Konappana Agrahara', '1.5 km'), ('Hebbagodi Metro Station', '1.5 km'), ('Infosys Office', '2.5 km'), ('Anugrahaa Hospital', '2.0 km')]"
Bren Zahara,"[('Kudlu Gate Metro Station (upcoming)', '3 km'), ('The Cambridge International School', '4 km'), ('BRS Global School', '4 km'), ('Vibgyor School', '4 km'), ('Motherhood Hospital', '5 km'), ('Columbia Asia Hospital', '5 km'), ('Total Mall', '4 km')]"
Bricks and Milestones Wonderwall,"[('Sarjapur - Marathahalli Road', '1 km'), ('NH-44', '3 km'), ('Town Hospital Sarjapura', '3 km'), ('Azim Premji University', '4 km'), ('Indus International School', '5 km'), ('Total Mall', '5 km'), ('RGA Techpark', '6 km')]"
Brigade 7 Gardens,"[('Samastha Hospital', '1.5 km'), ('National Public School', '1.8 km'), ('Rajarajeshwari Nagar Metro Station', '1.5 km'), ('Reliance Smart', '2.0 km'), ('Bangalore University', '2.5 km')]"
Brigade 7 Gardens Banashankari,"[('National Public School', '0.9 km'), ('Amastha Hospital', '2.7 km'), ('Bangalore University', '3.4 km'), ('Reliance Smart', '2.6 km'), ('Rajarajeshwari Nagar Metro Station', '7.0 km')]"
Brigade Atmosphere,"[('Akash Hospital', '6.6 km'), ('Chanakya University', '7.7 km'), ('Devanahalli Railway Station', '5.0 km'), ('The Arcade', '6.4 km'), ('Rigandha International School', '8.0 km'), ('Bengaluru Signature Business Park', '9.7 km'), ('SH96', '0.35 km')]"
Brigade Buena Vista,"[('NH75', '1 km'), ('Kadugodi Metro Station', '2 km'), ('Orion Uptown Mall', '2 km'), ('Shree Meru International School', '3 km'), ('East Point Hospital', '3 km'), ('Garden City University', '5 km'), ('Whitefield Railway Station', '5 km')]"
Brigade Buena Vista Budigere,"[('Shree Meru International School', '1.4 km'), ('NH75', '1 km'), ('Orion Uptown Mall', '4 km'), ('East Point Hospital', '4.7 km'), ('Garden City University', '8.9 km'), ('Whitefield Railway Station', '9.5 km'), ('Kadugodi Metro Station', '11.8 km')]"
Brigade Caladium,"[('Medstar Speciality Hospital', '1.5 km'), ('Green Country Public School', '2.0 km'), ('Chikka Banavara Junction', '2.5 km'), ('Esteem Mall', '2.0 km'), ('Ajeenkya DY Patil University', '2.0 km')]"
Brigade Citrine,"[('NH75', '1 km'), ('New Baldwin International Residential School', '2 km'), ('Orion Uptown Mall', '2 km'), ('Kadugodi Metro Station', '3 km'), ('East Point Hospital', '3 km'), ('Garden City University', '5 km'), ('Whitefield Railway Station', '5 km')]"
Brigade Citrine Budigere Cross,"[('Orion Uptown Mall', '450 m'), ('NH75', '1 km'), ('Sri Sai Health Care', '1.5 km'), ('One World International School', '3.2 km'), ('South East Asian College', '6.6 km'), ('Whitefield Railway Station', '8 km'), ('Kadugodi Metro Station', '5 km')]"
Brigade Cornerstone Utopia,"[('Seetharam Palya Metro Station', '3 km'), ('State Highway 35', '2 km'), ('The Prodigies International School', '2.5 km'), ('Brookefield Multi Speciality Hospital', '3 km'), ('Central Mall', '4 km'), ('Garden City University', '5 km'), ('International Tech Park Bangalore', '4 km')]"
Brigade Cosmopolis,"[('Delhi Public School', '2 km'), ('Neev School', '2 km'), ('Agarwal Eye Hospital', '2 km'), ('Whitefield Metro Station', '2 km'), ('International Tech Park', '2 km'), ('Forum Shantiniketan Mall', '3 km')]"
Brigade Exotica,"[('Auxilium School', '2.4 km'), ('East Point College', '4.6 km'), ('East Point Hospital', '4.2 km'), ('Old Madras Road', '5.2 km'), ('Orion Uptown Mall', '2.3 km'), ('Safal Market', '3.2 km'), ('Bearys Global Research Triangle', '2.9 km')]"
Brigade Gateway,"[('Manipal Hospital', '2.0 km'), ('University College', '1.8 km'), ('Mahalakshmi Metro Station', '1.5 km'), ('Orion Mall', '2.0 km'), ('Sheraton Grand', '2.0 km')]"
Brigade Gem,"[('Mathru Hospital', '2.0 km'), ('New Horizon College', '1.8 km'), ('Market Square Mall', '2.0 km'), ('DPS Bangalore East', '2.0 km')]"
Brigade Golden Triangle,"[('G E F Eye Hospital', '2 km'), ('Kannamangala Primary Health Center', '2 km'), ('Old Madras Road', '1 km'), ('Whitefield Metro Station', '3 km'), ('International Tech Park', '3 km')]"
Brigade Horizon,"[('Christ Kengeri Campus', '3.3 km'), ('Bangalore Hospital Kengeri', '10.6 km'), ('Gospel International School', '11.5 km'), ('Jnanabharathi Metro Station', '11.3 km'), ('Gopalan Arcade Mall', '12.1 km')]"
Brigade Insignia,"[('Manipal Hospital', '7.4 km'), ('Vidyashilp Academy', '6.4 km'), ('Yelahanka Junction', '2.0 km'), ('The Galleria Mall', '2.6 km'), ('REVA University', '6.5 km'), ('RMZ Galleria Office Block', '2.8 km'), ('Proposed Yelahanka Metro Station', '1.3 km')]"
Brigade Laguna,"[('Manipal Hospital Hebbal', '1.5 km'), ('Amrutha Public School', '1.0 km'), ('Elements Mall', '2.0 km'), ('Manyata Tech Park', '2.5 km'), ('Yelahanka Junction', '3.0 km'), ('University of Agricultural Sciences', '2.0 km'), ('Hebbal Railway Station', '2.5 km')]"
Brigade Laguna Hebbal,"[('Manipal Hospital Hebbal', '3.7 km'), ('Amrutha Public School', '1.2 km'), ('Embassy Manyata Business Park', '3.6 km'), ('Elements Mall', '4.6 km'), ('University of Agricultural Sciences', '4.2 km'), ('GKVK University Stadium', '4.0 km'), ('Yelahanka Junction', '7.4 km')]"
Brigade Lakefront,"[('Gopalan International School', '2 km'), ('Gopalan Pre University College', '2 km'), ('RxDx Healthcare Whitefield Branch', '2 km'), ('Whitefield Metro Station', '2 km'), ('Hoodi Halt Railway Station', '2 km'), ('Brookefield Mall', '2 km'), ('NH 44', '1 km')]"
Brigade Lakefront Blue,"[('Delhi Public School', '2 km'), ('St. Thomas School', '2 km'), ('Vasan Eye Care', '2 km'), ('Whitefield Metro Station', '2 km'), ('Forum Value Mall', '2 km'), ('International Tech Park Bangalore', '2 km')]"
Brigade Meadows,"[('Kaggalipura Government Hospital', '2.0 km'), ('A.P.S. College of Engineering', '2.0 km'), ('Kaggalipura Bus Stop', '1.5 km'), ('Balaji Medical', '2.0 km'), ('Narayanaswamy Medical Store', '2.0 km')]"
Brigade Metropolis,"[('Presidency Hospital', '2 km'), ('Garudacharpalya Metro Station', '2 km'), ('Hoodi Junction Metro Station', '2 km'), ('Phoenix Marketcity', '2 km')]"
Brigade Millennium Jacaranda,"[('Yelachenahalli Metro Station', '1.5 km'), ('Manipal Clinic', '2.0 km'), ('Narayana Hrudayalaya Dental Clinic', '2.0 km'), ('Capitol Public School', '1.8 km'), ('Amaravathy PU College', '1.8 km')]"
Brigade New Launch,"[('New Baldwin International Residential School', '2 km'), ('Budigere Road', '1 km'), ('Whitefield Railway Station', '3 km'), ('Vydehi Hospital', '3 km'), ('Orion Uptown Mall', '3 km'), ('ITPL Tech Park', '3 km')]"
Brigade Northridge,"[('AMRUTH HOSPITAL', '1.5 km'), ('Delhi Public School', '1.0 km'), ('Bhartiya Mall of Bengaluru', '1.0 km'), ('Millennium World School', '1.5 km'), ('Yelahanka Junction', '3.0 km'), ('Elements Mall', '2.5 km'), ('Manyata Tech Park', '3.0 km')]"
Brigade Northridge Neo,"[('Elements Mall', '2.0 km'), ('REVA College', '2.5 km'), ('Vidyashilp Academy', '2.0 km'), ('Regal Hospital', '1.5 km'), ('Columbia Asia Hospital', '2.0 km'), ('Thanisandra Main Road', '1.0 km'), ('Manyata Tech Park', '2.5 km')]"
Brigade Omega,"[('BGS Hospital', '1.5 km'), ('Delhi Public School', '1.8 km'), ('Doddakallasandra Metro Station', '2.0 km'), ('Royal Meenakshi Mall', '4.0 km'), ('NICE Corridor Road', '2.5 km')]"
Brigade Orchards Goldspire,"[('Akash International School', '2.0 km'), ('Medstar Speciality Hospital', '2.5 km'), ('Chanakya University', '3.0 km'), ('Devanahalli Railway Station', '3.0 km'), ('NH 44', '1.0 km'), ('The Arcade Mall', '2.0 km'), ('Garuda Mall', '4.0 km')]"
Brigade Panorama,"[('Kengeri Metro Station', '5.2 km'), ('Marigold International School', '1.6 km'), ('Don Bosco Institute of Technology', '2.9 km'), ('Rajarajeshwari Hospital', '5.2 km'), ('Gopalan Arcade Mall', '8.8 km')]"
Brigade Parkside East,"[('CMR Gandhi School', '1.5 km'), ('Stanford Speciality Hospital', '2.0 km'), ('Total Mall', '3.0 km'), ('Wipro Tower S4', '2.5 km'), ('Dayananda Sagar University', '4.0 km')]"
Brigade Woods,"[('Gopalan International School', '2 km'), ('Garden City University', '2 km'), ('Aster Whitefield Hospital', '2 km'), ('Baiyappanahalli Metro Station', '2 km'), ('Kadugodi Railway Station', '2 km'), ('Park Square Mall', '2 km'), ('International Tech Park', '2 km')]"
Brillio at Brigade Valencia,"[('Mazumdar Shaw Medical Center', '2.0 km'), ('Manipal International School', '2.5 km'), ('Yelachenahalli Metro Station', '2.0 km'), ('Royal Meenakshi Mall', '2.5 km'), ('IIT Bangalore', '3.0 km')]"
CJN Sai Golden Landmark,"[('Delhi Public School', '2 km'), ('Vydehi School of Excellence', '2 km'), ('Kadugodi Industrial Area Metro Station', '2 km'), ('Pattandur Agrahara Metro Station', '2 km'), ('International Tech Park', '2 km'), ('Inorbit Mall', '2 km')]"
Candeur Carlisle,"[('Lowry Memorial Educational Institutions', '2 km'), ('Comfort Multispeciality Hospital', '2 km'), ('Phoenix Marketcity Mall', '2 km'), ('VR Bengaluru Mall', '2 km'), ('Krishnarajapuram, Outer Ring Rd', '1 km'), ('Mahadevapura Metro Station', '2 km'), ('Brigade Tech Gardens', '2 km')]"
Candeur Landmark,"[('SH 35', '1 km'), ('Krupanidhi PU College', '2 km'), ('Chrysalis High Varthur', '2 km'), ('Global Indian International School', '2 km'), ('The Forum Neighbourhood Mall', '3 km'), ('Columbia Asia Hospital Whitefield', '3 km'), ('Belandur Road', '4 km')]"
Candeur Signature,"[('K K English High School', '2 km'), ('Krupanidhi Degree College', '2 km'), ('Varthur Government Hospital PHC', '2 km'), ('Sansar Center Hyper Market', '2 km'), ('Belandur Road Railway Station', '3 km'), ('Varthur Main Road', '1 km')]"
Capricorn Heights Hennur Garden,"[('Good Shepherd Hospital', '1.5 km'), ('Shree Vijayalakshmi Hospital', '2.0 km'), ('HMR International School', '1.8 km'), ('Elements Mall', '3.0 km'), ('Banaswadi Railway Station', '2.5 km')]"
Capstone Flowg Tree,"[('Chaitanya Hospital', '1.5 km'), ('Jnanadeepika School', '1.8 km'), ('Poorna Prajna Education Center', '2.0 km'), ('Yelahanka Junction', '2.5 km'), ('The Galleria Mall', '2.0 km')]"
Cardal One,"[('Sparsh Hospital', '2.0 km'), ('Orchids The International School', '1.8 km'), ('Goraguntepalya Metro Station', '1.5 km'), ('Ramaiah University of Applied Sciences', '2.0 km'), ('Vaishnavi Sapphire Centre', '2.0 km')]"
Carmel Heights Whitefield,"[('Cloudnine Hospital', '1 km'), ('Park Square Mall', '1.4 km'), ('Forum Shantiniketan Mall', '1.7 km'), ('Techno School', '2.2 km'), ('Inland Container Depot', '2.2 km'), ('Hoodi Bus Stop', '4.1 km')]"
Casagrand Amor,"[('Noble Multispeciality Hospital', '2.2 km'), ('Little Millennium', '2.9 km'), ('Royal Meenakshi Mall', '4.3 km'), ('William Carey University', '9.1 km'), ('Yelenahalli Bus Stop', '1.5 km')]"
Casagrand Aquene,"[('Kengeri Metro Station', '1.5 km'), ('Gopalan Arcade Mall', '2.0 km'), ('BKP International Public School', '1.8 km'), ('PES University', '2.0 km'), ('HK Hospital', '2.0 km')]"
Casagrand Boulevard,"[('Regal Hospital', '1.5 km'), ('Bangalore Prime Hospital', '1.8 km'), ('Karnataka College', '1.0 km'), ('Thanisandra Railway Station', '2.0 km'), ('Bhartiya Mall of Bengaluru', '2.0 km'), ('Elements Mall', '2.5 km'), ('REVA University', '2.0 km')]"
Casagrand Casablanca,"[('Fortis Hospital', '9.9 km'), ('Hastam Montessori', '3.6 km'), ('Metro Station Thalagattapura', '2.9 km'), ('Royal Meenakshi Mall', '8.7 km'), ('Christ University', '15.9 km')]"
Casagrand Flamingo,"[('Hosa Road Metro Station', '1.5 km'), ('Market Square Mall', '2.0 km'), ('Vibgyor High School', '1.8 km'), ('Christ University', '2.0 km'), ('Dr Heal Hospital', '2.0 km'), ('Karmelaram Railway Station', '1.5 km')]"
Casagrand Hazen,"[('Noble Multispeciality Hospitals', '2.0 km'), ('Mount St Joseph School', '2.5 km'), ('Doddakallasandra Metro Station', '2.0 km'), ('Royal Meenakshi Mall', '2.5 km'), ('Christ University', '3.0 km')]"
Casagrand Lorenza,"[('REVA University', '2.0 km'), ('KNS Institute of Technology', '1.5 km'), ('Regal Hospital', '1.8 km'), ('Bhartiya Mall of Bengaluru', '2.5 km'), ('Yelahanka Junction', '3.0 km'), ('Manyata Tech Park', '3.5 km'), ('Elements Mall', '3.0 km')]"
Casagrand Royce,"[('Hoodi Bus Stand', '1 km'), ('KR Puram Metro Station', '2 km'), ('Cambridge School', '2 km'), ('Sai Ram Hospital', '2 km'), ('KR Puram Railway Station', '2.5 km'), ('International Tech Park Bangalore', '3 km'), ('Phoenix Marketcity', '4 km')]"
Casagrand Zaiden,"[('Jnana Sweekar Public School', '2.0 km'), ('Ritu Hospital', '5.0 km'), ('ILK Institute Metro Station', '2.0 km'), ('Forum Mall', '6.4 km'), ('Purva Zentech Business Park', '5.8 km')]"
Cedar at Brigade Orchards,"[('Sri Shirdi Sai Hospital', '1.5 km'), ('Devanahalli Railway Station', '2.0 km'), ('Govt High School', '2.5 km'), ('Nandi Upahara', '1.8 km'), ('The Arcade', '6.0 km'), ('Bengaluru Signature Business Park', '9.0 km')]"
Celebration Apartment,"[('Kengeri Metro Station', '1.5 km'), ('Ullalu Government Hospital', '2.0 km'), ('S.S.G. Hospital', '2.0 km'), ('East West Institue of Technology', '2.0 km'), ('Government School', '1.8 km')]"
Celebrations,"[('Kengeri Metro Station', '1.5 km'), ('Ullalu Government Hospital', '2.0 km'), ('S.S.G. Hospital', '2.0 km'), ('East West Institue of Technology', '2.0 km'), ('Government School', '1.8 km')]"
Celebrity Signature,"[('Srujana Hospital', '2.0 km'), ('Sacretis School', '1.8 km'), ('Wipro EC Bus Stand', '1.5 km'), ('E-City Family Dental Centre', '1.8 km')]"
Celebrity Square,"[('Saraswathi Healthcare', '2.0 km'), ('N.R. Hospital', '2.0 km'), ('Attibele Bus Stand', '1.5 km'), ('Shanvi Dental Clinic', '1.8 km'), ('Elite Hospital', '2.0 km')]"
Celebrity Square Apartments,"[('Saraswathi Healthcare', '1.5 km'), ('Government Hospital Hosur', '2.0 km'), ('Attibele Bus Stand', '1.8 km'), ('Shanvi Dental Clinic', '1.5 km'), ('Oxford Medical College', '3.0 km')]"
Centreo by Prime One Corp and Enessen Estates,"[('Kengeri Metro Station', '2.0 km'), ('Shankar Super Specialty Hospital', '1.8 km'), ('Yashasvi International School', '2.0 km'), ('Dayananda Sagar University', '2.5 km')]"
Century,"[('Jawaharlal Nehru Centre For Advanced Scientific Research', '3.0 km'), ('Amrutha Hospital', '1.8 km'), ('The Galleria Mall', '4.0 km'), ('Yelahanka Junction', '3.5 km'), ('Bellary Road', '1.0 km')]"
Century Breeze,"[('Ashwini Hospital', '2.0 km'), ('Vidyashilp Academy', '2.5 km'), ('The Galleria Mall', '2.0 km'), ('Yelahanka Junction', '3.0 km'), ('East West College of Engineering', '3.5 km'), ('NH44', '1.5 km'), ('L&T Tech Park', '4.0 km')]"
Century Celeste,"[('Manasa Trinity Heart Hospital', '1.5 km'), ('Jayalakshmi Hospital', '1.8 km'), ('Jawaharlal Nehru Centre For Advanced Scientific Research', '3.0 km'), ('The Galleria Mall', '4.0 km'), ('Yelahanka Junction', '3.5 km'), ('INOX RMZ Galleria Mall', '4.0 km'), ('Bellary Road', '1.0 km')]"
Century Central,"[('Yelachenahalli Metro Station', '2.0 km'), ('Sri Sai Ram Hospital', '1.5 km'), ('Arpitha Medicals', '0.8 km'), ('Jyothi Kendriya Vidyalaya', '1.8 km'), ('Athithi Grand', '1.2 km')]"
Century Commanders Vista,"[('Akshaya Nursing Home Yelahanka', '1.5 km'), ('Navachethana Hospital', '1.8 km'), ('N4 Srishti Institute of Art Design & Technology', '1.0 km'), ('Yelahanka Junction', '2.0 km'), ('The Galleria Mall', '2.0 km'), ('Royal Kempegowda Convention Center', '1.5 km'), ('Ryan International School', '2.5 km')]"
Century Ethos,"[('Prolife Hospital', '2.5 km'), ('Impact College of Engineering', '2.5 km'), ('Esteem Mall', '1.6 km'), ('Brigade Magnum Tech Park', '0.65 km'), ('Vidyashilp Academy', '7.1 km'), ('Goraguntepalya Metro Station', '9.3 km'), ('Elements Mall', '4.6 km')]"
Century Ethos Hebbal,"[('Brigade Magnum Tech Park', '0.65 km'), ('Esteem Mall', '1.6 km'), ('Prolife Hospital', '2.5 km'), ('Impact College of Engineering', '2.5 km'), ('NH44', '2.4 km'), ('Vidyashilp Academy', '7.1 km'), ('Courtyard by Marriott', '9.0 km')]"
Century Indus,"[('BGS Global Hospitals', '2.0 km'), ('RNS Institute of Technology', '1.8 km'), ('Rajarajeshwari Nagar Metro Station', '1.5 km'), ('Global Village Tech Park', '2.0 km'), ('JSS Academy of Technical Education', '2.0 km')]"
Chaithanya Oakville,"[('Vydehi School of Excellence', '2 km'), ('Columbia Asia Hospital Whitefield', '2 km'), ('Svastha Hospital Whitefield', '2 km'), ('Whitefield Main Road', '1 km'), ('Forum Value Mall', '2 km'), ('Brookefield Mall', '2 km'), ('Whitefield Metro Station', '2 km')]"
Chaithanya Samarth,"[('New Baldwin International School', '2 km'), ('Brilliant National School', '2 km'), ('East Point Hospital', '2 km'), ('Geetha Hospital', '2 km'), ('Budigere Road', '1 km'), ('Orion Uptown Mall', '3 km')]"
Chartered Madhura,"[('C.S.Hospital', '1.5 km'), ('Sri Chaitanya Techno School', '1.8 km'), ('Chikkalasandra Bus Stop', '1.5 km'), ('Bangalore International Public School', '2.0 km'), ('Royal Meenakshi Mall', '4.0 km')]"
Chetan Habitat,"[('Medi Derma Hospital', '1.5 km'), ('Teresa Bacq School', '1.0 km'), ('Manasa Public School', '1.5 km'), ('Thanisandra Railway Station', '2.0 km'), ('Bhartiya Mall of Bengaluru', '2.0 km'), ('Elements Mall', '2.5 km')]"
Chethan,"[('Indus Valley School', '2 km'), ('Cambridge Institute of Technology', '2 km'), ('Seegehalli Government Hospital', '2 km'), ('Hoodi Railway Station', '2 km'), ('International Tech Park', '2 km'), ('Hoodi Junction Metro Station', '2 km')]"
Chirag Residency,"[('Kengeri Metro Station', '1.5 km'), ('Rajarajeshwari Hospital', '2.0 km'), ('R.V. College of Engineering', '1.8 km'), ('Global Village Tech Park', '2.0 km'), ('IBS Business School', '2.0 km')]"
Chithaary Greens,"[('Vijayashree Hospitals', '1.5 km'), ('Narayana Nethralaya', '2.0 km'), ('T John Institute of Technology', '1.8 km'), ('Cinepolis', '2.5 km'), ('GHPS Gottigere', '2.0 km')]"
Chithaary Sayoonee,"[('Vijayashree Hospitals', '2.0 km'), ('Narayana Nethralaya', '2.0 km'), ('Sudarshan Public School', '1.8 km'), ('BMTC Bus Depot 34', '2.0 km'), ('T John Institute of Technology', '2.5 km')]"
Chitrakut Shelter,"[('Ashirwad Hospital', '1.5 km'), ('Synergy Health Care', '1.8 km'), ('Sukrupa School', '1.0 km'), ('Hebbal Railway Station', '2.0 km'), ('Elements Mall', '2.5 km'), ('Yeshwantpur Junction', '3.0 km'), ('Mona Nursery Primary and High School', '1.0 km')]"
Chowdeshwari Arcade,"[('K.C. General Hospital', '1.5 km'), ('Manipal Northside Hospital', '2.0 km'), ('Government Pre University College', '1.8 km'), ('Srirampura Metro Station', '2.0 km'), ('Malleswaram Railway Station', '2.5 km')]"
Chowriyappa Consolation,"[('Venkateshapura Metro Station', '2.0 km'), ('Sathya Hospital', '1.5 km'), ('Zion Hospital and Research Centre', '1.8 km'), ('Orchid Academy', '1.0 km'), ('Elements Mall', '3.0 km'), ('Banaswadi Railway Station', '2.5 km'), ('Kammanahalli Main Road', '1.0 km')]"
Columbia AALtius,"[('Hebbagodi Metro Station', '1.5 km'), ('Mazumdar Shaw Medical Center', '2.0 km'), ('Sorsfort International School', '1.8 km'), ('Christ University', '2.5 km'), ('New Heelalige Railway Station', '2.0 km')]"
Columbia Pacific Serviced Community,"[('New Baldwin International Residential School', '2 km'), ('Whitefield (Kadugodi) Metro Station', '3 km'), ('Nexus Shantiniketan Mall', '4 km'), ('Manipal Hospital Whitefield', '4 km'), ('Whitefield Main Road', '1 km'), ('ITPL', '5 km'), ('Hope Farm Metro Station', '3 km')]"
Columbia SR Flora,"[('Jayashree Multi Speciality Hospital', '1.5 km'), ('Vinayaka Health Care', '2.0 km'), ('St Francis ICSE School', '1.8 km'), ('Kudlu Gate Metro Station', '2.0 km'), ('Galaxy Paradise', '2.0 km')]"
Concord Heights,"[('Regal Hospital', '1.5 km'), ('Bangalore Prime Hospital', '1.8 km'), ('Karnataka College', '1.0 km'), ('Tanisandra Railway Station', '2.0 km'), ('Bhartiya Mall of Bengaluru', '2.0 km'), ('Elements Mall', '2.5 km'), ('REVA University', '3.0 km')]"
Concorde Auriga,"[('Stanford Public School', '2 km'), ('Deepa Hospital', '2 km'), ('Subashanagar Bus Stop', '1 km'), ('Channasandra Junction', '1 km'), ('KR Puram Railway Station', '2 km'), ('Old Madras Road', '1 km')]"
Concorde Epitome,"[('JJ Hospitals', '1.5 km'), ('Ebenezer International School Bangalore', '1.8 km'), ('Hebbagodi Metro Station', '1.5 km'), ('Vimalaya Hospital', '2.0 km'), ('Infosys Office', '2.5 km')]"
Concorde Mayfair,"[('Sparsh Hospital Yelahanka', '0.8 km'), ('Cambridge English High School', '1.2 km'), ('Yelahanka Junction', '1.2 km'), ('The Galleria Mall', '1.0 km'), ('University of Agricultural Sciences', '6.2 km'), ('NH44', '4.1 km'), ('Attide Boutique Hotel', '5.2 km')]"
Concorde Midway City,"[('Hosa Road Metro Station', '1.5 km'), ('Blossom Multispecialty Hospital', '2.0 km'), ('Pragathi School Chikkatoru', '1.8 km'), ('Azim Premji University', '2.5 km'), ('Oxford School Beratena Agrahara', '2.0 km')]"
Concorde Neo,"[('Sai Hospital', '1.5 km'), ('Navya Hospital', '1.8 km'), ('Samar International Islamic School', '1.0 km'), ('Tanisandra Railway Station', '2.0 km'), ('Bhartiya Mall of Bengaluru', '2.0 km'), ('Elements Mall', '2.5 km'), ('Kensri School', '2.0 km')]"
Concorde Tech Turf,"[('People Tree Hospitals', '2.0 km'), ('L.C.R. English School', '1.8 km'), ('Yeshwantpur Metro Station', '1.5 km'), ('M.S.Polytechnic', '2.0 km'), ('Yesvantpur Junction Railway Station', '1.5 km')]"
Confident Meadows,"[('Saandeepani Academy For Excellence', '2 km'), ('Kidzee Sompura', '2 km'), ('Azim Premji University', '2 km'), ('Spandana Hospital', '2 km'), ('Karmelaram Railway Station', '2 km'), ('Virginia Mall', '2 km'), ('SH 35', '1 km')]"
Confident Oxygen,"[('Stanford Speciality Hospital', '2 km'), ('Sarjapur Road', '1 km'), ('Market Square Mall', '2 km'), ('Saandeepani Academy For Excellence', '2 km'), ('Wipro Limited SEZ', '3 km')]"
Corporate Suncity Apartments,"[('GHPS Ibaloor', '2 km'), ('Ittina Wellness Centre', '2 km'), ('Sarjapur Main Road', '1 km'), ('RGA Techpark', '2 km'), ('Carmelaram Railway Station', '3 km')]"
Countryside Radiance,"[('Infosys Office', '2.5 km'), ('Hebbagodi Metro Station', '1.5 km'), ('Vimalaya Hospital', '2.0 km'), ('Ebenezer International School', '2.5 km'), ('SBR Lucky Mall', '3.0 km')]"
Creative Elegance,"[('J M J Hospital', '1.5 km'), ('Sri Sai Hospital Bengaluru Urban', '1.8 km'), ('VBR PU College', '1.0 km'), ('Nagawara Metro Station', '2.0 km'), ('Elements Mall', '2.5 km'), ('Manyata Tech Park', '2.0 km')]"
Creative Shree Vikas,"[('Sai Hospital', '1.5 km'), ('Navya Hospital', '1.8 km'), ('Samar International Islamic School', '1.0 km'), ('Tanisandra Railway Station', '2.0 km'), ('Bhartiya Mall of Bengaluru', '2.0 km'), ('Elements Mall', '2.5 km'), ('Kensri School', '2.0 km')]"
DC Golden Lotus,"[('Sumathi Nursing and Maternity Home', '1.5 km'), ('People Tree Hospitals', '2.0 km'), ('Saint Claret School', '1.8 km'), ('Goraguntepalya Metro Station', '2.0 km'), ('Orion Mall', '3.0 km')]"
DD Wisdom Pearl Apartment,"[('Chaitanya E-Techno School', '2 km'), ('St. Anne’s Pre-University College For Girls', '2 km'), ('Koshy’s Hospital', '2 km'), ('Ayur Vaid Hospital', '2 km'), ('KR Puram Railway Station', '2 km'), ('Gopalan Signature Mall', '2 km')]"
DLF Maiden Heights,"[('Y K Hospital', '1.5 km'), ('Indira Hospital Bengaluru Urban', '2.0 km'), ('Jigani Bus Stand', '2.0 km'), ('Narayana Hrudayalaya Hospital', '4.0 km'), ('Alliance University', '5.0 km')]"
DLF Westend Heights,"[('Jayashree Multi Speciality Hospital', '2.0 km'), ('St Pauls School Begur', '1.8 km'), ('Yelenahalli Bus Stop', '1.5 km'), ('St Anns School Begur', '1.8 km'), ('Government Primary School Yelenahalli', '2.0 km')]"
DLF Woodland Heights,"[('Y K Hospital', '1.8 km'), ('Udupi Hotel', '1.2 km')]"
DNR Arista,"[('Manipal Hospital Sarjapur Rd', '2.0 km'), ('ORCHIDS Intl School', '1.8 km'), ('Karmelaram Railway Station', '1.5 km'), ('Christ University', '2.0 km'), ('Nexus Mall Koramangala', '2.0 km')]"
DNR Parklink,"[('Aadya Academy The World School', '1.7 km'), ('Bhartiya Mall of Bengaluru', '2 km'), ('The Leela Bhartiya City', '2.3 km'), ('Cratis Hospital', '3.9 km'), ('Reva University', '6.2 km'), ('Embassy Manyata Business Park', '8.2 km'), ('NH75', '8.4 km')]"
DNR Reflection,"[('GHPS Ibaloor', '2 km'), ('High School', '2 km'), ('Dr. Levine Memorial Hospital', '2 km'), ('Sarjapur-Marathahalli Road', '1 km'), ('Soul Space Spirit Central Mall', '2 km'), ('Global Technology Park', '3 km')]"
DRA Ranka Aquagreens,"[('Kengeri Metro Station', '1.5 km'), ('KENGERI UPANAGARA Government Hospital', '2.0 km'), ('Shreya Hospital Bengaluru Rural', '2.0 km'), ('R.V. College of Engineering', '1.8 km'), ('Gnana Bodhini Primary School', '1.8 km')]"
DS Max Saaga,"[('Samastha Hospitals Pvt Ltd', '1.5 km'), ('Kammavari Sangha Institute of Technology', '2.0 km'), ('Uttarahalli Bus Station', '1.5 km'), ('Gubbalala School', '2.0 km'), ('Quality Nursing Institute', '2.5 km')]"
DS Max Sahara,"[('Etersnirmala Vidyalaya', '1.0 km'), ('Mathru Hospital', '7.6 km'), ('Market Square Mall', '8.1 km'), ('Huskur Lake View Park', '2.7 km'), ('Bhoomi College', '4.4 km')]"
DS Max Samyak,"[('Challaghatta Metro Station', '4.0 km'), ('Rajarajeshwari Hospital', '4.1 km'), ('St. Gregorios Public School', '0.9 km'), ('Rajarajeswari College of Engineering', '8.8 km'), ('KHB Mall', '9.5 km')]"
DS Max Sandalwood,"[('Prakriya Hospitals', '1.5 km'), ('Ragavendra Hospital', '1.8 km'), ('Schoenstatt St Marys High School', '1.0 km'), ('Nagasandra Metro Station', '1.0 km'), ('Orion Mall', '3.0 km'), ('Mall of Asia', '3.5 km'), ('AIMS Institutes', '2.0 km')]"
DS Max Sangam,"[('Hoodi Primary School', '2 km'), ('Seegehalli Government Hospital', '2 km'), ('Narayana Multispeciality Hospital', '2 km'), ('International Tech Park', '2 km'), ('Hoodi Railway Station', '2 km'), ('Whitefield Railway Station', '3 km')]"
DS Max Sankalp Manor,"[('National Public School', '2 km'), ('VIBGYOR High School', '2 km'), ('Koshys Multispecialty', '2 km'), ('North Bangalore Hospital', '2 km'), ('Outer Ring Road', '1 km'), ('Elements Mall', '3 km')]"
DS Max Satellite,"[('Kengeri Metro Station', '1.5 km'), ('BGS Global Hospitals', '2.0 km'), ('Shreya Hospital Bengaluru Rural', '2.0 km'), ('R.V. College of Engineering', '1.8 km'), ('Gnana Bodhini Primary School', '1.8 km')]"
DS Max Seasons,"[('Government Higher Primary School', '2 km'), ('Magdum Hospital', '2 km'), ('Marathahalli Main Road', '1 km'), ('Kundalahalli Metro Station', '2 km'), ('Forum Value Mall', '3 km')]"
DS Max Senate,"[('Rashtreeya Vidyalaya Metro Station', '2.0 km'), ('Fortis Hospital', '1.8 km'), ('Relic International School', '2.0 km')]"
DS Max Shreshta,"[('Regal Hospital', '1.5 km'), ('Amruth Hospital', '2.0 km'), ('Karnataka College', '1.8 km'), ('Reva University', '2.5 km'), ('Bhartiya Mall of Bengaluru', '2.0 km'), ('Thanisandra Railway Station', '2.0 km'), ('Golden Chariot Public School', '2.0 km')]"
DS Max Silver Bell,"[('Sri Lakshmi Multi Speciality Hospital', '2.0 km'), ('Orchids The International School', '1.8 km'), ('Magadi Road Bus Stop', '1.5 km'), ('Unity Lifline Hospital Pvt Ltd', '2.0 km'), ('ASC Degree College', '2.0 km')]"
DS Max Silver Oak,"[('Hebbagodi Metro Station', '2.0 km'), ('Sri Sai Clinic', '1.5 km'), ('Apollo Pharmacy', '0.8 km'), ('Ebenezer International School', '1.8 km'), ('KFC', '1.2 km')]"
DS Max Silver Wood,"[('JJ Hospitals', '1.5 km'), ('BTL Institute of Technology', '2.0 km'), ('Bommasandra Metro Station', '1.5 km'), ('Vimalaya Hospital', '2.0 km'), ('Heelalige Railway Station', '2.0 km')]"
DS Max Sista Grand,"[('National Public School', '0.21 km'), ('Olympus Super Speciality Hospital', '3.6 km'), ('Vajarahalli Metro Station', '3.4 km'), ('Forum Mall', '5.3 km'), ('Dayanand Sagar College', '6.3 km')]"
DS Max Sista Nest,"[('SS Sparsh Hospital', '1.8 km'), ('Presidency School Banashankari', '1.5 km'), ('Pes University', '2.0 km')]"
DS Max Sky City,"[('Sai Hospital', '1.5 km'), ('Navya Hospital', '1.8 km'), ('Samar International Islamic School', '1.0 km'), ('Tanisandra Railway Station', '2.0 km'), ('Bhartiya Mall of Bengaluru', '2.0 km'), ('Elements Mall', '2.5 km'), ('Kensri School', '2.0 km')]"
DS Max Sky Samurai,"[('ITI College', '550 m'), ('Devangonthi Railway Station', '1 km'), ('NH648', '1.4 km'), ('RKB Sanjeevini Hospital', '1.5 km'), ('Bangalore Whitefield School', '3.3 km'), ('Whitefield (Kadugodi) Metro Station', '4 km'), ('Nexus Shantiniketan Mall', '5 km')]"
DS Max Sky Shubham,"[('Garden City University', '2 km'), ('Samuel Public School', '2.1 km'), ('Bhattarahalli Indoor Stadium', '2.8 km'), ('Krishnarajapuram Railway Station', '3.2 km'), ('Patil Hospital', '4.4 km'), ('Phoenix Marketcity', '8.5 km'), ('Old Madras Road', '7.9 km')]"
DS Max Sky Sisira,"[('PKB High School', '1.1 km'), ('Vidyashilp University', '11.6 km'), ('Rajanukunte Railway Station', '8.5 km'), ('Navachethana Hospital', '16.1 km'), ('The Galleria Mall', '10.0 km'), ('Yelahanka Junction', '9.8 km'), ('Bhartiya Mall of Bengaluru', '10.0 km')]"
DS Max Skycity,"[('Mintu Hospital', '3.1 km'), ('Mannath School', '0.13 km'), ('Bhartiya Mall of Bengaluru', '3.0 km'), ('Yelahanka Junction', '7.4 km'), ('Indhi PU College', '3.3 km'), ('Jakkur Aerodrome', '7.4 km'), ('The Galleria Mall', '5.0 km')]"
DS Max Skysupreme,"[('Kengeri Metro Station', '1.5 km'), ('Vishwa Venkateshwara Intl School', '1.8 km'), ('RV College of Engineering', '2.0 km'), ('Shreya Hospital', '2.0 km'), ('Gopalan Arcade Mall', '2.0 km')]"
DS Max Smart Nest,"[('Sapthagiri Hospital', '1.5 km'), ('Rajalakshmi Hospital', '1.8 km'), ('Sapthagiri College of Engineering', '2.0 km'), ('Chikka Banavara Railway Station', '2.5 km'), ('Mall of Asia', '4.0 km'), ('Jalahalli Metro Station', '3.0 km'), ('Soundarya Institute of Management', '2.0 km')]"
DS Max Sonata,"[('Sapthagiri College of Engineering', '2.0 km'), ('KMV Red Hills High School', '1.5 km'), ('Chikka Banavara Junction', '1.0 km'), ('Acharya Institutes', '2.0 km'), ('Rainbow International School', '1.5 km'), ('Bengaluru International Exhibition', '2.5 km'), ('Jalahalli Metro Station', '3.0 km')]"
DS Max Sparkle Nest,"[('Medi Derma Hospital', '1.5 km'), ('Teresa Bacq School', '1.0 km'), ('Manasa Public School', '1.5 km'), ('Tanisandra Railway Station', '2.0 km'), ('Bhartiya Mall of Bengaluru', '2.0 km'), ('Elements Mall', '2.5 km'), ('REVA University', '3.0 km')]"
DS Max Sparkles,"[('Karunalayam Hospital', '2.0 km'), ('Little Millennium', '1.8 km'), ('Karmelaram Railway Station', '1.5 km'), ('Renuka Clinic', '2.0 km'), ('Gear Innovative International School', '2.0 km')]"
DS Max Spoorthi,"[('St. Philomenas Central School', '0.85 km'), ('Azim Premji University', '4.8 km'), ('Diya Complex', '6.4 km'), ('Jigala New Hospital', '7.7 km'), ('Sarjapura Attibele Rd', '1.5 km')]"
DS Max Springfield,"[('Medi Derma Hospital', '2 km'), ('Alpha College of Engineering', '2 km'), ('Vijaya Vittala Institute of Technology', '3 km'), ('Hennur Main Road', '1 km'), ('Elements Mall', '4 km'), ('Hennur Bus Stand', '2 km')]"
DS Max Star Nest,"[('Kengeri Metro Station', '1.5 km'), ('KENGERI UPANAGARA Government Hospital', '2.0 km'), ('Shreya Hospital Bengaluru Rural', '2.0 km'), ('R.V. College of Engineering', '1.8 km'), ('Gnana Bodhini Primary School', '1.8 km')]"
DS Max Starle,"[('Hebbagodi Metro Station', '1.5 km'), ('Anugraha Hospital', '2.0 km'), ('Sorsfort International School', '1.8 km'), ('Electronic City Police Station', '2.0 km'), ('India Post Office', '2.0 km')]"
DS Max Stavam,"[('Vidyashilp Academy', '2.0 km'), ('Omega Multispeciality Hospital', '2.5 km'), ('REVA University', '3.0 km'), ('The Galleria Mall', '3.5 km'), ('Yelahanka Junction', '3.0 km'), ('Doddaballapur Main Road', '1.0 km'), ('Dasarahalli Metro Station', '4.0 km')]"
DS Max Stavam Nest,"[('CyteCare', '2.0 km'), ('Krishnadevaraya Hospital And Research Centre', '1.5 km'), ('Ryan International School', '2.0 km'), ('Yelahanka Junction', '2.0 km'), ('The Galleria Mall', '2.0 km'), ('Nitte Meenakshi Institute of Technology', '2.5 km'), ('B.M.S. Institute of Technology and Management', '2.0 km')]"
DS Max Sterling,"[('Neev School', '2 km'), ('Government Hospital', '2 km'), ('Agarwal Eye Hospital', '2 km'), ('Whitefield Metro Station', '3 km'), ('Forum Value Mall', '3 km'), ('International Tech Park', '3 km')]"
DS Max Stonescape,"[('Banashankari Hospital', '2.0 km'), ('Florence Public School', '1.8 km'), ('Yelachenahalli Metro Station', '1.5 km'), ('Srinidhi Public School', '2.0 km'), ('BMTC Bus Depot 34', '1.5 km')]"
DS Max Sukruth,"[('Athreya Hospital', '3.2 km'), ('V Blooms D World School', '1.8 km'), ('Bommasandra Metro Station', '7.4 km'), ('Alliance University', '8.0 km'), ('Suvidya College', '2.5 km')]"
DS Max Sukruth Chandapura,"[('Athreya Hospital', '3.2 km'), ('V Blooms D World School', '1.8 km'), ('Alliance University', '8.0 km'), ('Bommasandra Metro Station', '7.4 km'), ('Mumbai Highway', '2.5 km')]"
DS Max Supreme,"[('BGS Global Hospitals', '2.0 km'), ('SJB Institute of Technology', '1.8 km'), ('Kengeri Metro Station', '1.5 km'), ('R.V. College of Engineering', '2.0 km'), ('Global Village Tech Park', '2.0 km')]"
DS Max Synergy,"[('REVA University', '2.5 km'), ('Sreeva Hospital', '2.0 km'), ('Zeena English School', '1.5 km'), ('Yelahanka Junction', '3.0 km'), ('Bhartiya Mall of Bengaluru', '3.5 km'), ('The Galleria Mall', '4.0 km'), ('Dasarahalli Metro Station', '4.0 km')]"
DS Needs 3 Project 276,"[('Royal Meenakshi Mall', '0.85 km'), ('Etercarmel Academy ICSE School', '1.7 km'), ('Vijayashree Hospitals', '2.2 km'), ('Christ University Bannerghatta', '2.0 km'), ('NH48', '4.8 km')]"
DSMax Savera,"[('Uttarahalli Bus Station', '1.5 km'), ('St. Marthas Hospital', '2.0 km'), ('Government School', '1.8 km'),  ('Sri Chaitanya Techno School', '2.5 km')]"
DSMax Stonescape,"[('Banashankari Hospital', '1.5 km'), ('Florence Public School 4th Blk Anjanapura', '1.8 km'), ('BMTC Bus Depot 34', '1.5 km'), ('GHPS Kembathhalli', '2.0 km'), ('Mvs HPS Anjanapura', '2.0 km')]"
DSR Brown Creeper,"[('SH 35', '2.8 km'), ('Chrysalis High Varthur', '2.9 km'), ('Karunalayam Hospital', '3.1 km'), ('Karmelaram Railway Station', '5.3 km'), ('Brookefield Mall', '6.2 km'), ('Helios Business Park', '6.7 km'), ('Carmel Convent School', '1 km')]"
DSR Green Waters,"[('Carmel Convent School', '1 km'), ('Krupanidhi Residential PU College', '1.3 km'), ('SH 35', '2.6 km'), ('Aurbis Business Parks', '7.5 km'), ('Manipal Hospital Varthur Road', '7.5 km'), ('Market Square Mall Sarjapur Road', '7 km'), ('Beratena Agrahara Metro Station (upcoming)', '5 km')]"
DSR Highland Greenz,"[('SH 35', '1 km'), ('Karmelaram Railway Station', '3.5 km'), ('Hri Manjunatha Clinic and Medicals', '4.3 km'), ('Soul Space Spirit Centro Mall', '6.2 km'), ('Exora Business Park', '7.2 km'), ('William Carey University', '8.4 km'), ('Azim Premji University', '4 km')]"
DSR Parkway,"[('Carmel Convent School', '500 m'), ('Sarjapur Road', '1.6 km'), ('Manipal Hospital Sarjapur Road', '6.3 km'), ('Brookefield Mall', '11.1 km'), ('Ienergizer IT Services', '10.7 km'), ('Naveen University of Technology', '10.8 km'), ('Beratena Agrahara Metro Station (upcoming)', '5 km')]"
DSR The Courtyard,"[('Mayflower Montessori School', '1.9 km'), ('Belenus Champion Hospital', '3.7 km'), ('NH 44', '4.7 km'), ('New Horizon College of Engineering', '5 km'), ('Exora Business Park', '5.4 km'), ('Market Square Mall Sarjapur Road', '8.3 km'), ('Nallurhalli Metro Station', '9.8 km')]"
Daadys Elixir,"[('Hebbagodi Metro Station', '1.5 km'), ('JJ Hospitals', '1.5 km'), ('Vimalaya Hospital', '2.0 km'), ('Ebenezer International School', '1.8 km'), ('Infosys Office', '2.5 km')]"
Daisy Mansion,"[('St. Thomas School', '2 km'), ('Delhi Public School', '2 km'), ('Government School', '2 km'), ('Vasan Eye Care', '2 km'), ('Whitefield Metro Station', '2 km'), ('Inorbit Mall', '2 km')]"
Datla Satya Greens,"[('Vijaya Health Centre', '1.5 km'), ('Soukya Hospital', '1.8 km'), ('Agricultural Engineering', '2.0 km'), ('Yelahanka Junction', '3.0 km'), ('The Galleria Mall', '3.5 km'), ('Doddaballapur Main Road', '1.0 km')]"
Daya M K Santara Magan Place Phase 2,"[('Vijayashree Hospitals', '1.5 km'), ('Krishna Medicals', '0.8 km'), ('T John Institute of Technology', '2.0 km'), ('KFC', '1.2 km'), ('Immaculate Conception Church', '1.0 km')]"
Deccan Heights,"[('Vasan Eye Care Hospital Rajarajeswari Nagar', '2.0 km'), ('Global Academy of Technology', '1.8 km'), ('Rajarajeshwari Nagar Metro Station', '1.5 km'), ('RNS Institute of Technology', '2.0 km'), ('Carmel School Ground', '2.0 km')]"
Deepicas Residency,"[('Kannada Government School', '2 km'), ('Baiyappanahalli Metro Station', '2 km'), ('Old Madras Road', '1 km'), ('Gopalan Signature Mall', '2 km'), ('Bagmane Tech Park', '2 km')]"
Defence Colony Residents Association,"[('Lotus Diagnostic Centre', '2.0 km'), ('Casa de Bambeino Montessori', '1.8 km'), ('Bommasandra Metro Station', '1.5 km'), ('Supriya Dental Clinic', '2.0 km'), ('Klay', '2.0 km')]"
Defer Hi Life,"[('St George High School', '2 km'), ('L.B.S. School', '2 km'), ('Koshys Hospital', '2 km'), ('Health Plus Multi Speciality Hospital', '2 km'), ('TC Palaya Main Road', '1 km'), ('KR Puram Railway Station', '3 km')]"
Defer Kingdom,"[('New Baldwin International Residential School', '2 km'), ('MVJ Hospital, Dandupalya', '2 km'), ('Orion UPTOWN Mall', '2 km'), ('Channasandra Railway Station', '2 km'), ('NH648', '1 km'), ('Bangalore International School', '2 km')]"
Deodar at Brigade Orchards,"[('Sri Shirdi Sai Hospital', '2.0 km'), ('Devanahalli Railway Station', '3.0 km'), ('The Arcade Mall', '2.0 km'), ('Chanakya University', '3.0 km'), ('Akash Hospital', '2.0 km'), ('NH 44', '1.0 km'), ('MVM School', '2.5 km')]"
Dev In Paradise Enclave,"[('Regal Hospital', '1.5 km'), ('Bangalore Prime Hospital', '1.8 km'), ('Karnataka College', '1.5 km'), ('Golden Chariot Public School', '1.0 km'), ('Tanisandra Railway Station', '2.0 km'), ('Bhartiya Mall of Bengaluru', '2.0 km'), ('Elements Mall', '2.5 km')]"
Dezire Sai Sankalp,"[('Srushti Hospital', '1.5 km'),  ('St Philomina English School', '1.8 km')]"
Dhammanagi Lilium Gardenia,"[('Bangalore Prime Hospital', '1.5 km'), ('Sai Hospital', '1.8 km'), ('Samar International Islamic School', '1.0 km'), ('Thanisandra Railway Station', '2.0 km'), ('Bhartiya Mall of Bengaluru', '2.0 km'), ('Elements Mall', '2.5 km'), ('REVA University', '3.0 km')]"
Dhiraan Newyork Meadows,"[('Athreya Hospital', '1.8 km'), ('Bangalore College Of Engineering And Technology', '2.0 km'), ('Adyar Ananda Bhavan', '1.2 km'), ('Hanuman Temple', '1.0 km')]"
Diamond Regency,"[('Vijaya Vittala Institute of Technology', '2 km'), ('Alpha College of Engineering', '2 km'), ('Medi Derma Hospital', '2 km'), ('Hennur Main Road', '1 km')]"
Disha Solaris,"[('Vijayashree Hospitals', '0.45 km'), ('Greenwood High Pre School', '0.29 km'), ('Deeksha Health Care Center', '0.75 km'), ('Bhagya Nagara Bus Stop', '1.0 km'), ('JS Badminton Academy', '1.1 km')]"
Dive Green Leaf,"[('Kallavar Public School', '2.8 km'), ('Deeksha Vedantu College', '3.1 km'), ('Neha Prakash Hospital', '3.1 km'), ('New Town Shopping Complex', '3.4 km'), ('Yelahanka Junction', '3.9 km'), ('The Galleria Mall', '4.0 km'), ('Doddaballapur Main Road', '1.0 km')]"
Divya Enclave,"[('Nandini Palace', '1.5 km'), ('Yeshwantpur Junction', '3.0 km'), ('Mantri Square Mall', '3.5 km'), ('Elements Mall', '3.0 km'), ('Hebbal Railway Station', '2.5 km'), ('KFC Sanjayanagara', '1.5 km')]"
Divya JSR Limelite,"[('Rajalakshmi Hospital', '1.5 km'), ('Aveksha Hospital', '1.8 km'), ('Air Force School', '2.0 km'), ('Jalahalli Metro Station', '3.0 km'), ('Mall of Asia', '4.0 km'), ('Chikka Banavara Railway Station', '2.5 km')]"
Divya MSR Gateway,"[('Lakeside Medical Centre and Hospital', '1.5 km'), ('St. Aloysius Pre University College', '2.0 km'), ('Malleswaram Railway Station', '2.5 km'), ('Mantri Square Mall', '2.0 km'),  ('Holy Angels High School', '2.0 km')]"
Divyasree Elan,"[('Dr. Levine Memorial Hospital', '2 km'), ('Sarjapur Road', '1 km'), ('D Mart', '3 km'), ('Wipro Limited', '3 km')]"
Divyasree Republic of Whitefield,"[('Deen’s Academy', '2 km'), ('Narayana e-Techno', '2 km'), ('Phoenix Market City', '2 km'), ('Forum Value Mall', '2 km'), ('Kundalahalli Metro Station', '2 km'), ('ITPL Main Road', '1 km'), ('International Tech Park', '3 km')]"
Dollar Heights,"[('Sumathi Nursing and Maternity Home', '1.5 km'), ('Mathrushree Nethralaya', '1.0 km'), ('Saint Claret School', '1.0 km'), ('Lotte Gollahalli Railway Station', '2.0 km'), ('Orion Mall', '3.0 km'), ('Yeshwantpur Junction', '2.5 km')]"
Dream Home Apartment,"[('Vijayashree Hospitals', '2.0 km'), ('Narayana Nethralaya', '2.0 km'), ('Sudarshan Public School', '1.8 km'), ('BMTC Bus Depot 34', '2.0 km'), ('T John Institute of Technology', '2.5 km')]"
Dream Paradise,"[('Uttarahalli Bus Station', '1.5 km'), ('Samastha Hospitals', '2.0 km'), ('Rays Academy For Learning', '1.8 km'), ('Kammavari Sangha Institute of Technology', '2.5 km'), ('Insight Academy', '2.0 km')]"
Drishika Enclave,"[('HMR International School', '2 km'), ('Heritage International School', '2 km'), ('Good Shepherd Hospital', '2 km'), ('Nagawara Metro Station', '2 km'), ('Hennur Main Road', '1 km'), ('Elements Mall', '2 km')]"
Dwaraka Westside Apartment,"[('Peenya Metro Station', '1.5 km'), ('Sai Baba Hospital Bengaluru Urban', '2.0 km'), ('Punya Hospital', '2.0 km'), ('Lourdes High School', '1.8 km'), ('M S Ramaiah University of Applied Sciences', '2.0 km')]"
Dya Estate Greens Anekal,"[('Aditi Hospital', '1.5 km'), ('Anekal Road Railway Station', '2.0 km'), ('Oxford Medical College', '3.0 km'), ('Attibele Bus Stand', '5.0 km'), ('Narayana Hrudayalaya Hospital', '4.0 km')]"
EAPL Sri Tirumala Sarovar,"[('Singasandra Metro Station', '2.0 km'), ('Live100 Hospital', '1.5 km'), ('Maple Bear Canadian Pre-school', '1.8 km')]"
ELV High Garden,"[('Whitefield Main Road', '350 m'), ('St. Thomas Public School', '600 m'), ('Kadugodi Tree Park Metro Station', '2.8 km'), ('BHive Workspace Whitefield Campus', '3.6 km'), ('Whitefield Railway Station', '3.7 km'), ('Park Square Mall', '3.8 km'), ('Hope Hospital', '6.7 km')]"
Eastwood Apartment,"[('Nallurhalli Metro Station', '1 km'), ('Vydehi School of Excellence', '2 km'), ('MedPlus', '1 km'), ('Kalyani Tech Park', '2 km'), ('Nexus Shantiniketan Mall', '3 km'), ('Whitefield Metro Station', '2 km')]"
Eden Park at The Prestige City,"[('SH 35', '1 km'), ('Little Elly', '2 km'), ('Spandana Hospital', '3 km'), ('Azim Premji University', '4 km'), ('Forum Mall The Prestige City', '3 km'), ('ITPL Metro Station', '5 km'), ('Whitefield Railway Station', '5 km')]"
Elegant Altima,"[('Sri Chaitanya School', '0.9 km'), ('Hillside College of Pharmacy', '0.9 km'), ('Asian International Public School', '1.1 km'), ('Hankar Super Specialty Hospital', '1.7 km'), ('Royalmart Supermarket', '1.1 km')]"
Elegant Bristol,"[('Mother Mary English School', '2 km'), ('Maruthi Vidyalaya', '2 km'), ('St. George College of Management Science & Nursing', '2 km'), ('Motherhood Women & Children Hospital', '2 km'), ('Banaswadi Main Road', '1 km'), ('Kammanahalli Main Road', '2 km')]"
Elegant Exquisite,"[('Global Village Tech Park', '1.2 km'), ('New Horizon Public School', '2.5 km'), ('Pattanagere Metro Station', '2.9 km'), ('R.V. College of Engineering', '3.0 km'), ('Pathway Super Speciality Hospital', '3.4 km'), ('Gopalan Arcade Mall', '3.8 km')]"
Elegant Hermitage,"[('Mysore Road Metro Station', '7.7 km'), ('Presidency School Banashankari', '1.8 km'), ('Dayananda Sagar University', '9.0 km'), ('Reliance Smart', '6.4 km'), ('Agar Hospitals Kumaraswamy Layout', '8.4 km')]"
Elegant Orchid,"[('Jayashree Multi Speciality Hospital', '1.5 km'), ('Government Primary School Yelenahalli', '1.8 km'), ('S L V Bhavan', '1.2 km'), ('Naganatheshwara Temple', '1.0 km')]"
Elegant Tranquility,"[('Pattanagere Metro Station', '1.8 km'), ('Lalith Castle International School', '0.7 km'), ('S Sparsh Hospital', '2.7 km'), ('Gopalan Arcade Mall', '2.8 km'), ('PES University', '6.2 km')]"
Elita Promenade,"[('Fortis Hospital', '2.0 km'), ('IIM Bangalore', '1.8 km'), ('Yelachenahalli Metro Station', '1.5 km'), ('Big Bazaar', '2.0 km'), ('Kanakapura Road Bus Stop', '1.5 km')]"
Elite Greenwood Apartment,"[('Beratena Agrahara Metro Station', '2.0 km'), ('Sri Laxmi Hospital', '1.5 km'), ('Ganesh Medicals', '0.8 km'), ('Pragathi School Chikkatoru', '1.8 km'), ('Thalassery Restaurant', '1.2 km'), ('Devi Temple', '1.0 km')]"
Elite Greenwoods,"[('Beratena Agrahara Metro Station', '2.0 km'), ('Sri Laxmi Hospital', '1.5 km'), ('Ganesh Medicals', '0.8 km'), ('Pragathi School Chikkatoru', '1.8 km'), ('Thalassery Restaurant', '1.2 km'), ('Devi Temple', '1.0 km')]"
Elixir Palazzo,"[('Bangalore Prime Hospital', '1.5 km'), ('Regal Hospital', '1.8 km'), ('Karnataka College', '1.0 km'), ('Thanisandra Railway Station', '2.0 km'), ('Bhartiya Mall of Bengaluru', '2.0 km'), ('Elements Mall', '2.5 km'), ('Little Lions', '1.5 km')]"
Embassy Grove,"[('New Horizon Public School', '2 km'), ('Amrita School of Engineering', '2 km'), ('Manipal Hospital', '2 km'), ('Halasuru Metro Station', '2 km'), ('1 MG - Lido Mall', '2 km'), ('NH 44', '1 km'), ('Bagmane Tech Park', '2 km')]"
Embassy Lake Terraces,"[('Manipal Hospital Hebbal', '3.7 km'), ('Amrutha Public School', '1.2 km'), ('Embassy Manyata Business Park', '4.0 km'), ('Elements Mall', '4.6 km'), ('Sahakar Nagar', '2.8 km'), ('Hebbal Railway Station', '3.0 km'), ('Amco Layout', '3.7 km')]"
Embassy Verde,"[('MVM School', '6.8 km'), ('Trust Aid Hospital', '8.4 km'), ('Vidyashilp University', '4.6 km'), ('Bettahalsoor Railway Station', '6.7 km'), ('NH 44', '1.0 km'), ('Akash Hospital', '3.0 km'), ('The Arcade Mall', '3.0 km')]"
Engrace by Modern Spaaces,"[('DMM High School', '2 km'), ('Azim Premji University', '2 km'), ('Spandana Heart Speciality Hospital', '2 km'), ('Karmelaram Junction', '2 km'), ('SH 35', '1 km'), ('Oxygen Mall', '2 km'), ('Maruti Concorde Business Park', '2 km')]"
Eshwari Enclave,"[('Hebbal Medical Center', '1.5 km'), ('Kriya Preschool', '1.0 km'), ('Hebbal Railway Station', '2.0 km'), ('Elements Mall', '2.5 km'), ('Manyata Tech Park', '3.0 km'), ('Rangalakshmi Netralaya', '1.5 km')]"
Esteem Emblem,"[('Vimalalaya Hospital', '2.0 km'), ('St. Francis De Sales Public School', '1.5 km'), ('Hebbagodi Metro Station', '2.0 km'), ('Florence Academy', '1.5 km'), ('SBR Lucky Mall', '3.0 km')]"
Esteem KGS Court,"[('Yelachenahalli Metro Station', '1.5 km'), ('Supra South City Hospital', '2.0 km'), ('Nethradarshana Eye Clinic', '2.0 km'), ('Narayana e-Techno School', '1.8 km'), ('Touch Stone', '1.8 km')]"
Esteem South Park,"[('Fortis Hospital', '5.1 km'), ('Carmel Academy', '1.0 km'), ('Royal Meenakshi Mall', '2.7 km'), ('AMC Engineering College', '3.6 km'), ('Yelachenahalli Metro Station', '6.0 km')]"
Estella Maple Square,"[('Raksha Orthopaedic And Multi Speciality Centre', '2.0 km'), ('Vibgyor', '1.8 km'), ('Hosa Road Metro Station', '1.5 km'), ('Stanford Speciality Hospital', '2.0 km'), ('Amrita School of Engineering', '2.5 km')]"
Eswar Vanamali,"[('Vibgyor High School', '2 km'), ('Legacy School', '2 km'), ('Creatis Hospital', '2 km'), ('Cantonment Railway Station', '3 km'), ('Embassy Manyata Tech Park', '3 km'), ('Rmz Ecoworld', '3 km'), ('Decathlon', '2 km')]"
Eta Star Benson Boulevard,"[('Nova Hospital', '1.5 km'), ('Koushik Dental Care', '1.0 km'), ('Jayamahal Road', '1.0 km'), ('Mantri Square Mall', '2.5 km'), ('Bangalore Palace', '2.0 km'), ('Yeshwantpur Junction', '3.0 km')]"
Eternity Serene,"[('Vinayaka Specialty Hospital', '1.5 km'), ('Silicon City HPS Bommana Halli', '1.8 km'), ('Kudlu Gate Metro Station', '2.0 km'), ('Oxford HPS Hongasandra', '2.0 km'), ('Galaxy Paradise', '2.5 km')]"
Excel Amber Meadows,"[('VIBGYOR High School', '2 km'), ('Sri Chaitanya PU College', '2 km'), ('Hope Hospital', '2 km'), ('Rashtreeya Vidyalaya Road Metro Station', '2 km'), ('Karmelaram Railway Station', '2 km'), ('KLM Fashion Mall', '2 km'), ('SH 35', '1 km')]"
Falcon by BHP Housing,"[('Azim Premji University', '600 m'), ('Spandana Hospital', '7.8 km'), ('Oakridge International School', '7.9 km'), ('Sarjapur Main Road', '1 km'), ('Forum Mall The Prestige City', '4 km'), ('Karmelaram Railway Station', '8 km'), ('Beratena Agrahara Metro Station (upcoming)', '5 km')]"
Feldspar at Brigade El Dorado,"[('Mansa Hospital', '2.0 km'), ('Relive Hospital', '2.5 km'), ('Jawahar Navodaya Vidyalaya', '3.0 km'), ('Bagalur Bus Stand', '2.0 km'), ('KIADB Hardware Park', '4.0 km')]"
Flourish Gurushree Apartments,"[('Nagarbhavi Circle Bus Stop', '1.5 km'), ('Panacea Hospital Nagarabhavi', '2.0 km'), ('Vijaya Netralaya', '2.0 km'), ('Dr. Ambedkar Institute of Technology', '1.8 km'), ('National Law School of India University', '2.0 km')]"
Folium by Sumadhura Phase 1,"[('The Cambridge Junior School', '2 km'), ('ICFAI University', '2 km'), ('Svastha Hospital', '2 km'), ('ITPL Metro Station', '2 km'), ('Whitefield Railway Station', '2 km'), ('SJR I Park', '2 km'), ('Virginia Mall', '2 km')]"
Folium by Sumadhura Phase 2,"[('Jain University', '3.2 km'), ('Manipal Hospital', '4.7 km'), ('Sri Sathya Sai Hospital Metro Station', '4.1 km'), ('Whitefield Railway Station', '4.5 km'), ('Hoskote Road', '7.1 km'), ('Nexus Whitefield Mall', '2.2 km'), ('Bagmane Constellation Business Park', '9.1 km')]"
Folium by Sumadhura Phase 3,"[('St. Thomas Public School', '1.4 km'), ('Gopalan Pre University College', '5 km'), ('Manipal Hospital Whitefield', '4.7 km'), ('Kadugodi Tree Park Metro Station', '3.5 km'), ('Whitefield Railway Station', '4.9 km'), ('Nexus Whitefield Mall', '2.2 km'), ('GR Tech Park', '3.4 km')]"
Fortitudes Lakshya,"[('Apollo Specialty Hospital', '2.0 km'), ('Vijaya HPS', '1.8 km'), ('Jayanagar Metro Station', '1.5 km'), ('Vasan Eye Care Hospital', '2.0 km'), ('Ramkrishna Nursing Home', '2.0 km')]"
Fortuna Center Park,"[('North Side Hospital And Diagnostic Centre', '1.5 km'), ('Kruthika Nursing Home', '2.0 km'), ('Orchids The International School', '2.5 km'), ('Hebbal Railway Station', '2.0 km'), ('Elements Mall', '3.0 km')]"
Fortuna Icon,"[('North Side Hospital and Diagnostic Centre', '1.5 km'), ('Amrutha Hospital', '1.8 km'), ('Cauvery School', '1.0 km'), ('Yelahanka Junction', '3.0 km'), ('The Galleria Mall', '3.5 km'), ('Elements Mall', '2.5 km')]"
Fortune Apartments,"[('Vijayashree Hospitals', '1.5 km'), ('Banashankari Hospital', '2.0 km'), ('T John Institute of Technology', '1.8 km'), ('Cinepolis', '2.5 km'), ('GHPS Gottigere', '2.0 km')]"
Fortune Heights,"[('Devine Hospital', '1.5 km'), ('Ideal Nursing Home', '2.0 km'), ('Mount Carmel College', '1.8 km'), ('Bangalore Cantonment Railway Station', '2.0 km'), ('Elements Mall', '3.0 km')]"
Fusion 4 Iris Apartments,"[('Sri Sai Krupa Hospital', '1.5 km'), ('Sumathi Nursing and Maternity Home', '1.8 km'), ('BEL Road', '1.0 km'), ('Yeshwantpur Junction', '3.0 km'), ('M S Ramaiah Institute of Technology', '2.5 km'), ('Mall of Asia', '4.0 km')]"
Futureisone Aiikya Village Sarjapur Road,"[('St. Philomena’s School', '600 m'), ('Azim Premji University', '2 km'), ('Mazumdar Shaw Medical Center', '17.9 km'), ('Oxygen Mall', '5.3 km'), ('Carmelaram Railway Station', '12.5 km'), ('RGA Techpark', '3 km')]"
G Corp Mahalakshmi,"[('Medstar Speciality Hospital', '2.0 km'), ('Manipal Hospital Hebbal', '2.5 km'), ('Silicon Valley School', '1.5 km'), ('Kodigehalli Train Station', '2.0 km'), ('Esteem Mall', '2.0 km'), ('The Galleria Mall', '3.0 km'), ('Ramaiah Institute of Technology', '2.5 km')]"
G Corp The Icon,"[('Cratis Hospital', '1.5 km'), ('Kristu Jayanti College', '1.0 km'), ('Elements Mall', '2.0 km'), ('Royal Academy Public School', '1.5 km'), ('Manyata Tech Park', '2.5 km'), ('Bhartiya Mall of Bengaluru', '2.0 km'), ('JMJ Hospital', '1.8 km')]"
G K Lakeview,"[('Akshaya Nursing Home Yelahanka', '1.5 km'), ('Navachethana Hospital', '1.8 km'), ('N4 Srishti Institute of Art Design & Technology', '1.0 km'), ('Yelahanka Junction', '2.0 km'), ('The Galleria Mall', '2.0 km'), ('B.M.S. Institute of Technology and Management', '2.0 km'), ('Royal Kempegowda Convention Center', '1.5 km')]"
G P North Avenue,"[('Srujan Dental Care', '1.0 km'), ('Manasa Public School', '1.5 km'), ('Samar International Islamic School', '1.0 km'), ('Tanisandra Railway Station', '2.0 km'), ('Bhartiya Mall of Bengaluru', '2.0 km'), ('Elements Mall', '2.5 km'), ('REVA University', '3.0 km')]"
GA Shalom,"[('Health Plus Multi Speciality Hospital', '2 km'), ('Seegehalli Government Hospital', '2 km'), ('Sri Lakshmi Super Speciality Hospital', '2 km'), ('Cambridge Institute of Technology', '2 km'), ('Garden City College', '2 km'), ('Indus Valley School', '2 km'), ('KR Puram Railway Station', '2 km')]"
GCA Rabow,"[('Athreya Hospital', '1.5 km'), ('Hebbagodi Metro Station', '2.0 km'), ('Narayana Hrudayalaya Hospital', '2.5 km'), ('Bangalore College Of Engineering And Technology', '3.0 km'), ('SBR Lucky Mall', '3.0 km')]"
GK Lake View,"[('Omega Multispeciality Hospital', '2.0 km'), ('Akshaya Nursing Home Yelahanka', '1.5 km'), ('B.M.S. Institute of Technology and Management', '2.0 km'), ('Yelahanka Junction', '3.0 km'), ('The Galleria Mall', '3.5 km'), ('N4 Srishti Institute of Art Design & Technology', '2.0 km'), ('Ryan International School', '3.0 km')]"
GM Ambitious Enclave,"[('Springleaf Hospital', '2.0 km'), ('Treamis World School', '1.8 km'), ('Metro Mall', '2.5 km'), ('Dayananda Sagar University', '3.0 km'), ('NH48', '2.0 km')]"
GM E City Town,"[('Sri Saptagiri Clinic', '1.5 km'), ('Trust Medicals', '0.8 km'), ('BTL Institute of Technology', '2.0 km'), ('KFC', '1.2 km'), ('Ganapathi Temple', '1.0 km')]"
GM Global Techies Town,"[('Hebbagodi Govt Hospital', '1.5 km'), ('National Public School Hebbagodi', '1.8 km'), ('DMart Bommasandra', '2.0 km'), ('Hebbagodi Metro Station', '1.5 km'), ('Bommasandra Industrial Area', '2.5 km')]"
GM Infinite E City Town,"[('Hebbagodi Metro Station', '1.5 km'), ('Treamis World School', '2.0 km'), ('C V Hospital', '2.0 km'), ('Infosys Office', '2.5 km'), ('SBR Lucky Mall', '3.0 km')]"
GM Sai Kuteer,"[('RMV Hospital', '1.5 km'), ('S.J. Hospital', '1.8 km'), ('Shiksha Sagar High School', '1.0 km'), ('Yeshwantpur Junction', '3.0 km'), ('Mantri Square Mall', '3.5 km'), ('UAS School', '1.5 km')]"
GP Aditya,"[('South End Circle Metro Station', '1.5 km'), ('Greenview Medical Center', '2.0 km'), ('Marvel Hospital and Fertility Center', '2.0 km'), ('Kidzee Play School', '1.8 km'), ('Kripanidhi Cambridge Public School', '1.8 km')]"
GR Green Leaf,"[('Rajnandini Hospital', '0.4 km'), ('Sri Sai Ram Hospital', '1.3 km'), ('Green Valley English School', '0.5 km'), ('RMS International School', '1.3 km'), ('Narayana PU College', '2.1 km')]"
GR Green Leaf 7th Phase JP Nagar,"[('Green Valley English School', '0.5 km'), ('Rajnandini Hospital', '0.4 km'), ('Sri Sai Ram Hospital', '1.3 km'), ('Narayana PU College', '2.1 km'), ('Royal Meenakshi Mall', '5.0 km')]"
GR Lavender,"[('T.R.Hospital', '2.0 km'), ('Cambridge School Kothanur', '1.8 km'), ('Yelachenahalli Metro Station', '1.5 km'), ('Narayana Nethralaya', '2.0 km'), ('Skalvi School', '2.0 km')]"
GR Mansion,"[('Koshys Hospital', '2 km'), ('Chaitanya E-Techno School', '2 km'), ('Narayana eTechno School', '2 km'), ('MedPlus', '1 km'), ('Outer Ring Road', '1 km'), ('Gopalan Signature Mall', '3 km')]"
GR Queens Pride,"[('Jayashree Multi Speciality Hospital', '2.0 km'), ('St Pauls School Begur', '1.8 km'), ('Yelenahalli Bus Stop', '1.5 km'), ('Government Primary School Yelenahalli', '2.0 km'), ('St Anns School Begur', '2.0 km')]"
GR Residency,"[('Kudlu Gate Metro Station', '1.5 km'), ('Ganesh Nursing Home', '2.0 km'), ('Tilak English School', '1.8 km'), ('Vasan Eye Care Hospital', '2.0 km'), ('The Oxford Dental College', '2.5 km')]"
GR Sagar Nivas,"[('Beratena Agrahara Metro Station', '2.0 km'), ('Blossom Multispecialty Hospital', '1.5 km'), ('Omkar Medicals', '0.8 km'), ('PESIT Bengaluru South', '2.0 km'), ('Sri Annapoorneshwari Hotel', '1.2 km')]"
GR Samskruthi,"[('Jnana Jyoti Public School', '6.9 km'), ('RT Mall', '9.6 km'), ('Heelalige Railway Station', '11.3 km'), ('Moreh University', '11.4 km'), ('Attibele Bus Stand', '5.3 km')]"
GR Sitara,"[('Amrita International Vidyalayam', '1.6 km'), ('Pringleaf Hospital', '5.5 km'), ('Electronic City Metro Station', '5.1 km'), ('Market Square Mall Sarjapur Road', '5.3 km'), ('The Oterra Hotel', '6.0 km')]"
GRC Brundavan,"[('Rajarajeshwari Nagar Metro Station', '1.5 km'), ('Vasan Eye Care Hospital Rajarajeswari Nagar', '2.0 km'), ('Rajarajeshwari Vidya Shala', '2.0 km'), ('Global Academy of Technology', '2.0 km'), ('Rc Hospital', '2.0 km')]"
GRC Shreekrish,"[('Primus Public School', '2.9 km'), ('NH44', '5.8 km'), ('Soul Space Spirit Centro Mall', '6.6 km'), ('Maruti Concorde Business Park', '6.9 km'), ('Karmelaram Railway Station', '8.1 km'), ('Azim Premji University', '4 km'), ('Spandana Hospital', '3 km')]"
GRC Subhiksha,"[('Stanford Speciality Hospital', '2.0 km'), ('Amrita School of Engineering', '1.8 km'), ('Hosa Road Metro Station', '2.0 km'), ('Vibgyor High School', '2.5 km')]"
Gajendra,"[('Kamala Nursing Home', '1.5 km'), ('SSVM GP Branch', '1.8 km'), ('Hotel Mangala', '1.2 km'), ('Sri Gavigangadhareshwara Swamy Temple', '1.0 km')]"
Galaxy Trillium,"[('Vagdevi Vilas Super School', '2 km'), ('Vibgyor High Marathahalli', '2 km'), ('Orchids The International School Panathur', '2 km'), ('Government Hospital', '2 km'), ('Varthur Main Road', '1 km'), ('Brookefield Mall', '2 km')]"
Garuda Enclave,"[('Pattanagere Metro Station', '1.5 km'), ('MEDSOL Hospital', '2.0 km'), ('R.V. College of Engineering', '1.8 km'), ('Global Village Tech Park', '2.0 km'), ('Orchids The International School Mysore Road', '2.0 km')]"
Garuda Enclave_Dubasi,"[('Pattanagere Metro Station', '1.5 km'), ('MEDSOL Hospital', '2.0 km'), ('R.V. College of Engineering', '1.8 km'), ('Global Village Tech Park', '2.0 km'), ('Orchids The International School Mysore Road', '2.0 km')]"
Garuda Grand,"[('St George High School', '2 km'), ('Sunshine Childrens Home and School', '2 km'), ('Chaitanya E-Techno School', '2 km'), ('Koshys Hospital', '2 km'), ('Horamavu Main Road', '1 km'), ('Kammanahalli Main Road', '2 km')]"
Garuda Royal,"[('Blossom Multispecialty Hospital', '2.0 km'), ('Oxford School Beratena Agrahara', '1.8 km'), ('Hosa Road Metro Station', '1.5 km'), ('Azim Premji University', '2.5 km'), ('St Joseph Eng Sch Hosur Road', '2.0 km')]"
Geetham Pride,"[('Hospitec Multispeciality Hospital', '2.0 km'), ('Jnanajyothi Eng School', '1.8 km'), ('Kudlu Gate Metro Station', '1.5 km'), ('Vita Family Clinic', '2.0 km'), ('Chinmaya Vidya Mandira Bommana Halli', '2.0 km')]"
Global Celesta,"[('Athreya Hospital', '1.8 km'), ('Spurthy Global School', '2.0 km')]"
Global Edifice Orlean,"[('St. Peters International Public School', '0.6 km'), ('Narayana Institute of Cardiac Sciences', '3.6 km'), ('Heelalige Railway Station', '0.7 km'), ('Bangalore College of Arts and Science', '0.7 km'), ('M5 Ecity Mall', '7.5 km')]"
Global Palace,"[('Kengeri Metro Station', '1.5 km'), ('BGS Global Hospitals', '2.0 km'), ('R.V. College of Engineering', '1.8 km'), ('Global Village Tech Park', '2.0 km'), ('Orchids The International School Mysore Road', '2.0 km')]"
Global Pinnacle,"[('Narayana e-Techno School', '2 km'), ('Ayur Vaid Hospital', '2 km'), ('Bypanahalli Metro Station', '2 km'), ('K.R. Puram Railway Station', '2 km'), ('Outer Ring Road', '1 km'), ('Manyatha Tech Park', '3 km')]"
Global View,"[('Unity Hospital Bengaluru Urban', '2.0 km'), ('Rajarajeshwari Vidya Shala', '1.8 km'), ('Rajarajeshwari Nagar Metro Station', '1.5 km'), ('Global Village Tech Park', '2.0 km'), ('Carmel School Ground', '2.0 km')]"
Global White Pearl,"[('Champion International School', '3 km'), ('Greenwood High Intl School', '4 km'), ('The Intl School Bangalore', '4 km'), ('Sanjana Hospital', '4 km'), ('Market Square Mall Sarjapur Road', '5 km'), ('State Highway 35', '5 km')]"
Godrej 24,"[('Seetharam Palya Metro Station', '3 km'), ('State Highway 35', '2 km'), ('Oakridge International School', '3 km'), ('Satya Sai Hospital', '4 km'), ('Central Mall', '4 km'), ('Azim Premji University', '5 km'), ('International Tech Park Bangalore', '4 km')]"
Godrej Aqua,"[('N R V Hospital', '2.0 km'), ('Vidya Vikas International School', '2.5 km'), ('REVA University', '3.0 km'), ('The Galleria Mall', '3.5 km'), ('Bettahalsoor Railway Station', '4.0 km'), ('NH 44', '1.0 km'), ('Akash Hospital', '3.0 km')]"
Godrej Athena,"[('HAL Public School', '1.3 km'), ('Mother Teresa University', '2.3 km'), ('HAL Hospital', '1.6 km'), ('Baiyappanahalli Railway Station', '3.7 km'), ('Swami Vivekananda Road Metro Station', '3.8 km'), ('Kemp Fort Mall', '3.2 km'), ('Exora Business Park', '8.9 km')]"
Godrej E City,"[('Kauvery Hospital', '2.0 km'), ('MM English High School', '1.5 km'), ('PES University', '2.5 km'), ('Hebbagodi Metro Station', '1.5 km'), ('Infosys Office', '2.5 km')]"
Godrej E City Phase 2,"[('Srujana Hospital', '1.5 km'), ('Shree Vinayaka Multispeciality Centre', '2.0 km'), ('Wipro EC Bus Stand', '1.5 km'), ('Ebenezer International School', '2.5 km'), ('Hebbagodi Metro Station', '1.5 km')]"
Godrej Eternity,"[('Thalagattapura Metro Station', '3.2 km'), ('Mathru Hospital', '3.7 km'), ('MVN School', '3.7 km'), ('Dayananda Sagar University', '8.8 km'), ('Vakil Garden City', '6.1 km')]"
Godrej Gold County,"[('Sapthagiri Hospital', '2.0 km'), ('Soundarya Institute of Management', '2.5 km'), ('Nagasandra Metro Station', '2.0 km'), ('Sapthagiri College of Engineering', '3.0 km'), ('Deepak Nursing Home', '1.5 km')]"
Godrej Nurture,"[('Narayana Hrudayalaya Clinic', '2.0 km'), ('Mount Litera Zee School', '1.8 km'), ('Forum Mall', '3.0 km'), ('Velankani Tech Park', '2.5 km'), ('Wipro', '3.0 km')]"
Godrej Park Retreat,"[('Hosa Road Metro Station', '3 km'), ('Market Square Mall Sarjapur Road', '5 km'), ('State Highway 35', '6 km'), ('Harvest International School', '4 km'), ('Dayananda Sagar University', '7 km'), ('Manipal Hospital Sarjapur Road', '6 km'), ('Wipro Limited - SEZ', '7.5 km')]"
Godrej Platinum,"[('Columbia Asia Hospital', '1.5 km'), ('Green Country Public School', '1.0 km'), ('Hebbal Railway Station', '2.0 km'), ('Elements Mall', '2.5 km'), ('Manyata Tech Park', '3.0 km'), ('Kriya Preschool', '1.0 km')]"
Godrej Splendour,"[('Whitefield Hoskote Road', '1 km'), ('Belathur Main Road', '1.5 km'), ('Whitefield (Kadugodi) Metro Station', '2 km'), ('Orchids The International School', '3 km'), ('Miracle Hospital', '3.5 km'), ('Ascendas Park Square Mall', '4 km'), ('Whitefield Railway Station', '4.5 km')]"
Godrej United,"[('Euroschool Whitefield', '2.7 km'), ('Gopalan Pre University College', '3.7 km'), ('Government Hospital', '1.1 km'), ('KR Puram Junction', '5.9 km'), ('Baiyappanahalli Metro Station', '7.5 km'), ('VR Bengaluru', '1.7 km'), ('Bhoruka Technology Park', '190 m')]"
Godrej Woodscapes,"[('Vibgyor High School Kadugodi', '3.2 km'), ('Garden City University', '11.1 km'), ('Vitals Hospital', '9.1 km'), ('Whitefield Metro Station', '9.6 km'), ('Whitefield Railway Station', '9 km'), ('Uptown Square Mall', '5.8 km'), ('GR Tech Park', '11.6 km')]"
Godrej Woodsman,"[('Baptist Hospital', '1.5 km'), ('Poornima Hospital', '1.8 km'), ('Sukrupa School', '2.0 km'), ('Elements Mall', '2.5 km'), ('Yeshwantpur Junction', '3.0 km'), ('Manyata Tech Park', '3.0 km')]"
Godrej Woodsman Estate,"[('Hebbal Medical Center', '1.5 km'), ('Columbia Asia Hospital', '2.0 km'), ('Kriya Preschool', '1.0 km'), ('Elements Mall', '2.5 km'), ('Yeshwantpur Junction', '3.0 km'), ('Manyata Tech Park', '3.0 km')]"
Gold Woods,"[('Supriya Diagnostic Center', '2 km'), ('Channasandra Railway Station', '2 km'), ('Outer Ring Road', '1 km'), ('Gopalan Signature Mall', '2 km'), ('Bagmane Tech Park', '2 km')]"
Golden Grand,"[('People Tree Hospitals', '2.0 km'), ('Lourdes High School', '1.8 km'), ('Goraguntepalya Metro Station', '1.5 km'), ('Yeshwantpur Market', '2.0 km'), ('Cambridge Hospital', '2.0 km')]"
Golden Heritage,"[('Prashanth Hospital', '2.0 km'), ('St Joseph HPS Bommana Halli', '1.8 km'), ('Bommanahalli Metro Station', '1.5 km'), ('Karanth Speciality Hospital', '2.0 km'), ('New Cambridge Convent &HS Bommana Halli', '2.0 km')]"
Golden Palms,"[('Bangalore Prime Hospital', '1.5 km'), ('Sai Hospital', '1.8 km'), ('Samar International Islamic School', '1.0 km'), ('Thanisandra Railway Station', '2.0 km'), ('Bhartiya Mall of Bengaluru', '2.0 km'), ('Elements Mall', '2.5 km'), ('Little Lions', '1.5 km')]"
Gomati Iris,"[('Mazumdar Shaw Medical Center', '2.0 km'), ('Treamis World School', '1.5 km'), ('SBR Lucky Mall', '2.5 km'), ('Hebbagodi Metro Station', '2.0 km'), ('Dayananda Sagar University City Campus', '3.0 km')]"
Gopalan Aqua,"[('Whitefield Global School', '2 km'), ('MVJ College of Engineering', '3 km'), ('Vydehi Hospital Multi Speciality', '2 km'), ('Whitefield Station', '2 km'), ('Forum Shantiniketan', '2 km'), ('Old Madras Road', '1 km')]"
Gopalan Atlantis,"[('Delhi Public School', '2 km'), ('St. Thomas School', '2 km'), ('Vasan Eye Care', '2 km'), ('Whitefield Metro Station', '2 km'), ('International Tech Park', '2 km'), ('Forum Shantiniketan Mall', '3 km')]"
Gopalan Habitat Splendour,"[('Ekya School', '2 km'), ('CMR Institute of Technology', '2 km'), ('Vasan Eye Care Hospital Marathalli', '2 km'), ('Aayug Multi Speciality Hospital', '2 km'), ('Kundalahalli Metro Station', '2 km'), ('Brookefield Mall', '2 km')]"
Gopalan Olympia,"[('Challaghatta Metro Station', '3.2 km'), ('Rajarajeshwari Hospital', '3.4 km'), ('Christ Bengaluru Kengeri Campus', '2.9 km'), ('Orchids The International School', '9.1 km'), ('Gopalan Arcade Mall', '11.5 km')]"
Gopalan Olympia Apartment,"[('Kengeri Metro Station', '1.5 km'), ('Rajarajeshwari Hospital', '2.0 km'), ('R.V. College of Engineering', '1.8 km'), ('Global Village Tech Park', '2.0 km'), ('IBS Business School', '2.0 km')]"
Gopalan Temple Trees,"[('J P Nagar Metro Station', '1.5 km'), ('R.R. Hospital and Trauma Centre', '2.0 km'), ('Frank Public School', '1.8 km'), ('Vasan Eye Care Hospital', '2.0 km'), ('Dayanand Sagar College of Engineering', '2.5 km')]"
Gopalan Wilson Manor,"[('Vignan Hospital', '2.0 km'), ('Bangalore Institute of Dental Sciences', '1.8 km'), ('V. S. Achar Multispeciality Hospital', '2.0 km'), ('Govt. Urdu English Medium High School', '2.5 km')]"
Govianu Ace Grand,"[('People Tree Hospitals', '2.0 km'), ('Lourdes High School', '1.8 km'), ('Goraguntepalya Metro Station', '1.5 km'), ('Orion Mall', '2.0 km'), ('Yeshvantpur Junction Railway Station', '2.0 km')]"
Govianu Earthis,"[('People Tree Hospitals', '1.5 km'), ('Fathima Hospital', '2.0 km'), ('Orchids The International School', '1.8 km'), ('Peenya Metro Station', '2.0 km'), ('St. Claret PU College', '2.0 km')]"
Govianu Jodidhar Atlantis,"[('North Side Hospital', '1.5 km'), ('Orchids The International School', '1.8 km'), ('Cauvery School', '2.0 km'), ('Kodigehalli Railway Station', '2.5 km'), ('Bhartiya Mall of Bengaluru', '3.0 km')]"
Gowri Cascade,"[('Delhi Public School', '3 km'), ('Agarwal Eye Hospital', '2 km'), ('Apollo Pharmacy', '1 km'), ('Whitefield (Kadugodi) Metro Station', '2 km'), ('Nexus Shantiniketan Mall', '4 km'), ('ITPL', '4 km')]"
Gowri Sai Grand,"[('Stanford Speciality Hospital', '2 km'), ('Dr. Levine Memorial Hospital', '2 km'), ('Sarjapur Road', '1 km'), ('Market Square Mall', '2 km'), ('Saandeepani Academy For Excellence', '2 km')]"
Goyal Orchid Bloomsberry,"[('Vagdevi Vilas School Marathahalli', '1.9 km'), ('Garden City University', '15.5 km'), ('Maya Hospital', '2 km'), ('Bellandur Railway Station', '1.8 km'), ('Halasuru Metro Station', '14.2 km'), ('Brookefield Mall', '4 km'), ('Exora Business Park', '4.1 km')]"
Goyal Orchid Green,"[('Medi Derma Hospital', '1.5 km'), ('Teresa Bacq School', '1.0 km'), ('Manasa Public School', '1.5 km'), ('Thanisandra Railway Station', '2.0 km'), ('Bhartiya Mall of Bengaluru', '2.0 km'), ('Elements Mall', '2.5 km')]"
Goyal Orchid Salisbury Thirumenahalli,"[('Reeva Hospital', '0.95 km'), ('Federal Public School', '1.4 km'), ('The Galleria Mall', '6.3 km'), ('REVA University', '3.6 km'), ('Yelahanka Junction', '4.6 km'), ('Elements Mall', '4.0 km'), ('Thanisandra Main Road', '1.0 km')]"
Green City Eutopia,"[('Shree Vaishnavi Heart Centre', '2.0 km'), ('St Josephs Eng Pri Sch', '1.8 km'), ('BTM Layout Bus Stop', '1.5 km'), ('Nisa Multi Speciality Clinics', '2.0 km'), ('M E S HPS Kuvempunagar', '2.0 km')]"
Green View,"[('Manipal Clinic', '2.0 km'), ('New Nobal School Arkere', '1.8 km'), ('Arekere MICO Layout Bus Station', '1.5 km'), ('Cambridge School Kothanur', '2.0 km'), ('Narayana Hrudayalaya Dental Clinic', '2.0 km')]"
Green View Apartment,"[('Srujana Hospital', '2.0 km'), ('E-City Family Dental Centre', '1.8 km'), ('Wipro EC Bus Stand', '1.5 km'), ('Infosys Office', '2.5 km')]"
Green Woods,"[('Sapthagiri Hospital', '1.5 km'), ('Valens Hospitals', '2.0 km'), ('Reva University', '2.5 km'), ('Brindavan College of Engineering', '2.8 km'), ('SH104', '1.5 km'), ('Ryan International School', '3.0 km')]"
Green Woods Apartment,"[('Delhi Public School', '2 km'), ('St. Thomas School', '2 km'), ('Whitefield Railway Station', '2 km'), ('Nexus Whitefield Mall', '2 km'), ('International Tech Park', '2 km')]"
GreenNesto Primus,"[('Nallur Halli Metro Station', '1.5 km'), ('Central Shopping Mall', '2.0 km'), ('Harvest International School', '1.8 km'), ('Amrita Vishwa Vidyapeetham', '2.0 km'), ('Springleaf Hospital', '2.0 km'), ('Karmelaram Railway Station', '1.5 km')]"
Griha Mithra Grand Gandharva,"[('Jnana Bharathi Metro Station', '1.5 km'), ('Rc Hospital', '2.0 km'), ('Vasan Eye Care Hospital Rajarajeswari Nagar', '2.0 km'), ('Rajarajeshwari Vidya Shala', '1.8 km'), ('Carmel School Ground', '1.8 km')]"
Guna Eila,"[('Vijayashree Hospitals', '2.0 km'), ('Narayana Nethralaya', '2.0 km'), ('Sudarshan Public School', '1.8 km'), ('BMTC Bus Depot 34', '2.0 km'), ('T John Institute of Technology', '2.5 km')]"
Guna Mellow,"[('T.R. Hospital', '2.0 km'), ('Vidyakirana Public School Kothanur', '1.8 km'), ('Narayana Nethralaya', '2.0 km'), ('Islamia Institute of Technology', '2.5 km')]"
Gunjur Apartments,"[('Delhi Public School', '2 km'), ('St. Thomas School', '2 km'), ('Vasan Eye Care', '2 km'), ('Whitefield Metro Station', '2 km'), ('International Tech Park', '2 km'), ('Forum Value Mall', '3 km')]"
Gunjur Apartments Corporate Leisure GR Sunshine,"[('Town Hospital Sarjapura', '3 km'), ('Carmel Convent School', '1 km'), ('SH 35', '1 km'), ('Market Square Mall Sarjapur Road', '4 km'), ('Karmelaram Railway Station', '5 km'), ('Azim Premji University', '4 km'), ('Beratena Agrahara Metro Station (upcoming)', '5 km')]"
Gupta Pride,"[('Navachethana Hospital', '1.5 km'), ('Omega Multispeciality Hospital', '2.0 km'), ('Poorna Prajna Education Center', '1.5 km'), ('Yelahanka Junction', '2.0 km'), ('The Galleria Mall', '2.0 km')]"
Guru Anandham,"[('CyteCare', '1.5 km'), ('Krishnadevaraya Hospital', '2.0 km'), ('Nitte Meenakshi Institute', '2.5 km'), ('Yelahanka Junction', '2.0 km'), ('The Galleria Mall', '2.0 km')]"
Gurukrupa Pristine,"[('New Life Hospital Bangalore', '2 km'), ('Telerad RXDX Kadugodi', '2 km'), ('Whitefield Railway Station', '2 km'), ('International Tech Park', '2 km'), ('Whitefield-Hoskote Road', '1 km'), ('Orion Uptown Mall', '2 km')]"
HD Rocks India,"[('Shekar Nethralaya', '1.5 km'), ('Ekya School', '1.8 km'), ('Barbeque Nation', '1.2 km')]"
HM Tropical Tree,"[('Ramaiah Memorial Hospital', '1.5 km'), ('Presidency College', '2.0 km'), ('Elements Mall', '2.5 km'), ('Hebbal Railway Station', '2.0 km'), ('Embassy Manyata Business Park', '3.0 km')]"
HM West Park,"[('Manipal Northside Hospital', '1.5 km'), ('Bangalore Education Society', '2.0 km'), ('Malleswaram Railway Station', '2.0 km'), ('Mantri Square Mall', '2.5 km'), ('Vijaya Ent Care Centre', '2.0 km')]"
HM World City,"[('Vijayashree Hospital', '2.0 km'), ('Sri Sai Ram Hospital', '2.0 km'), ('Rajnandini Hospital', '2.0 km'), ('Tara Day Care Hospital', '2.0 km'), ('New Udupi Grand', '2.5 km')]"
HSK Urban Living Electronics City,"[('NPS Hosur Road', '0.5 km'), ('Vimalalaya Hospital', '0.85 km'), ('St. Francis de Sales Degree College', '0.7 km'), ('Narayana Health City', '3.3 km'), ('Infosys', '4.6 km')]"
Habilus Classic,"[('SR Multi Speciality Hospitals', '2.0 km'), ('Treamis World School', '1.8 km'), ('Royal Meenakshi Mall', '2.5 km'), ('Infosys', '3.0 km'), ('Wipro', '3.0 km')]"
Habilus Elite 2,"[('Hebbagodi Metro Station', '2.0 km'), ('National Public School', '1.8 km')]"
Habilus Enclave 3,"[('Hebbagodi Metro Station', '1.5 km'), ('JJ Hospitals', '1.5 km'), ('Vimalaya Hospital', '2.0 km'), ('Ebenezer International School', '1.8 km'), ('Bangalore College of Engineering', '2.5 km')]"
Habilus Green View,"[('Srujana Hospital', '1.5 km'), ('Shree Vinayaka Multispeciality Centre', '2.0 km'), ('Wipro EC Bus Stand', '1.5 km'), ('Ebenezer International School', '2.5 km'), ('Hebbagodi Metro Station', '1.5 km')]"
Habilus Green View Apartment,"[('Hebbagodi Metro Station', '1.5 km'), ('JJ Hospitals', '1.8 km'), ('Vimalaya Hospital', '2.0 km'), ('Ebenezer International School', '2.5 km'), ('Infosys Office', '2.5 km')]"
Habilus Harmony,"[('Hebbagodi Metro Station', '1.5 km'), ('JJ Hospitals', '1.5 km'), ('Vimalaya Hospital', '2.0 km'), ('Ebenezer International School', '1.8 km'), ('Infosys Office', '2.5 km')]"
Habilus Heights,"[('Srujana Hospital', '2.0 km'), ('E-City Family Dental Centre', '1.8 km'), ('Wipro EC Bus Stand', '1.5 km'), ('Infosys Office', '2.5 km')]"
Habilus Nest,"[('Srujana Hospital', '1.5 km'), ('Shree Vinayaka Multispeciality Centre', '2.0 km'), ('Wipro EC Bus Stand', '1.5 km'), ('Ebenezer International School', '2.5 km'), ('Hebbagodi Metro Station', '1.5 km')]"
Habilus Pride,"[('Bommasandra Metro Station', '2.0 km'), ('JJ Hospitals', '1.8 km'), ('Apollo Pharmacy', '0.8 km'), ('Ebenezer International School', '1.8 km'), ('Ritz Electronic City', '1.2 km')]"
Habilus Sai Serenity,"[('Hebbagodi Metro Station', '1.5 km'), ('JJ Hospitals', '1.5 km'), ('Vimalaya Hospital', '2.0 km'), ('Ebenezer International School', '1.8 km'), ('Infosys Office', '2.5 km')]"
Habilus Sai Serenity Apartment,"[('Hebbagodi Metro Station', '1.5 km'), ('JJ Hospitals', '1.8 km'), ('Vimalaya Hospital', '2.0 km'), ('Ebenezer International School', '2.5 km'), ('Infosys Office', '2.5 km')]"
Habilus Samruddhi Apartment,"[('Mazumdar Shaw Medical Center', '2.0 km'), ('Royal Public School', '1.8 km'), ('Royal Meenakshi Mall', '2.0 km'), ('St.Francis de Sales College', '2.5 km'), ('Heelalige Railway Station', '2.0 km')]"
Habilus Samrudhi,"[('Hebbagodi Metro Station', '1.5 km'), ('JJ Hospitals', '1.8 km'), ('Vimalaya Hospital', '2.0 km'), ('Ebenezer International School', '2.5 km'), ('Infosys Office', '2.5 km')]"
Habilus Sunrise,"[('Manipal Clinic', '2.0 km'), ('New Nobal School Arkere', '1.8 km'), ('Arekere MICO Layout Bus Station', '1.5 km'), ('Cambridge School Kothanur', '2.0 km'), ('Narayana Hrudayalaya Dental Clinic', '2.0 km')]"
Habilus Sunrise Apartment,"[('Hebbagodi Metro Station', '1.5 km'), ('JJ Hospitals', '1.5 km'), ('Vimalaya Hospital', '2.0 km'), ('Ebenezer International School', '1.8 km'), ('Infosys Office', '2.5 km')]"
Habitat Aura,"[('Narayana Nethralaya', '2.0 km'), ('Lords School', '1.8 km'), ('Pai Layout Bus Stop', '1.5 km'), ('Vasan Eye Care Hospital Bannergatta Road', '2.0 km'), ('Islamia Institute of Technology', '2.0 km')]"
Habitat Highstreet Living,"[('Royal Meenakshi Mall', '1.3 km'), ('Fortis Hospital', '2.0 km'), ('Sri Chaitanya School', '1.7 km'), ('IIM Bangalore', '2.9 km'), ('Velu College', '1.8 km')]"
Habitat Ilumina,"[('BGS Gleneagles Global', '2.0 km'), ('RV College of Engineering', '1.8 km'), ('Pattanagere Metro Station', '1.5 km'), ('Bangalore University', '2.0 km'), ('Gopalan Arcade Mall', '2.0 km')]"
Habitat Irenic,"[('Stanford Speciality Hospital', '2.0 km'), ('Amrita School of Engineering', '1.8 km'), ('Hosa Road Metro Station', '2.0 km'), ('Vibgyor High School', '2.5 km')]"
Habulus Elegance Pristine,"[('Srujana Hospital', '1.5 km'), ('Shree Vinayaka Multispeciality Centre', '2.0 km'), ('Wipro EC Bus Stand', '1.5 km'), ('Ebenezer International School', '2.5 km'), ('Hebbagodi Metro Station', '1.5 km')]"
Habulus Enclave 2,"[('SR Multi Speciality Hospitals', '2.0 km'), ('Treamis World School', '1.8 km'), ('Huskur Road Metro Station', '1.5 km'), ('Royal Meenakshi Mall', '2.5 km'), ('Infosys', '3.0 km')]"
Habulus Green View,"[('Green City Hospital', '1.5 km'), ('North Star Maternity', '2.0 km'), ('Frank Public School', '1.8 km'), ('Bommasandra Metro Station', '2.0 km'), ('Infosys Office', '2.5 km')]"
Habulus Green View Apartment,"[('Hebbagodi Metro Station', '1.5 km'), ('JJ Hospitals', '1.5 km'), ('Vimalaya Hospital', '2.0 km'), ('Ebenezer International School', '1.8 km'), ('Infosys Office', '2.5 km')]"
Habulus Heights,"[('Srujana Hospital', '1.5 km'), ('Shree Vinayaka Multispeciality Centre', '2.0 km'), ('Wipro EC Bus Stand', '1.5 km')]"
Habulus Heritage,"[('Srujana Hospital', '1.5 km'), ('Shree Vinayaka Multispeciality Centre', '2.0 km'), ('Wipro EC Bus Stand', '1.5 km'), ('Ebenezer International School', '2.5 km'), ('Hebbagodi Metro Station', '1.5 km')]"
Habulus Meadows,"[('Srujana Hospital', '1.5 km'), ('Shree Vinayaka Multispeciality Centre', '2.0 km'), ('Wipro EC Bus Stand', '1.5 km')]"
Habulus Pride,"[('Srujana Hospital', '1.5 km'), ('Shree Vinayaka Multispeciality Centre', '2.0 km'), ('Wipro EC Bus Stand', '1.5 km')]"
Habulus Pristine,"[('Srujana Hospital', '1.5 km'), ('Shree Vinayaka Multispeciality Centre', '2.0 km'), ('Wipro EC Bus Stand', '1.5 km'), ('Ebenezer International School', '2.5 km'), ('Hebbagodi Metro Station', '1.5 km')]"
Habulus Samruddhi,"[('Hebbagodi Metro Station', '1.5 km'), ('JJ Hospitals', '1.5 km'), ('Vimalaya Hospital', '2.0 km'), ('Ebenezer International School', '1.8 km'), ('Infosys Office', '2.5 km')]"
Habulus Samruddhi Apartment,"[('Mazumdar Shaw Medical Center', '2.0 km'), ('Royal Public School', '1.8 km'), ('Royal Meenakshi Mall', '2.5 km'), ('Heelalige Railway Station', '2.0 km'), ('St. Francis de Sales College', '3.0 km')]"
Habulus Sunrise,"[('Hebbagodi Metro Station', '1.5 km'), ('JJ Hospitals', '1.5 km'), ('Vimalaya Hospital', '2.0 km'), ('Ebenezer International School', '1.8 km'), ('Infosys Office', '2.5 km')]"
Happy Homes Arka,"[('Balaji Nursing Home', '2 km'), ('Sri Lakshmi Multi Speciality Hospital', '2 km'), ('Town Hospital', '2 km'), ('Sarjapur Main Road', '1 km'), ('Global Indian International School', '2 km'), ('RGA Techpark', '3 km'), ('Carmelaram Railway Station', '3 km')]"
Hara Vijaya Heights,"[('Konanakunte Government Hospital', '2.0 km'), ('RV College of Architektur', '1.8 km'), ('Uttarahalli Bus Station', '1.5 km'), ('Kammavari Sangha Institute of Technology', '2.0 km'), ('The Study', '2.0 km')]"
Harmony Apartment,"[('K C Raju Multi Speciality Hospital', '1.5 km'), ('Shemrock Bright', '1.0 km'), ('Venkateshapura Metro Station', '1.0 km'), ('Banaswadi Railway Station', '2.0 km'), ('Elements Mall', '3.0 km'), ('Kammanahalli Main Road', '2.0 km'), ('Dr. Ambedkar Medical College Hospital', '1.8 km')]"
Hduja El Jard Thirumenahalli,"[('Ri Maruthi Hospital', '3.1 km'), ('St. Marks School', '0.45 km'), ('REVA University', '3.6 km'), ('The Galleria Mall', '5.2 km'), ('Yelahanka Junction', '4.6 km'), ('Manyata Business Park', '7.7 km'), ('Elements Mall', '4.0 km')]"
Hduja Palm Grove Apartments,"[('C.S. Hospital', '2.0 km'), ('Maharaja Agrasen Hospital', '2.0 km'), ('Bangalore International Public School', '1.8 km'), ('Chikkalasandra Bus Stop', '2.0 km'), ('Prarthana School', '2.5 km')]"
Heavie Eden,"[('St. Peter’s School', '0.65 km'), ('Asia Pacific World School', '1.5 km'), ('Orchids The International School', '3.7 km'), ('New Horizon College of Engineering', '6 km'), ('Delhi Public School', '7 km'), ('Azim Premji University', '7 km'), ('Spandana Hospital', '3 km')]"
Helio at Brigade El Dorado,"[('N R V Hospital', '2.0 km'), ('St. Francis School', '2.5 km'), ('CMR University Lakeside Campus', '3.0 km'), ('Bhartiya Mall of Bengaluru', '3.5 km'), ('Bettahalsoor Railway Station', '4.0 km'), ('SH104', '1.5 km'), ('Kiadb IT Tech Park', '4.5 km')]"
Heritage Pride,"[('Indo-German School', '2 km'), ('New Baldwins School', '2 km'), ('Chaya Super Speciality Hospital', '2 km'), ('Srivijaya Speciality Hospital', '2 km'), ('Channasandra Railway Station', '2 km'), ('Elements Mall', '3 km')]"
High Rise Apartments,"[('Sapthagiri Hospital', '1.5 km'), ('CyteCare Hospitals', '2.0 km'), ('REVA University', '2.5 km'), ('Brindavan College of Engineering', '2.0 km'), ('The Galleria Mall', '3.5 km'), ('Yelahanka Junction', '3.0 km'), ('Ryan International School', '2.5 km')]"
High Rise Luxury Apartment,"[('Unity Hospital Bengaluru Urban', '2.0 km'), ('Rajarajeshwari Vidya Shala', '1.8 km'), ('Rajarajeshwari Nagar Metro Station', '1.5 km'), ('Global Village Tech Park', '2.0 km'), ('Carmel School Ground', '2.0 km')]"
Hillview Residency,"[('Uttarahalli Bus Station', '1.5 km'), ('Unity Hospital', '2.0 km'), ('RNS Institute of Technology', '1.8 km'), ('JSS Academy of Technical Education', '2.5 km'), ('Government School', '2.0 km')]"
Hima Sai Heights,"[('Sri Sai Ram Hospital', '2.0 km'), ('Dayananda Sagar International School', '1.8 km'), ('Yelachenahalli Metro Station', '1.5 km'), ('Dayananda Sagar University', '2.0 km'), ('Bangalore Central', '2.0 km')]"
Himagiri Residency,"[('Hebbagodi Metro Station', '1.5 km'), ('Sri Laxmi Hospital', '2.0 km'), ('Sacretis School', '1.8 km'), ('Velankani Tech Park', '2.0 km'), ('New Horizon Eng School', '2.5 km')]"
Hiranandani Queensgate,"[('Singasandra Metro Station', '1.5 km'), ('Camry Hospitals', '2.0 km'), ('St Anns School', '1.8 km'),  ('Royal Meenakshi Mall', '2.0 km'), ('AECS Maaruti College of Dental Sciences', '2.5 km')]"
Home W Teja Nivas,"[('Garden City College', '2 km'), ('Cambridge Institute of Technology', '2 km'), ('Health Plus Multi Speciality Hospital', '2 km'), ('Deepa Hospital', '2 km'), ('KR Puram Railway Station', '2 km'), ('Old Madras Road', '1 km'), ('Gopalan Signature Mall', '2 km')]"
Homes City,"[('Vibgyor High Marathahalli', '2 km'), ('Government Hospital', '2 km'), ('Varthur Main Road', '1 km'), ('Whitefield Metro Station', '3 km'), ('Forum Value Mall', '3 km'), ('International Tech Park', '3 km')]"
Honeydew Apartments,"[('Parimala Speciality Hospital', '1.5 km'), ('St Peter Ntm School Doresanipalya', '2.0 km'), ('South India Shopping Mall', '1.5 km'), ('Rainbow Children Hospital', '2.0 km'), ('Forum Mall', '4.0 km')]"
House of Hiranandani,"[('Akash Medical Hospital', '2.0 km'), ('AKASH Medical College', '2.5 km'), ('Devanahalli Railway Station', '3.0 km'), ('DMart Devanahalli', '2.0 km'), ('NH 44', '1.0 km'), ('The Arcade Mall', '3.0 km'), ('Bengaluru Signature Business Park', '3.5 km')]"
Hoysala Ace Phase 2,"[('North Side Hospital', '1.5 km'), ('Orchids The International School', '1.8 km'), ('Cauvery School', '2.0 km'), ('Kodigehalli Railway Station', '2.5 km'), ('Bhartiya Mall of Bengaluru', '3.0 km')]"
Hoysala Commanders Retreat,"[('Columbia Asia Hospital', '1.5 km'), ('North Side Hospital And Diagnostic Centre', '2.0 km'), ('Brindavan College', '2.5 km'), ('Hebbal Railway Station', '2.0 km'), ('Elements Mall', '3.0 km'), ('Vyasa International School', '2.0 km')]"
Hoysala Lakeview Apartments,"[('Kengeri Metro Station', '1.5 km'), ('KENGERI UPANAGARA Government Hospital', '2.0 km'), ('Shreya Hospital Bengaluru Rural', '2.0 km'), ('R.V. College of Engineering', '1.8 km'), ('Gnana Bodhini Primary School', '1.8 km')]"
Hoysala Samruddhi,"[('Amrutha Hospital', '1.8 km'), ('The Galleria Mall', '4.0 km'), ('Yelahanka Junction', '3.5 km'), ('Elements Mall', '3.0 km'), ('BEL Road', '2.0 km')]"
IDEB Springfields,"[('Dr. Levine Memorial Hospital', '1.5 km'), ('Sri Sai Dental & Medical Care', '1.5 km'), ('Bellandur Lake Bus Stop', '2.0 km'), ('Shristi Montessari', '2.0 km'), ('Microsoft Office', '3.0 km')]"
IT Garden Residency,"[('Bommasandra Metro Station', '1.5 km'), ('Mazumdar Shaw Medical Center', '2.0 km'), ('Sorsfort International School', '1.8 km'), ('Heelalige Railway Station', '2.0 km'), ('PES University Electronic City Campus', '2.5 km')]"
Icon Happy Living,"[('Hebbagodi Metro Station', '2.0 km'), ('National Public School', '1.8 km'), ('SFS Academy', '2.0 km')]"
Icon Honeypool,"[('Global Speciality Hospital', '1.5 km'), ('Narayana Hrudayalaya', '2.0 km'), ('BTL Institute of Technology', '1.8 km'), ('Athreya Hospital', '2.0 km'), ('Bommasandra Metro Station', '2.5 km')]"
Icon Luxeria,"[('Icon Hospital', '1.8 km'), ('Navya Hospital', '1.5 km'), ('Kensri School', '2.0 km'), ('Elements Mall', '2.5 km'), ('Yeshwantpur Junction', '3.0 km'), ('Manyata Tech Park', '3.0 km')]"
Icon SN Luxuria,"[('Venkateshapura Metro Station', '2.0 km'), ('Sathya Hospital', '1.5 km'), ('Zion Hospital and Research Centre', '1.8 km'), ('Orchid Academy', '1.0 km'), ('Elements Mall', '3.0 km'), ('Banaswadi Railway Station', '2.5 km'), ('Kammanahalli Main Road', '1.0 km')]"
Indira Iris Apartments,"[('Sai Hospital', '1.5 km'), ('Navya Hospital', '1.8 km'), ('Samar International Islamic School', '1.0 km'), ('Tanisandra Railway Station', '2.0 km'), ('Bhartiya Mall of Bengaluru', '2.0 km'), ('Elements Mall', '2.5 km'), ('Kensri School', '2.0 km')]"
Indus Apartments,"[('Soukya Hospital', '1.5 km'), ('Bangalore Healthcare Centre', '2.0 km'), ('Little Lillys School', '1.8 km'), ('Hebbal Railway Station', '2.5 km'), ('Elements Mall', '3.0 km')]"
Inspira Tropical Garden,"[('Hebbagodi Metro Station', '1.5 km'), ('Sorsfort International School', '1.8 km'), ('Electronic City Metro Station', '3.0 km'), ('Mazumdar Shaw Medical Center', '2.0 km'), ('Vimalalaya Hospital', '2.0 km')]"
Interlaken by UKN,"[('Vibgyor School', '2 km'), ('Vasan Eye Care Hospital Marathalli', '2 km'), ('Kundalahalli Metro Station', '2 km'), ('Marathahalli Main Road', '1 km'), ('Forum Value Mall', '3 km'), ('International Tech Park', '3 km')]"
Ishta Flats,"[('Venkateshwara Clinic', '1.0 km'), ('Himalaya Medicals', '0.5 km'), ('Bangalore International Public School', '1.5 km'), ('Shanthi Sagar', '1.2 km'), ('Chikkalasandra Raghavendra Swami Mutt', '1.0 km')]"
Ishtika Agastya,"[('Government Hospital', '1.5 km'), ('Bagalakunte High School', '1.0 km'), ('Sapthagiri College of Engineering', '2.0 km'), ('Nagasandra Metro Station', '2.5 km'), ('Mall of Asia', '4.0 km'), ('Jalahalli Metro Station', '3.0 km'), ('Manjunath Nagar Park', '1.5 km')]"
Ishtika Agastya Apartment,"[('Raksha Multispeciality Hospital', '2.0 km'), ('Lourdes High School', '1.8 km'), ('Goraguntepalya Metro Station', '1.5 km'), ('Cambridge Hospital', '2.0 km'), ('Yeshvantpur Junction Railway Station', '2.0 km')]"
Ishtika Vashishta,"[('Thalaghattapura Metro Station', '1.5 km'), ('Royal Meenakshi Mall', '2.0 km'), ('National Public School', '1.8 km'), ('Vijayashree Hospital', '2.0 km'), ('Dayananda Sagar University', '2.5 km')]"
Itta Sarva,"[('Vinayaka Specialty Hospital', '1.5 km'), ('Kavya Hospital', '2.0 km'), ('Oxford HPS Hongasandra', '1.8 km'), ('Bommanahalli Bus Stop', '1.5 km'), ('The Oxford Dental College', '2.5 km')]"
Ivory at Brigade Orchards,"[('Jnana Jyothi Public School', '1.2 km'), ('The Arcade Mall', '2.2 km'), ('Akash Group of Institutions', '2.9 km'), ('Ramaiah Leena Hospital', '3.3 km'), ('NH 44', '5.1 km'), ('Devanahalli Railway Station', '4.0 km'), ('Akash Hospital', '3.0 km')]"
JA Farm Shebang,"[('Beratena Agrahara Metro Station', '2.0 km'), ('Blossom Multispecialty Hospital', '1.5 km'), ('Omkar Medicals', '0.8 km'), ('Pragathi School Chikkatoru', '1.8 km'), ('Thalassery Restaurant', '1.2 km')]"
JMR Lotus Apartments,"[('Huskur Road Metro Station', '1.5 km'), ('Hebbagodi Metro Station', '2.0 km'), ('Vimalaya Hospital', '2.0 km'), ('Ebenezer International School', '1.8 km'), ('ISBR Business School', '2.5 km')]"
JP Tulips,"[('Hoskote Government Hospital', '2 km'), ('Sri Srinivasa Hospital Bengaluru Rural', '2 km'), ('Vibgyor High School Hoskote', '2 km'), ('Hoskote Bus Stand', '1 km'), ('NH 75', '1 km'), ('D Mart Hoskote', '3 km'), ('Brigade Signature Towers', '3 km')]"
JPC Prime,"[('Diavista Diabetes & Multispeciality Hospital', '2.0 km'), ('MediBase', '1.8 km'), ('Poorna Pragna Layout Bus Stop', '1.5 km'), ('Vinayaka Hospital', '2.0 km'), ('KKN Coaching Classes', '2.0 km')]"
JR Nexus,"[('Bommasandra Metro Station', '1.5 km'), ('Athreya Hospital', '2.0 km'), ('Naryana Hrudalya', '2.0 km'), ('Heelalige Railway Station', '2.0 km'), ('London Hospital', '2.5 km')]"
JRC Palladio,"[('Gurukula Public School', '2 km'), ('Indus International School', '2 km'), ('Azim Premji University', '2 km'), ('Town Hospital Sarjapura', '2 km'), ('Sarjapur-Attibele Road', '1 km'), ('SRT Mall', '2 km'), ('Aurbis Business Parks', '2 km')]"
JRC Wild Woods,"[('Primus Public School', '2 km'), ('National Public School', '2 km')]"
JRK Gardens,"[('ITI Central School', '2 km'), ('Garden City College', '2 km'), ('K R Puram Super Speciality Hospital', '2 km'), ('Sri Lakshmi Super Speciality Hospital', '2 km'), ('KR Puram Railway Station', '2 km'), ('NH 75', '1 km')]"
Jai Royal Park,"[('Diya Academy of Learning', '2 km'), ('Garden City University', '2 km'), ('Patil Hospital', '2 km'), ('Krishnarajapuram Railway Station', '2 km'), ('Ascendas Park Square Mall', '2 km'), ('NH 44', '1 km'), ('Gopalan Signature Mall', '2 km')]"
Jalvayu Heights,"[('Peenya Metro Station', '1.5 km'), ('People Tree Hospitals', '2.0 km'), ('Government Hospital', '2.0 km'), ('Saint Claret School', '1.8 km'), ('Orchids The International School', '1.8 km')]"
Janaadhar Shubha Phase 2,"[('Vimalaya Hospital', '2.0 km'), ('Attibele Bus Stand', '2.0 km'), ('Oxford Medical College', '3.0 km'), ('Delhi Public School', '2.5 km'), ('Narayana Hrudayalaya Hospital', '4.0 km')]"
Janadhar Shubha,"[('Hebbagodi Metro Station', '1.5 km'), ('Bhumika Hospital', '2.0 km'), ('Vimalaya Hospital', '2.0 km'), ('Ebenezer International School', '1.8 km'), ('Wipro', '2.5 km')]"
Janapriya Heavens,"[('Peoples Tree Hospital', '1.5 km'), ('Chaitanya Hospital', '1.8 km'), ('Jnanadeepika School', '2.0 km'), ('The Galleria Mall', '3.5 km'), ('Yelahanka Junction', '3.0 km'), ('University of Agricultural Sciences', '2.5 km'), ('INOX RMZ Galleria Mall', '3.5 km')]"
Janhavi Enclave,"[('Kavya Hospital', '2.0 km'), ('St Philomina English School', '1.8 km'), ('Hosa Road Metro Station', '1.5 km'), ('Vinayaka Specialty Hospital', '2.0 km'), ('Nightingale English School', '2.0 km')]"
Jas Aashraya,"[('Sherwood High School', '0.4 km'), ('AMC Engineering College', '1.6 km'), ('Vijayashree Hospitals', '1.6 km'), ('Royal Meenakshi Mall', '3.8 km'), ('Nextcoworks Office Space', '3.6 km')]"
Jas Aashraya Basavanapura,"[('Sherwood High School', '0.4 km'), ('AMC Engineering College', '1.6 km'), ('Vijayashree Hospitals', '1.6 km'), ('Royal Meenakshi Mall', '3.8 km'), ('Nextcoworks Office Space', '3.6 km')]"
Jasper at Brigade El Dorado,"[('N R V Hospital', '2.0 km'), ('CMR University Lakeside Campus', '2.5 km'), ('St. Francis School Bagalur', '2.0 km'), ('Bhartiya Mall of Bengaluru', '3.5 km'), ('Yelahanka Junction', '3.0 km'), ('Dasarahalli Metro Station', '4.0 km'), ('The Galleria Mall', '4.0 km')]"
Jayanagar Housing Co-op Society Plot,"[('RV College of Architektur', '2.0 km'), ('Patalamma Temple', '1.0 km'), ('Andra Spice', '1.2 km'), ('RNS Institute of Technology', '2.5 km')]"
Jhanavi Capetown,"[('Springleaf Hospital', '2.0 km'), ('The Horizon High School', '1.5 km'), ('Hebbagodi Metro Station', '1.5 km'), ('Max Shopping Mall', '3.0 km'), ('IIITB', '2.0 km')]"
Jhanavi Noreste,"[('Quest Digital School', '1.9 km'), ('St. Philomena’s PU and Degree College', '9.3 km'), ('Town Hospital Sarjapur', '5.9 km'), ('Baiyappanahalli Metro Station', '23.3 km'), ('Sarjapur Main Road', '1 km'), ('RGA Techpark', '3 km')]"
Jupiter Commanders Glory,"[('Rajalakshmi Hospital', '1.5 km'), ('Aveksha Hospital', '1.8 km'), ('Sambhram Institute of Technology', '2.0 km'), ('Jalahalli Metro Station', '3.0 km'), ('Mall of Asia', '4.0 km'), ('Chikka Banavara Railway Station', '2.5 km'), ('Air Force School', '2.0 km')]"
K Raheja Residency,"[('Gunasheela Hospitals', '1.5 km'), ('Marvel Hospital', '2.0 km'), ('St Frances ICSE School', '1.8 km'), ('Koramangala Bus Depot', '2.0 km'), ('Vemana Institute of Technology', '2.5 km')]"
K and T Sobha Nilayam,"[('Hebbagodi Metro Station', '1.5 km'), ('Velankani Tech Park', '2.0 km'), ('E-City Family Dental Centre', '1.8 km'), ('Wipro EC Bus Stand', '2.0 km'), ('ISBR Business School', '2.5 km')]"
KB Residency,"[('Bhumika Hospital', '2.0 km'), ('BTL Institute of Technology', '2.0 km'), ('Kyalasanahalli Bus Stop', '1.5 km'), ('Svasthir Care Centre', '2.0 km'), ('Heelalige Railway Station', '2.0 km')]"
KB Royale,"[('JJ Hospitals', '1.5 km'), ('BTL Institute of Technology', '1.8 km'), ('Bommasandra Metro Station', '1.5 km'), ('Vimalaya Hospital', '2.0 km'), ('Heelalige Railway Station', '2.0 km')]"
KHB Apartments,"[('Kengeri Metro Station', '1.5 km'), ('KENGERI UPANAGARA Government Hospital', '2.0 km'), ('Shreya Hospital Bengaluru Rural', '2.0 km'), ('R.V. College of Engineering', '1.8 km'), ('Gnana Bodhini Primary School', '1.8 km')]"
KHB Diamond,"[('Kengeri Metro Station', '1.5 km'), ('KENGERI UPANAGARA Government Hospital', '2.0 km'), ('Shreya Hospital Bengaluru Rural', '2.0 km'), ('R.V. College of Engineering', '1.8 km'), ('Gnana Bodhini Primary School', '1.8 km')]"
KHB Platinum,"[('Pattanagere Metro Station', '1.5 km'), ('MEDSOL Hospital', '2.0 km'), ('Shreya Hospital Bengaluru Rural', '2.0 km'), ('R.V. College of Engineering', '1.8 km'), ('Gnana Bodhini Primary School', '1.8 km')]"
KHB Surya City,"[('Bommasandra Metro Station', '1.5 km'), ('Naryana Hrudalya', '2.0 km'), ('BTL Institute of Technology', '1.8 km'), ('Heelalige Railway Station', '2.0 km'), ('Athreya Hospital', '2.0 km')]"
KMB La Palazzo,"[('Royale Concorde School Sarjapur Road', '2 km'), ('Dayananda Sagar University', '2 km'), ('Phoenix Hospital', '2 km'), ('Sarjapur-Marathahalli Road', '1 km'), ('Soul Space Spirit Central Mall', '2 km'), ('Hosa Road Metro Station', '3 km'), ('Global Technology Park', '3 km')]"
KMF Purab Manor,"[('Narayana Olympiad School', '2 km'), ('Silver Oaks International School', '2 km'), ('Femiint Health Family Clinics', '2 km'), ('Whitefield Railway Station', '2 km'), ('More Super Market', '2 km')]"
KMR Landmark,"[('Orchids The International School - C V Raman Nagar', '2 km'), ('Medihope Super Specialty Hospital', '2 km'), ('VHC International', '2 km'), ('Channasandra Railway Station', '2 km'), ('Outer Ring Road', '1 km'), ('Bagmane Tech Park', '2 km'), ('Gopalan Signature Mall', '2 km')]"
KR Builders,"[('Hebbagodi Metro Station', '1.5 km'), ('JJ Hospitals', '1.5 km'), ('Vimalaya Hospital', '2.0 km'), ('Ebenezer International School', '1.8 km'), ('Infosys Office', '2.5 km')]"
KVG,"[('Koshys Hospital', '2.0 km'), ('Orchids The International School - Horamavu', '1.8 km'), ('Kalkere Bus Stop', '1.5 km'), ('St George High School', '2.0 km'), ('Chaitanya E-Techno School', '2.0 km')]"
KVG Aster,"[('St George High School', '2 km'), ('Chaitanya E-Techno School', '2 km'), ('Koshys Hospital', '2 km'), ('Hennur Main Road', '1 km'), ('Kammanahalli Main Road', '2 km'), ('KR Puram Railway Station', '3 km')]"
KVG Aster Phase 2,"[('St George High School', '2 km'), ('Chaitanya E-Techno School', '2 km'), ('Koshys Hospital', '2 km'), ('Horamavu Main Road', '1 km'), ('Phoenix Marketcity', '3 km'), ('Manyata Tech Park', '3 km')]"
KVG Superior,"[('St George High School', '2 km'), ('Chaitanya E-Techno School', '2 km'), ('Koshys Hospital', '2 km'), ('Health Plus Multi Speciality Hospital', '2 km'), ('Kalkere Main Road', '1 km'), ('Kammanahalli Main Road', '2 km')]"
KVG Wonder,"[('Mother Teresa Memorial School', '2 km'), ('Cambridge Pre University College', '2 km'), ('Koshys Hospital', '2 km'),  ('K.R Puram Railway Station', '2 km'), ('Outer Ring Road', '1 km'), ('RMZ Tech Park', '2 km')]"
KVG Wonder Apartment 1,"[('St George High School', '2 km'), ('Chaitanya E Techno School', '2 km'), ('Koshys Hospital', '2 km'), ('Little Flower Hospital', '2 km'), ('TC Palaya Main Road', '1 km'), ('KR Puram Railway Station', '3 km')]"
Kalyan Nagar,"[('Maruthi Vidyalaya', '2 km'), ('St. George College of Management Science & Nursing', '2 km'), ('Motherhood Women & Children Hospital', '2 km'), ('Milaan Hospital', '2 km'), ('Elements Mall', '2 km'), ('Outer Ring Road', '1 km')]"
Kalyani Livingtree,"[('Vikrant Hospital', '0.75 km'), ('St. Francis School', '4.1 km'), ('REVA University', '7.6 km'), ('Bhartiya Mall of Bengaluru', '9.9 km'), ('Yelahanka Junction', '11.9 km'), ('SH104', '0.6 km'), ('Vidhyanagara Stadium', '6.0 km')]"
Karle Town Centre,"[('Manipal Hospital', '1.5 km'), ('CMR University', '2.0 km'), ('Elements Mall', '2.5 km'), ('Yeshwantpur Metro Station', '2.0 km'), ('Lm English High School', '2.5 km')]"
Karle Zenith Residences,"[('Rainbow Childrens Hospital', '1.5 km'), ('Kensri School', '2.0 km'), ('Hebbal Railway Station', '2.0 km'), ('Esteem Mall', '2.0 km'), ('Kristu Jayanti College', '2.5 km')]"
Karnasree Mathru Sree Orchid Homes,"[('Prasad Vidya Mandir', '2 km'), ('Government Higher Primary School', '2 km'), ('Yemaluru Primary Health Centre', '2 km'), ('Bellandur Main Road', '2 km'), ('Sakra World Hospital', '3 km'), ('Ecospace Tech Park', '3 km')]"
Kashi Kiran Mansion,"[('Hiremath Hospital', '2.0 km'), ('Cordial High School', '1.8 km'), ('Govindraja Nagar Bus Stop', '1.5 km'), ('Vivus West Multi Speciality Hospital', '2.0 km'), ('Bharathy Hospital', '2.0 km')]"
Kavitha Properties,"[('Teacher’s Academy Degree College', '2 km'), ('K C Raju Multi Speciality Hospital', '2 km'), ('Dr Ambedkar Medical College Hospital', '2 km'), ('Venkateshapura Metro Station', '2 km'), ('Arabic College Metro Station', '2 km'), ('Elements Mall', '2 km')]"
Keerthi Chalet,"[('Cloudnine Hospital', '2 km'), ('Procare Hospital', '2 km'), ('Kammanahalli Main Road', '1 km'), ('Mother Mary English School', '2 km'), ('Banaswadi Main Road', '2 km')]"
Keerthi Flora,"[('Akshara Eye Hospital', '1.5 km'), ('MedPlus', '0.8 km'), ('Orchids The International School BTM', '1.8 km'), ('Cafe Coffee Day', '1.2 km'), ('Shaneeshwara Temple', '1.0 km')]"
Keerthi Royal Palms,"[('Blossom Multi Speciality Hospital', '1.8 km'), ('VIBGYOR High School', '2.0 km'), ('PES University Electronic City Campus', '2.5 km')]"
Kethana Eternal Blossom,"[('Orchids The International School Panathur', '2 km'), ('New Horizon College of Engineering', '2 km'), ('New Horizon Gurukul', '2 km'), ('Kadubeesanahalli Metro Station', '2 km'), ('Virginia Mall', '2 km'), ('Wells Fargo Center', '2 km')]"
Keya Life by The Lake,"[('K K Hospital', '2.0 km'), ('Yelahanka Junction', '2.0 km'), ('The Galleria Mall', '2.0 km'), ('East West College of Engineering', '3.0 km')]"
Keya Spring,"[('Camry Hospitals', '2.0 km'), ('The Brigade School @ J P Nagar', '1.8 km'), ('IIM Bengaluru Metro Station', '1.5 km'), ('Dayananda Sagar University', '2.0 km'), ('Prime Spectrum Mall', '2.0 km')]"
Kgston,"[('Garden City College', '2 km'), ('Cambridge Institute of Technology', '2 km'), ('Health Plus Multi Speciality Hospital', '2 km'), ('K R Puram Super Speciality Hospital', '2 km'), ('KR Puram Railway Station', '2 km'), ('Phoenix Marketcity', '3 km')]"
Klassik Benchmark,"[('Narayana Nethralaya', '2.0 km'), ('Islamia Institute of Technology', '1.8 km'), ('BMTC Bus Depot 34', '1.5 km'), ('Vasan Eye Care Hospital Bannergatta Road', '2.0 km'), ('Lords School', '2.0 km')]"
Kolte Patil I Towers Exente,"[('Vimalalaya Hospital', '2.0 km'), ('Silicon Valley High School', '1.8 km'), ('DMart Supermarket', '2.0 km'), ('Infosys Limited', '2.5 km'), ('Heelalige Railway Station', '2.0 km')]"
Kolte Patil Lakeside 24,"[('Chaman Bhartiya School', '4.0 km'), ('Kannuru Highway', '1.5 km'), ('Bhartiya Mall of Bengaluru', '4.2 km'), ('The Leela Bhartiya City', '4.3 km'), ('REVA University', '3.4 km'), ('Yelahanka Railway Station', '6.5 km'), ('Elements Mall', '3.0 km')]"
Kolte Patil Raaga,"[('Bhartiya Mall of Bengaluru', '2.0 km'), ('REVA University', '2.5 km'), ('Millennium World School Bengaluru North', '2.0 km'), ('REGAL Kidney and Multi Specialty', '1.8 km'), ('The Galleria Mall', '3.0 km'), ('Thanisandra Railway Station', '2.5 km'), ('KNS Institute of Technology', '2.0 km')]"
Kolte Patil Surabhi,"[('Parimala Health Care', '2.0 km'), ('Orchids The International School BTM', '1.8 km'), ('Bilekahalli Bus Stop', '1.5 km'), ('Akshara Eye Hospital', '2.0 km'), ('Royal Convent HPS Bommana Halli', '2.0 km')]"
Komarla Brigade Residency,"[('Venkateshwara Clinic', '1.0 km'), ('Himalaya Medicals', '0.5 km'), ('Bangalore International Public School', '1.5 km'), ('Shanthi Sagar', '1.2 km'), ('Chikkalasandra Raghavendra Swami Mutt', '1.0 km')]"
Kranthi Enclave,"[('Jayashree Multi Specilaity Hospital', '1.5 km'), ('St Anns School Begur', '1.8 km'), ('Yelenahalli Bus Stop', '1.5 km'), ('Shri Sharada Vidyanikethana Arkere', '2.0 km'), ('Royal Meenakshi Mall', '3.0 km')]"
Krishna Arya Elegance,"[('Raksha Multispeciality Hospital', '2.0 km'), ('Orchids The International School', '1.8 km'), ('Sandal Soap Factory Metro Station', '1.5 km'), ('Yeshwantpur Market', '2.0 km'), ('Cambridge Hospital', '2.0 km')]"
Krishna Diamond Apartments,"[('Columbia Asia Hospital', '1.5 km'), ('North Side Hospital And Diagnostic Centre', '2.0 km'), ('Green Country Public School', '1.8 km'), ('Elements Mall', '2.5 km'), ('Hebbal Railway Station', '2.0 km')]"
Krishna Dwellgton,"[('Shirdi Sai Hospital', '1.5 km'), ('Mamta Hospital Bengaluru Rural', '2.0 km'), ('Vyasa International School', '2.5 km'), ('Lotte Gollahalli Railway Station', '2.0 km'), ('Brindavan College', '3.0 km')]"
Krishna Haven,"[('St George High School', '2 km'), ('Cloudnine Hospital', '3 km'), ('Shishuka Children’s Speciality Hospital', '3 km'), ('MedPlus', '1 km'), ('Hennur Main Road', '1 km'), ('Elements Mall', '4 km')]"
Krishna Residency,"[('Aikya Healthcare', '2.0 km'), ('RV College of Architektur', '1.8 km'), ('Judicial Layout Bus Stop', '1.5 km'), ('The Study', '2.0 km'), ('Kammavari Sangha Institute of Technology', '2.0 km')]"
Krishnageet Residency,"[('Vijaya Health Centre', '1.5 km'), ('Soukya Hospital', '1.8 km'), ('Little Lillys School', '1.0 km'), ('Yelahanka Junction', '3.0 km'), ('The Galleria Mall', '3.5 km'), ('Doddaballapur Main Road', '1.0 km')]"
Krishnageet Shelters,"[('New Brilliant School', '2 km'), ('KV DRDO', '2 km'), ('Mahaveer Hospitals', '2 km'), ('Beniganahalli Metro Station', '2 km'), ('Old Madras Road', '1 km'), ('Gopalan Cinemas', '2 km')]"
Krypton at Brigade Eldorado,"[('N R V Hospital', '2.0 km'), ('St. Francis School', '2.5 km'), ('CMR University Lakeside Campus', '3.0 km'), ('The Galleria Mall', '3.5 km'), ('Bettahalsoor Railway Station', '4.0 km'), ('SH104', '1.5 km'), ('Tech Park Valley', '4.5 km')]"
Kudlu Apartments,"[('HSR Bus Depot', '1.5 km'), ('Cambridge Public School BBMP Agara', '1.8 km'), ('Asha Clinic', '2.0 km')]"
Kumar Prospera,"[('Bangalore International School', '800 m'), (""St. Mary's PU College"", '1.1 km'), ('Elements Mall', '2.5 km'), ('North Bangalore Hospital', '2.9 km'), ('SH 104', '2.0 km'), ('Bhartiya Mall of Bengaluru', '2.0 km'), ('Thanisandra Railway Station', '2.5 km')]"
Kumaravana,"[('Unity Hospital Bengaluru Urban', '2.0 km'), ('RNS Institute of Technology', '1.8 km'), ('Rajarajeshwari Nagar Metro Station', '1.5 km'), ('JSS Academy of Technical Education', '2.0 km'), ('Carmel School Ground', '2.0 km')]"
Kumari Lotus,"[('Apollo Clinic', '1.5 km'), ('Raksha Orthopaedic Centre', '2.0 km'), ('Sarjapura Social', '2.5 km'), ('Alpha Clinics', '2.0 km')]"
Kumari Sri Nilayam,"[('Vijaya Health Centre', '1.5 km'), ('Kruthika Nursing Home', '1.8 km'), ('Vyasa International School', '2.0 km'), ('Kodigehalli Railway Station', '2.0 km'), ('The Galleria Mall', '3.5 km'), ('Yelahanka Junction', '3.0 km')]"
L and T Raintree Boulevard Hebbal,"[('University of Agricultural Sciences', '2.1 km'), ('Orchids The International School', '2.2 km'), ('Kodigehalli Railway Station', '2.7 km'), ('Medstar Speciality Hospital', '3.4 km'), ('Esteem Mall', '4.3 km'), ('Courtyard by Marriott', '7.2 km'), ('UBICS Technologies', '9.8 km')]"
L&T Olivia,"[('Manipal Hospital Hebbal', '1.5 km'), ('Cauvery Public School', '1.0 km'), ('Hebbal Railway Station', '1.5 km'), ('Elements Mall', '2.0 km'), ('Srirampuram Metro Station', '2.0 km'), ('University of Agricultural Sciences', '2.0 km'), ('Masthi Arcade', '1.5 km')]"
L&T Raintree Boulevard,"[('Medstar Speciality Hospital', '3.4 km'), ('Vivekananda Orchids The International School', '2.2 km'), ('Kodigehalli Railway Station', '2.7 km'), ('Esteem Mall', '4.3 km'), ('University of Agricultural Sciences', '2.1 km'), ('GKVK University Stadium', '2.0 km'), ('Elements Mall', '4.6 km')]"
LK Gloria,"[('Amrutha Hospital', '1.5 km'), ('Eswar Women and Day Care Hospital', '2.0 km'), ('Jawaharlal Nehru Centre For Advanced Scientific Research', '2.5 km'), ('Elements Mall', '3.0 km'), ('Sharada School', '2.0 km')]"
LN Enclave,"[('St George High School', '2 km'), ('Chaitanya E-Techno School', '2 km'), ('Koshys Hospital', '2 km'), ('Eshwar Hospital', '2 km'), ('Kalkere Main Road', '1 km'), ('KR Puram Railway Station', '3 km')]"
LN Varanasi Enclave,"[('St George High School', '2 km'), ('Chaitanya E-Techno School', '2 km'), ('Koshys Hospital', '2 km'), ('Horamavu Main Road', '1 km'), ('Phoenix Marketcity', '3 km'), ('Manyata Tech Park', '3 km')]"
Laasya Canopus,"[('Doddakallasandra Metro Station', '1.5 km'), ('Sagar Hospitals', '2.0 km'), ('Brightway School', '1.8 km'), ('BMS College Women', '2.5 km'), ('Easy Shopping Mart', '2.0 km')]"
Laasya Pride,"[('The Horizon High School', '2.3 km'), ('Pringleaf Hospital', '4.2 km'), ('Dayananda Sagar University', '4.7 km'), ('Konappana Agrahara', '4.9 km'), ('Royal Meenakshi Mall', '8.7 km')]"
Laavanya Park View,"[('BGS Global Hospitals', '2.0 km'), ('SJB Institute of Technology', '1.8 km'), ('Kengeri Metro Station', '1.5 km'), ('R.V. College of Engineering', '2.0 km'), ('Global Village Tech Park', '2.0 km')]"
Laavanya SR Elegant,"[('St. Marthas Hospital', '2.0 km'), ('Sri Chaitanya Techno School', '1.8 km'), ('Uttarahalli Bus Station', '1.5 km'), ('Quality Nursing Institute', '2.0 km'), ('G.r. Correspondence College', '2.0 km')]"
Laavanya SS Alpyne,"[('Udhbhava Hospital', '2.0 km'), ('Sri Chaitanya Techno School', '1.8 km'), ('AGS Layout Bus Stand', '1.5 km'), ('Global Academy of Technology', '2.0 km'), ('Abhaya Eye Hospital', '2.0 km')]"
Laavanya SY Galaxy,"[('Usha Vikranth Diagnostic Center', '2.0 km'), ('Sri Chaitanya Techno School', '1.8 km'), ('AGS Layout Bus Stand', '1.5 km'), ('Global Academy of Technology', '2.0 km'), ('Vittal Eye Hospital', '2.0 km')]"
Laavanya Slice of Heaven,"[('Mysore Road Metro Station', '1.5 km'), ('Unity Hospital Bengaluru Urban', '2.0 km'), ('BGS Global Hospitals', '2.0 km'), ('RNS Institute of Technology', '1.8 km'), ('JSS Academy of Technical Education', '1.8 km')]"
Lakeview Apartment,"[('Sapthagiri Hospital', '1.5 km'), ('Rajalakshmi Hospital', '1.8 km'), ('Sapthagiri College of Engineering', '2.0 km'), ('Chikka Banavara Railway Station', '2.5 km'), ('Mall of Asia', '4.0 km'), ('Jalahalli Metro Station', '3.0 km'), ('Soundarya Institute of Management', '2.0 km')]"
Laksh Royal Manor,"[('Sri Lakshmi Multi Speciality Hospital', '2.0 km'), ('Orchids The International School', '1.8 km'), ('Herohalli Bus Stop', '1.5 km'), ('East West Institute of Technology', '2.0 km'), ('Prajawal Nursing School', '2.0 km')]"
Lakshh Exotica,"[('Nagarbhavi Circle Bus Stop', '1.5 km'), ('Panacea Hospital Nagarabhavi', '2.0 km'), ('Chandana Hospital', '2.0 km'), ('Dr. Ambedkar Institute of Technology', '1.8 km'), ('National Law School of India University', '2.0 km')]"
Lakshmi Nanda,"[('C.S.Hospital', '1.5 km'), ('Sri Chaitanya Techno School', '1.8 km'), ('Chikkalasandra Bus Stop', '1.5 km'), ('Bangalore International Public School', '2.0 km'), ('Royal Meenakshi Mall', '4.0 km')]"
Lakshmi Yoga,"[('Metro Hospital', '2.0 km'), ('Rays Academy For Learning', '1.8 km'), ('Uttarahalli Bus Station', '1.5 km'), ('Insight Academy', '2.0 km'), ('Kammavari Sangha Institute of Technology', '2.0 km')]"
Lakshmidevi Enclave,"[('Chaitanya Hospital', '1.0 km'), ('Vasan Eye Care Hospital R.T. Nagar', '1.2 km'), ('Lakshmi Hospital Ganganagar', '1.0 km'), ('Medplus Pharmacy', '800 m'), ('RT Nagar Public Library', '1.2 km'), ('UAS School', '1.5 km')]"
Landmark 7,"[('Gurushree Hitech Multispeciality Hospital', '2.0 km'), ('National Law School of India University', '1.8 km'), ('Chandra Layout Bus Stop', '1.5 km'), ('S K Hospital Bengaluru Urban', '2.0 km'), ('Siddaganga Public School', '2.0 km')]"
Leelkrrsh Residency,"[('Hoskote Government Hospital', '2 km'), ('Sri Srinivasa Hospital Bengaluru Rural', '2 km'), ('Vibgyor High School Hoskote', '2 km'), ('Hoskote Bus Stand', '1 km'), ('NH 75', '1 km'), ('D Mart Hoskote', '3 km'), ('Brigade Signature Towers', '3 km')]"
Legacy Casero,"[('Chaitanya Medical Centre', '1.5 km'), ('Jayalakshmi Hospital', '2.0 km'), ('Jnanadeepika School', '1.8 km'), ('Yelahanka Junction', '2.5 km'), ('The Galleria Mall', '2.0 km')]"
Legacy Celo,"[('Navya Hospital', '1.5 km'), ('Icon Hospital', '1.5 km'), ('North Side Hospital', '2.0 km'), ('Jnanadeepika School', '1.8 km'), ('Elements Mall', '2.5 km')]"
Legacy Cirocco,"[('Chaitanya Medical Centre', '1.5 km'), ('Jayalakshmi Hospital', '2.0 km'), ('Jnanadeepika School', '1.8 km'), ('Yelahanka Junction', '2.0 km'), ('The Galleria Mall', '2.0 km')]"
Liam Daffodils,"[('Blossom Multispecialty Hospital', '2.0 km'), ('Oxford School Beratena Agrahara', '1.8 km'), ('Singasandra Metro Station', '1.5 km'), ('Apollo Clinic', '2.0 km'), ('Sujana Convent', '2.0 km')]"
Liam Lakedew,"[('Vibgyor', '2 km'), ('National Institute of Fashion Technology Bangalore', '2 km'), ('Raksha Orthopaedic And Multi Speciality Centre', '2 km'), ('Bellandur Main Road', '1 km'), ('Ecospace Tech Park', '3 km')]"
Liam Mahogany,"[('Hospitec Multispeciality Hospital', '2.0 km'), ('Jnanajyothi Eng School', '1.8 km'), ('Singasandra Metro Station', '1.5 km'), ('Apollo Clinic', '2.0 km'), ('New Bharat International Kudlu Gate Bommana Halli', '2.0 km')]"
Lisha Residency,"[('RMV Hospital', '1.5 km'), ('Mamta Hospital Bengaluru Rural', '1.8 km'), ('Shiksha Sagar High School', '1.0 km'), ('Hebbal Railway Station', '2.5 km'), ('Elements Mall', '3.0 km'), ('Yeshwantpur Junction', '3.0 km')]"
Lodha Azur,"[('Royal Meenakshi Mall', '2.3 km'), ('Fortis Hospital', '2.0 km'), ('Podar International School', '5.4 km'), ('Apollo Hospital', '4.3 km'), ('Greenwood High School', '4.6 km')]"
Lodha Mirabelle,"[('Baptist Hospital', '1.5 km'), ('Poornima Hospital', '2.0 km'), ('Sukrupa School', '1.8 km'), ('Hebbal Railway Station', '2.0 km'), ('Elements Mall', '2.5 km')]"
Luxe One,"[('Kengeri Metro Station', '1.5 km'), ('BGS Global Hospitals', '2.0 km'), ('R.V. College of Engineering', '1.8 km'), ('Global Village Tech Park', '2.0 km'), ('SJB Institute of Technology', '2.0 km')]"
Luxury Apartment,"[('Seven Senses Montessori', '2 km'), ('G. G. Hospital', '2 km'), ('Indiranagar Metro Station', '2 km'), ('100 Feet Road', '1 km'), ('KLM Fashion Mall', '2 km'), ('Bagmane Tech Park', '3 km')]"
Luxury Apartment on Main Road,"[('CyteCare', '1.5 km'), ('Krishnadevaraya Hospital', '2.0 km'), ('Nitte Meenakshi Institute', '2.5 km'), ('Yelahanka Junction', '2.0 km'), ('The Galleria Mall', '2.0 km')]"
M V Royal Homes,"[('Sai Hospital', '1.5 km'), ('Navya Hospital', '1.8 km'), ('Samar International Islamic School', '1.0 km'), ('Tanisandra Railway Station', '2.0 km'), ('Bhartiya Mall of Bengaluru', '2.0 km'), ('Elements Mall', '2.5 km'), ('Jawaharlal Nehru Centre For Advanced Scientific Research', '2.0 km')]"
M Vishweshwaraya Layout,"[('Kengeri Metro Station', '1.5 km'), ('Ullalu Government Hospital', '2.0 km'), ('Vijaya Hospital Bengaluru Urban', '2.0 km'), ('East West Institue of Technology', '2.0 km'), ('Government School', '1.8 km')]"
MBM Rohith Residency,"[('Rajnandani Hospital Bangalore', '2.0 km'), ('Orchids The International School', '1.8 km'), ('BMTC Bus Depot 34', '1.5 km'), ('T.R.Hospital', '2.0 km'), ('Srinidhi Public School', '2.0 km')]"
MBR Sfonia Mysore Road,"[('Nayandahalli Metro Station', '1.5 km'), ('Rajarajeshwari Hospital', '2.0 km'), ('PES University', '1.8 km'), ('B M Valley School', '2.5 km')]"
MC Fortune,"[('Vydehi School of Excellence', '2 km'), ('Garden City University', '2 km'), ('Vydehi Hospital', '2 km'), ('Nallurhalli Metro Station', '2 km'), ('Ascendas Park Square Mall', '2 km'), ('ITPL Main Road', '1 km'), ('NH 44', '1 km')]"
MC Sarovar,"[('Seegehalli Government Hospital', '2 km'), ('Health Plus Multi Speciality Hospital', '2 km'), ('Garden City College', '3 km'), ('Cambridge Institute of Technology', '3 km'), ('Indus Valley School', '2 km'), ('NH75', '1 km'), ('KR Puram Railway Station', '3 km')]"
MDVR SV Shelters,"[('Narayana Hrudayalaya', '2.0 km'), ('BTL Institute of Technology', '1.8 km'), ('Attibele Bus Stop', '1.5 km'), ('Athreya Hospital', '2.0 km'), ('Bangalore College Of Engineering And Technology', '2.0 km')]"
MIMS Habitat,"[('Bangalore Prime Hospital', '1.5 km'), ('Medi Derma Hospital', '1.8 km'), ('Teresa Bacq School', '1.0 km'), ('Thanisandra Railway Station', '2.0 km'), ('Bhartiya Mall of Bengaluru', '2.0 km'), ('Elements Mall', '2.5 km'), ('Samar International Islamic School', '1.0 km')]"
MJ Lifestyle Amadeus,"[('Anugrahaa Hospital', '1.5 km'), ('Springleaf Hospital', '2.0 km'), ('St Gasper School', '1.8 km'), ('Hosa Road Metro Station', '2.0 km'), ('Sahana Vidya Mandira', '2.0 km')]"
MJ Lifestyle Atria,"[('Singasandra Metro Station', '2.0 km'),  ('Maple Bear Canadian Pre-school', '1.8 km')]"
MJR North Park,"[('SH 104', '2.1 km'), ('Vikrant Hospital', '2.3 km'), ('Jawahar Navodaya Vidyalaya', '2.7 km'), ('CMR University', '6.0 km'), ('The Galleria Mall', '5.0 km'), ('Yelahanka Junction', '4.0 km'), ('Dodjala Metro Station (upcoming)', '2.0 km')]"
MJR Pearl,"[('Whitefield Metro Station', '2 km'), ('Whitefield Global School', '2 km'), ('New Life Hospital Bangalore', '2 km'), ('MVJ College of Engineering', '3 km'), ('Nexus Shantiniketan Mall', '3 km'), ('Whitefield Railway Station', '2 km')]"
MKB Friends Nest,"[('Garden City College', '2 km'), ('Cambridge Institute of Technology', '2 km'), ('Seegehalli Government Hospital', '2 km'), ('Health Plus Multi Speciality Hospital', '2 km'), ('Hoodi Railway Station', '2 km'), ('International Tech Park', '2 km'), ('Whitefield Metro Station', '2 km')]"
MLA Layout,"[('Vijayashree Hospitals', '1.5 km'), ('Narayana Nethralaya', '2.0 km'), ('T John Institute of Technology', '1.8 km'), ('Cinepolis', '2.5 km'), ('GHPS Gottigere', '2.0 km')]"
MR Enclave,"[('Singasandra Metro Station', '1.5 km'), ('Hospitec Multispeciality Hospital', '2.0 km'), ('New Bharat International Kudlu Gate', '2.0 km'), ('Shree Vidyanikethan', '2.0 km'), ('Kudlu Gate Metro Station', '1.5 km')]"
MRB Elite Apartment,"[('St Marthas Hospital', '2.0 km'), ('Gubbalala School', '1.8 km'), ('Uttarahalli Bus Station', '1.5 km'),('Rays Academy For Learning', '2.0 km'), ('Insight Academy', '2.0 km')]"
MV Periwinkle,"[('Navya Hospital', '1.5 km'), ('Sai Hospital', '2.0 km'), ('Kensri School', '1.8 km'), ('Tanisandra Railway Station', '2.0 km'), ('Elements Mall', '2.5 km')]"
MV Periwinkle Apartments,"[('Navya Hospital', '1.5 km'), ('Sri Sai Hospital', '2.0 km'), ('Kensri School', '1.8 km'), ('Nagawara Metro Station', '2.0 km'), ('Elements Mall', '2.5 km')]"
MVN Aero One,"[('The School For Global Minds', '2.5 km'), ('Pragathi First Grade College', '3.0 km'), ('Devanahalli Railway Station', '3.0 km'), ('SH 104', '1.0 km'), ('Akash Hospital', '3.0 km'), ('The Arcade Mall', '3.0 km')]"
MVR Pride,"[('Ryan International School', '2 km'), ('Vydehi Institute', '2 km'), ('Sakra World Hospital', '2 km'), ('Vydehi Hospital', '2 km'), ('Belandur Road Railway Station', '3 km'), ('International Tech Park', '3 km')]"
Maangalya Signature,"[('Delhi Public School', '2 km'), ('St. Thomas School', '2 km'), ('Agarwal Eye Hospital', '2 km'), ('Whitefield Railway Station', '2 km'), ('Nexus Whitefield Mall', '2 km')]"
Macasa Emerald,"[('Electronic City Metro Station', '1.5 km'), ('Harvest International School', '2.0 km'), ('Mathru Hospital', '2.0 km'), ('Dayananda Sagar University', '2.5 km'), ('Nexus Mall Koramangala', '3.0 km')]"
Mahabaleshwara Classique Temple Tree,"[('Omega Multispeciality Hospital', '2.0 km'), ('Akshaya Nursing Home Yelahanka', '1.5 km'), ('N4 Srishti Institute of Art Design & Technology', '2.0 km'), ('Yelahanka Junction', '3.0 km'), ('The Galleria Mall', '3.5 km'), ('B.M.S. Institute of Technology and Management', '2.0 km'), ('Ryan International School', '3.0 km')]"
Mahaghar Vajra,"[('Konanakunte Government Hospital', '2.0 km'), ('Kammavari Sangha Institute of Technology', '1.8 km'), ('Uttarahalli Bus Station', '1.5 km'), ('Aikya Healthcare', '2.0 km'), ('GHPS', '2.0 km')]"
Mahaveer Aspen,"[('Yelachenahalli Metro Station', '1.5 km'), ('Sri Sai Ram Hospital', '2.0 km'), ('Frank Public School', '1.8 km'), ('R.R. Hospital and Trauma Centre', '2.0 km'), ('Dayanand Sagar College of Engineering', '2.5 km')]"
Mahaveer Calyx,"[('Jayashree Multi Speciality Hospital', '2.0 km'), ('St Pauls School Begur', '1.8 km'), ('Hosa Road Metro Station', '1.5 km'), ('Government Primary Healthcare Center Begur', '2.0 km'), ('St Anns School Begur', '2.0 km')]"
Mahaveer Cedar,"[('Sapthagiri Hospital', '1.5 km'), ('Kruthika Hospital', '2.0 km'), ('Sapthagiri College of Engineering', '2.5 km'), ('Chikka Banavara Junction', '2.0 km'), ('Soundarya Institute of Management', '2.8 km')]"
Mahaveer Celesse,"[('N R V Hospital', '4.6 km'), ('Brindavan Group of Institutions', '5.9 km'), ('Delhi Public School', '7.4 km'), ('Yelahanka Junction', '7.7 km'), ('The Galleria Mall', '5.0 km'), ('Bellary Road', '3.1 km'), ('Nagarjuna Pre University College', '3.0 km')]"
Mahaveer Coral,"[('R R Hospital & Trauma Centre', '1.5 km'), ('Tiny Angels English Primary School', '2.0 km'), ('Forum Mall', '3.0 km'), ('Sri Balaji Speciality Clinic', '1.5 km'), ('CMS Business School', '2.0 km')]"
Mahaveer Desires,"[('Sapthagiri Hospital', '1.5 km'), ('Rajalakshmi Hospital', '1.8 km'), ('Sapthagiri College of Engineering', '2.0 km'), ('Chikka Banavara Railway Station', '2.5 km'), ('Mall of Asia', '4.0 km'), ('Jalahalli Metro Station', '3.0 km'), ('Soundarya Institute of Management', '2.0 km')]"
Mahaveer Fortune,"[('Peenya Metro Station', '1.5 km'), ('S.S.G. Hospital', '2.0 km'), ('Anupama Hospital', '2.0 km'), ('East West College of Nursing And Management', '1.8 km'), ('East West Institue of Technology', '2.0 km')]"
Mahaveer Galaxy,"[('BGS Global Hospitals', '2.0 km'), ('SJB Institute of Technology', '1.8 km'), ('Kengeri Metro Station', '1.5 km'), ('R.V. College of Engineering', '2.0 km'), ('Global Village Tech Park', '2.0 km')]"
Mahaveer Highlands,"[('Kengeri Bus Terminal', '4.2 km'), ('Shreya Hospital', '2.4 km'), ('Janani Vidya Mandira', '4.1 km'), ('Bengaluru University', '6.0 km'), ('Gopalan Arcade Mall', '6.7 km')]"
Mahaveer Ranches,"[('Mathru Hospital', '4.4 km'), ('Lakshmi Hayagrevar School', '0.45 km'), ('Singasandra Metro Station', '4.1 km'), ('Manipal University', '4.2 km'), ('Hopvizs Mall', '5.8 km')]"
Mahaveer Rich,"[('Sapthagiri Hospital', '1.5 km'), ('Kruthika Hospital', '2.0 km'), ('Sapthagiri College of Engineering', '2.5 km'), ('Chikka Banavara Junction', '2.0 km'), ('Soundarya Institute of Management', '2.8 km')]"
Mahaveer Rich Apartments,"[('Sapthagiri Hospital', '1.5 km'), ('Rajalakshmi Hospital', '1.8 km'), ('Sapthagiri College of Engineering', '2.0 km'), ('Chikka Banavara Railway Station', '2.5 km'), ('Mall of Asia', '4.0 km'), ('Jalahalli Metro Station', '3.0 km'), ('Soundarya Institute of Management', '2.0 km')]"
Mahaveer Rose,"[('Srushti Hospital', '1.5 km'), ('Silicon City HPS', '1.8 km')]"
Mahaveer Sitara,"[('Royal High School', '1.2 km'), ('Fortis Hospital', '2.1 km'), ('Konanakunte Cross Metro Station', '3.4 km'), ('Prime Spectrum Mall', '2.0 km'), ('Dayananda Sagar University', '4.9 km')]"
Mahaveer Turquoise,"[('Yelachenahalli Metro Station', '1.5 km'), ('Pralaksha Hospital', '2.0 km'), ('Brightway International Public School', '1.8 km'), ('New Era College', '2.5 km'), ('Manipal University', '3.0 km')]"
Mahaveer Varna,"[('Kannamangala Primary Health Center', '2 km'), ('Whitefield Metro Station', '2 km'), ('Orion Uptown Mall', '3 km'), ('International Tech Park', '2 km'), ('Vibgyor High School Kadugodi', '2 km')]"
Mahendra Aarya,"[('Mazumdar Shaw Medical Center', '2.0 km'), ('St. Joseph Chaminade Academy', '1.8 km'), ('Heelalige Railway Station', '2.0 km'), ('Ittina Neela Shopping Complex', '2.5 km'), ('St. Francis de Sales Degree College', '2.5 km')]"
Mahendra Arto Helix,"[('Mazumdar Shaw Medical Center', '2.0 km'), ('EISB - Ebenezer International School', '1.8 km'), ('Heelalige Railway Station', '2.0 km'), ('Dayananda Sagar University', '2.0 km'), ('JP Software Park', '2.0 km')]"
Mahindra Eden,"[('Thalagattapura Metro Station', '1.5 km'), ('Chethana Public School', '1.8 km'), ('Dayananda Sagar University', '2.0 km'), ('Samastha Hospital', '2.0 km')]"
Mahindra Zen,"[('Singasandra Metro Station', '1.5 km'), ('Kudlu Gate Metro Station', '1.5 km'), ('Maple Bear Canadian Pre-school', '1.8 km'), ('Jnanajyothi Eng School', '1.8 km'), ('Apollo Clinic', '2.0 km')]"
Maia Pelican Grove,"[('Chaitanya Medical Centre', '1.5 km'), ('Jayalakshmi Hospital', '2.0 km'), ('Jnanadeepika School', '1.8 km'), ('Yelahanka Junction', '2.0 km'), ('The Galleria Mall', '2.0 km')]"
Majestic Fortune,"[('Mysuru Road Metro Station', '1.5 km'), ('Sagar Hospitals', '2.0 km'), ('ORCHIDS The International School', '1.8 km'), ('Forum Mall', '4.0 km'), ('Dayananda Sagar University', '2.5 km')]"
Mana Candela,"[('Lakshya Public School', '2 km'), ('Karunalayam Hospital', '2 km'), ('RGA Techpark', '2 km'), ('Carmelaram Railway Station', '3 km'), ('Sarjapur Main Road', '1 km'), ('Market Square Mall Sarjapur Road', '4 km')]"
Mana Dale,"[('Oakridge International School Bangalore', '7.8 km'), ('Manipal University', '8.8 km'), ('Kauvery Hospital', '9.8 km'), ('Beratena Agrahara Metro Station', '8.5 km'), ('Sarjapur Road', '5.7 km'), ('Market Square Mall', '7.1 km'), ('Wipro Limited', '7.1 km')]"
Mana Karmel,"[('Karunalayam Hospital', '1.5 km'), ('Brothers Chemists', '0.8 km'), ('Little Millennium', '1.8 km'), ('Barbeque Nation', '1.2 km'), ('Ganesha Temple', '1.0 km')]"
Mana Skanda,"[('Stanford Speciality Hospital', '2 km'), ('Apollo Clinic', '2 km'), ('Sarjapur Main Road', '1 km'), ('Carmelaram Railway Station', '3 km'), ('RGA Techpark', '2 km')]"
Mana Tropicale,"[('Amrita School of Engineering', '2 km'), ('St Gasper School', '2 km'), ('Sahana Vidya Mandira', '2 km'), ('RGA Techpark', '2 km'), ('Varthur Main Road', '1 km'), ('Government Hospital', '2 km'), ('Whitefield Metro Station', '3 km')]"
Mana Uber Verdant 2,"[('CMR Gandhi Public School', '2 km'), ('Bangalore Institute of Management', '2 km'), ('Manipal Hospital', '2 km'), ('NH 44', '1 km'), ('Market Square Mall', '2 km'), ('Global Technology Park', '2 km'), ('Karmelaram Railway Station', '3 km')]"
Manar Elegance,"[('Narayana Multispeciality Hospital', '1.5 km'), ('MedPlus', '0.8 km'), ('Cambridge School ICSE', '1.8 km'), ('Veg Sagar', '1.2 km'), ('Sri Mariyamma Temple', '1.0 km')]"
Manar Manha,"[('Kudlu Gate Metro Station', '2.0 km'), ('Hospitec Multispeciality Hospital', '1.5 km')]"
Manasarovar Apartment,"[('Vibgyor School', '2 km'), ('Marathahalli Main Road', '1 km'), ('Kundalahalli Metro Station', '2 km'), ('Forum Value Mall', '3 km'), ('ITPL Main Road', '2 km')]"
Mangala Enclave,"[('Ashirwad Hospital', '1.5 km'), ('Pradnya Nethralaya', '1.8 km'), ('Mona Nursery Primary and High School', '1.0 km'), ('RT Nagar Bus Depot', '1.5 km'), ('Elements Mall', '3.0 km'), ('Hebbal Railway Station', '2.5 km'), ('Yeshwantpur Junction', '3.5 km')]"
Manito Northlite,"[('CyteCare', '1.5 km'), ('Navachethana Hospital', '1.8 km'), ('Ryan International School', '2.0 km'), ('Nitte Meenakshi Institute of Technology', '2.5 km'), ('Yelahanka Junction', '2.0 km'), ('The Galleria Mall', '2.0 km'), ('Sri Bhagawan Mahaveer Jain College', '1.5 km')]"
Manokammana,"[('Jubilee Nursing Home', '2.0 km'), ('SSM Primary School', '1.8 km'), ('Southend Metrorail Station', '1.5 km'), ('B.M.S. College of Engineering', '2.5 km'), ('Vishwabharathi Hospital Pvt. Ltd', '2.0 km')]"
Mantri Alpyne,"[('D.G. Hospital', '0.015 km'), ('National Public School', '0.005 km'), ('The Happy Valley School', '0.005 km'), ('Presidency School', '0.005 km'), ('RNS Institute of Technology', '0.005 km')]"
Mantri Astra Hennur,"[('Shree Vijayalakshmi Hospital', '1.5 km'), ('Good Shepherd Hospital', '1.8 km'), ('Yuvalok School', '2.0 km'), ('Sinclairs High School', '2.5 km'), ('Elements Mall', '3.0 km'), ('Bhartiya Mall of Bengaluru', '2.0 km'), ('Thanisandra Railway Station', '2.5 km')]"
Mantri Greens,"[('Apollo Hospital', '1.5 km'), ('BBMP Public School', '1.0 km'), ('Mantri Square Mall', '0.5 km'), ('Yeshwantpur Metro Station', '1.5 km'), ('Srirampura Metro Station', '1.0 km'), ('Orion Mall', '2.0 km')]"
Mantri Residency,"[('Yelachenahalli Metro Station', '1.5 km'), ('Narayana Nethralaya', '2.0 km'), ('Vasan Eye Care Hospital Bannerghatta Road', '2.0 km'), ('Islamia Institute of Technology', '1.8 km'), ('Lords School', '1.8 km')]"
Mantri Serenity,"[('Doddakallasandra Metro Station', '1.5 km'), ('New Divine Public School', '1.8 km'), ('Samastha Hospital', '2.0 km'), ('Dayananda Sagar University', '2.5 km'), ('Royal Meenakshi Mall', '5.0 km')]"
Mantri Tranquil,"[('New Divine Public School', '0.7 km'), ('Dhee Hospitals', '0.95 km'), ('Royal Meenakshi Mall', '7.8 km'), ('PES University', '7.3 km'), ('Pattanagere Metro Station', '7.5 km')]"
Mantri Webcity,"[('Southern Asia Bible College', '0.5 km'), ('Diana College of Nursing', '2.1 km'), ('Poorna Prajna Education Center', '2.0 km'), ('Divine Care Hospital', '1.7 km'), ('The Big Market', '1.9 km'), ('Bangalore Baptist Hospital', '3.2 km'), ('Decathlon', '1.6 km')]"
Marigold Apartment,"[('Indo-German School', '2 km'), ('Chaya Super Speciality Hospital', '2 km'), ('Srivijaya Speciality Hospital', '2 km'), ('Channasandra Railway Station', '2 km'), ('Old Madras Road', '1 km'), ('Elements Mall', '3 km')]"
Mars Classic,"[('Jnana Bharathi Metro Station', '1.5 km'), ('Rc Hospital', '2.0 km'), ('Vasan Eye Care Hospital Rajarajeswari Nagar', '2.0 km'), ('Rajarajeshwari Vidya Shala', '1.8 km'), ('Carmel School Ground', '1.8 km')]"
Mars Meadows,"[('Unity Hospital Bengaluru Urban', '2.0 km'), ('RNS Institute of Technology', '1.8 km'), ('Rajarajeshwari Nagar Metro Station', '1.5 km'), ('Global Academy of Technology', '2.0 km'), ('JSS Academy of Technical Education', '2.0 km')]"
Mars Planet,"[('Hrushikesh School', '1.4 km'), ('PES University', '2.0 km'), ('Vinayaka Hospital', '3.1 km'), ('Gopalan Arcade Mall', '4.2 km'), ('Rajarajeshwari Nagar Metro Station', '4.6 km')]"
Maruti Prudential Apartments,"[('Prasad Vidya Mandir', '1.5 km'), ('Brand Factory', '2 km'), ('HAL', '2 km'), ('Kemp Fort Mall', '3 km'), ('Domlur Bus Stand', '3 km')]"
Masarada Upavan,"[('Athreya Hospital', '2.0 km'), ('Narayana Hrudayalaya', '2.5 km'), ('Bommasandra Metro Station', '1.5 km'), ('BTL Institute of Technology', '2.5 km'), ('Suvidya College', '3.0 km')]"
Mathapathi Grand,"[('Lakshya Public School', '2 km'), ('New Horizon Vidya Mandir', '2 km'), ('Karunalayam Hospital', '2 km'), ('Government Hospital', '2 km'), ('RGA Techpark', '2 km'), ('Carmelaram Railway Station', '3 km'), ('Sarjapur Main Road', '1 km')]"
Mathapathi Grand Field,"[('Karmelaram Railway Station', '3 km'), ('SH 35', '3.3 km'), ('Central Mall', '4.4 km'), ('Vasishta School of Excellence', '3 km'), ('Town Hospital Sarjapura', '4 km'), ('Beratena Agrahara Metro Station (upcoming)', '5 km'), ('Global Technology Park', '5 km')]"
Mayur Brundavan,"[('JJ Hospitals', '1.8 km'), ('Ebenezer International School', '2.5 km'), ('Hebbagodi Metro Station', '1.5 km'), ('Global Speciality Hospital', '2.0 km'), ('Bangalore College Of Engineering And Technology', '3.0 km')]"
Meda East Woods,"[('Orchids The International School Panathur', '1 km'), ('Vagdevi Vilas Super School', '1.5 km'), ('Munekolala Bus Stand', '1 km'), ('Medplus', '1 km'), ('New Horizon Gurukul', '2 km'), ('Sakra World Hospital', '3 km')]"
Meda Ela,"[('Vinayaka Specialty Hospital', '1.5 km'), ('St Philomina English School', '1.8 km'), ('Silicon City HPS Bommana Halli', '2.0 km'), ('Galaxy Paradise', '2.5 km'), ('Royal Meenakshi Mall', '3.0 km')]"
Meda Greens,"[('Kengeri Satellite Bus Stop', '0.5 km'), ('MEDSOL Hospital', '1.2 km'), ('Global Village Tech Park', '1.0 km'), ('Belaku Eye Hospital', '2.5 km'), ('Bangalore University', '3.5 km')]"
Meenakshi Vrdhavan,"[('Samastha Hospitals Pvt Ltd', '1.5 km'), ('Kammavari Sangha Institute of Technology', '2.0 km'), ('Gubbalala School', '2.0 km'), ('RMS International School', '2.5 km'), ('Konanakunte Government Hospital', '2.0 km')]"
Meridian Park at The Prestige City,"[('Forum The Prestige City', '1.9 km'), ('Sarjapur Road', '2 km'), ('Spandana Hospital', '3.2 km'), ('New Oxford High School', '4.9 km'), ('Azim Premji University', '5.4 km'), ('Karmelaram Railway Station', '10.7 km'), ('Beratena Agrahara Metro Station (upcoming)', '5 km')]"
Metro Eleganza,"[('Presidency Hospital', '2 km'), ('Garudacharpalya Metro Station', '2 km'), ('Mahadevapura Metro Station', '2 km'), ('Phoenix Marketcity Mall', '2 km'), ('International Tech Park', '2 km')]"
Metropolis Mid Town,"[('Yelachenahalli Metro Station', '1.5 km'), ('Sri Sai Ram Hospital', '2.0 km'), ('Rajnandani Hospital Bangalore', '2.0 km'), ('Supra South City Hospital', '2.0 km'), ('Greenvalley High School', '1.8 km'), ('RMS International School', '1.8 km')]"
Millionaire Tower,"[('N R V Hospital', '2.0 km'), ('Lakshmi Hospital', '2.5 km'), ('Dodjala Railway Station', '3.0 km'), ('Adyar Ananda Bhavan', '2.0 km'), ('Rinac India Limited', '3.5 km')]"
Mithra Maanya Mansion,"[('Aveksha Hospital', '1.5 km'), ('Rajalakshmi Hospital', '2.0 km'), ('Sambhram Institute of Technology', '2.5 km'), ('Vidyaranyapura Bus Stand', '1.5 km'), ('Air Force School', '2.0 km')]"
Mithra Mygate,"[('Tranquil Healthcare', '1.5 km'), ('Herbocare Hospital Pvt', '1.8 km'), ('Sinclairs High School', '1.0 km'), ('Thanisandra Railway Station', '2.0 km'), ('Bhartiya Mall of Bengaluru', '2.0 km'), ('Elements Mall', '2.5 km'), ('Hennur Main Road', '1.0 km')]"
Mittal Elanza,"[('EuroSchool North Campus', '550 m'), ('Presidency PU College', '600 m'), ('Amruth Hospital', '1.2 km'), ('Bellahalli Main Road', '1.7 km'), ('Yelahanka Junction', '3.1 km'), ('REVA University', '3.4 km'), ('The Galleria Mall', '4.1 km')]"
Mittal Palms,"[('CyteCare', '1.5 km'), ('NDR Multi Speciality Hospital', '2.0 km'), ('Jnanadeepika School', '1.8 km'), ('Yelahanka Junction', '2.5 km'), ('The Galleria Mall', '2.0 km')]"
Modern Serene Heights,"[('Aandeepani Academy for Excellence', '450 m'), ('SVP Patel PU College', '2.3 km'), ('Sathya Sai Hospital', '950 m'), ('Heelalige Railway Station', '11.6 km'), ('SH 35', '350 m'), ('RRL Towers', '1.8 km')]"
Modern Soul Tree,"[('Saandeepani Academy For Excellence', '2 km'), ('Siri Shrine PU College', '2 km'), ('Spandana Heart & Super Speciality Hospital', '2 km'), ('Heelalige Railway Station', '3 km'), ('Market Square Mall Sarjapur Road', '2 km'), ('SH 35', '1 km'), ('Wipro Limited SEZ', '3 km')]"
Modern Spaces Engrace Vista,"[('New Macaulay High School', '950 m'), ('International School of Management', '3.8 km'), ('Pandana Hospital', '2.1 km'), ('Carmelaram Railway Station', '9.8 km'), ('SH 35', '1.4 km'), ('RGA Techpark', '3 km')]"
Monalisa 100 Ft Road Indira Nagar,"[('Lotus Diagnostic Centre', '2 km'), ('100 Feet Road', '1 km'), ('Indiranagar Metro Station', '2 km'), ('KLM Fashion Mall', '2 km'), ('Bagmane Tech Park', '3 km')]"
Monarch Aqua,"[('Fantasy Park', '500 m'), ('Samara Jyothi Public School', '950 m'), ('Saltor Hospitals', '1.2 km'), ('Janakinarayana Complex', '1.5 km'), ('Garden City University', '2.3 km'), ('Villupuram Road', '3.2 km'), ('KR Puram Railway Station', '3.3 km')]"
Monarch Serenity,"[('Bangalore Prime Hospital', '1.5 km'), ('Sai Hospital', '1.8 km'), ('Samar International Islamic School', '1.0 km'), ('Tanisandra Railway Station', '2.0 km'), ('Bhartiya Mall of Bengaluru', '2.0 km'), ('Elements Mall', '2.5 km'), ('REVA University', '3.0 km')]"
Morning Glory,"[('Stanford Speciality Hospital', '2 km'), ('Raksha Orthopaedic And Multi Speciality Centre', '2 km'), ('Kudlu Gate Metro Station', '2 km'), ('Total Mall', '2 km'), ('RGA Tech Park', '2 km')]"
Mother Elite,"[('Unity Hospital Bengaluru Urban', '2.0 km'), ('RNS Institute of Technology', '1.8 km'), ('Rajarajeshwari Nagar Metro Station', '1.5 km'), ('Global Village Tech Park', '2.0 km'), ('JSS Academy of Technical Education', '2.0 km')]"
Motwani Fairmount Towers Apartments,"[('Santorini Montessori', '2 km'), ('K C Raju Multi Speciality Hospital', '2 km'), ('Sundar Hospital', '2 km'), ('Banaswadi Railway Station', '2 km'), ('Bengaluru East Railway Station', '2 km'), ('Elements Mall', '3 km')]"
Mugu,"[('Sarvodaya Hospital', '2.0 km'), ('Holy Child Convent School', '1.8 km'), ('Vishwabharathi Hospital', '2.0 km'), ('SSM Public School', '2.5 km'), ('Bharathi Hospitals', '2.0 km')]"
Mukunda Brundhavan,"[('Government Primary School', '2 km'), ('Seegehalli Government Hospital', '2 km'), ('New Life Hospital', '2 km'), ('Whitefield Metro Station', '2 km'), ('Hoodi Halt Station', '2 km'), ('International Tech Park Bangalore (ITPB)', '2 km')]"
Mukunda Gokulam,"[('LR International School', '2 km'), ('Hayagriva Girls’ School', '2 km'), ('Venus MultiSpeciality Hospital', '2 km'), ('Sree Lakshmi Hospital', '2 km'), ('Whitefield (Kadugodi) Metro Station', '2 km'), ('Nexus Shantiniketan Mall', '3 km')]"
Mukunda Nandanam,"[('Hoodi Primary School', '2 km'), ('Hoodi High School', '2 km'), ('Narayana Multispeciality Hospital', '2 km'), ('Seegehalli Government Hospital', '2 km'), ('Hoodi Railway Station', '2 km'), ('International Tech Park', '2 km')]"
Mukundam,"[('Hoodi Primary School', '2 km'), ('Hoodi High School', '2 km'), ('Narayana Multispeciality Hospital', '2 km'), ('Seegehalli Government Hospital', '2 km'), ('Hoodi Railway Station', '2 km'), ('International Tech Park', '2 km')]"
Mukundam Gokulam,"[('Narayana Multispeciality Hospital', '2 km'), ('Telerad RXDX Kadugodi', '2 km'), ('Whitefield Metro Station', '2 km'), ('Whitefield Railway Station', '2 km'), ('International Tech Park', '2 km'), ('Forum Shantiniketan Mall', '3 km')]"
Muppiri Pursuit of Happiness,"[('Royal Public School', '1.6 km'), ('Neighbourhood Hospital', '2.6 km'), ('Royal Meenakshi Mall', '3.4 km'), ('Thalaghattapura Metro Station', '6.0 km'), ('Dayananda Sagar University', '6.0 km')]"
Murari Classic,"[('Bhumika Hospital', '2.0 km'), ('ISBR Business School', '1.8 km'), ('Wipro EC Bus Stand', '1.5 km'), ('Vimalaya Hospital', '2.0 km'), ('Shree Vinayaka Multispeciality Centre', '2.0 km')]"
Myhna Heights,"[('Global Indian International School GIIS', '2 km'), ('Government Hospital', '2 km'), ('Whitefield Metro Station', '2 km'), ('International Tech Park', '2 km'), ('Forum Value Mall', '3 km'), ('NH 75', '1 km')]"
Myhna Maple,"[('Government Hospital', '2 km'), ('SH 35', '1 km'), ('Vibgyor High Marathahalli', '2 km'), ('Brookefield Mall', '3 km'), ('ITPL Metro Station', '3 km'), ('Virginia Mall', '3 km')]"
Mystery Laxmi Narayan,"[('Orchids The International School - Horamavu', '2 km'), ('St George High School', '2 km'), ('Cloudnine Hospital', '2 km'), ('Horamavu Main Road', '1 km'), ('KR Puram Railway Station', '3 km'), ('Elements Mall', '3 km')]"
Mythri Arteor,"[('Jayashree Multi Speciality Hospital', '1.5 km'), ('Apollo Pharmacy', '0.8 km'), ('St Francis ICSE School', '1.8 km'), ('Udupi Upahar', '1.2 km')]"
Mythri Sapphire,"[('Primus Public School', '1.5 km'), ('Narayana Hospital', '2.0 km'), ('Carmelaram Railway Station', '2.5 km'), ('Total Mall', '3.0 km'), ('RGA Tech Park', '2.5 km')]"
NCC Nagarjuna Aster Park,"[('Omega Multispeciality Hospital', '2.0 km'), ('Akshaya Nursing Home Yelahanka', '1.5 km'), ('N4 Srishti Institute of Art Design & Technology', '1.0 km'), ('Yelahanka Junction', '2.0 km'), ('The Galleria Mall', '3.0 km'), ('Ryan International School', '2.5 km'), ('Poorna Prajna Education Center', '1.0 km')]"
NCC Urban Mayfair,"[('Omega Multispeciality Hospital', '2.0 km'), ('CRPF Composite Hospital', '1.5 km'), ('Vishwa Vidyapeeth', '1.0 km'), ('Yelahanka Junction', '2.0 km'), ('The Galleria Mall', '3.0 km'), ('Mallya Aditi International School', '2.0 km'), ('Orchids The International School', '1.5 km')]"
NCC Urban Nagarjuna Serene,"[('Marathahalli Bridge', '1 km'), ('Brookefield Mall', '2 km'), ('Kundalahalli Metro Station', '2 km'), ('VIBGYOR High School Marathahalli', '2 km'), ('Vasan Eye Care Hospital Marathalli', '2 km')]"
NCI MBR Labele,"[('Narayana Hrudayalaya Dental Clinic', '2.0 km'), ('Orchid English School', '1.8 km'), ('Rajashri Grandhim Hospitals', '2.0 km'), ('Little Millenium', '2.5 km')]"
NCN Swasthi,"[('Sathya Hospital', '1.5 km'), ('Zion Hospital And Research Centre', '2.0 km'), ('Orchid Academy', '1.8 km'), ('Elements Mall', '2.5 km'), ('Banaswadi Railway Station', '2.0 km'), ('Shemrock Bright', '1.5 km')]"
ND Gipfel,"[('Vijayashree Hospitals', '1.5 km'), ('Narayana Nethralaya', '2.0 km'), ('T John Institute of Technology', '1.8 km'), ('Cinepolis', '2.5 km'), ('GHPS Gottigere', '2.0 km')]"
NN Homes Lake Side View,"[('Sapthagiri Hospital', '1.5 km'), ('Aveksha Hospital', '1.8 km'), ('Sapthagiri College of Engineering', '2.0 km'), ('Chikka Banavara Railway Station', '2.5 km'), ('Mall of Asia', '4.0 km'), ('Jalahalli Metro Station', '3.0 km'), ('Soundarya Institute of Management', '2.0 km')]"
NR Orchid Gardenia,"[('SiyBaba Hospital', '1.5 km'), ('Presidency College', '2.0 km'), ('Elements Mall', '2.0 km'), ('Thanisandra Railway Station', '2.5 km'), ('Manyata Embassy Tech Park', '3.0 km')]"
NR Prime,"[('Sophie Nursery Primary and High School', '2 km'), ('Manipal Hospital Indiranagar', '2 km'), ('Domlur Main Road', '1 km'), ('Indiranagar Metro Station', '2 km'), ('100 Feet Road Indiranagar', '2 km'), ('Embassy Golf Links Business Park', '2 km')]"
NR Springwoods,"[('Bangalore Prime Hospital', '1.5 km'), ('Sai Hospital', '2.0 km'), ('Samar International Islamic School', '1.8 km'), ('Tanisandra Railway Station', '2.0 km'), ('Bhartiya Mall of Bengaluru', '2.5 km')]"
NR Windgates,"[('Regal Hospital', '1.5 km'), ('Sai Hospital', '2.0 km'), ('Karnataka College', '1.8 km'), ('Reva University', '2.5 km'), ('Bhartiya Mall of Bengaluru', '2.0 km'), ('Thanisandra Railway Station', '2.0 km'), ('Jawaharlal Nehru Centre For Advanced Scientific Research', '2.5 km')]"
NVR Sun Pearl,"[('Whitefield Global School', '2 km'), ('Narayana Multispeciality Hospital', '2 km'), ('Cloud Nine Hospital', '2 km'), ('Whitefield Metro Station', '2 km'), ('Whitefield Railway Station', '2 km'), ('International Tech Park', '2 km')]"
Nakshatra Comforts,"[('Ring Road Hospital', '2.0 km'), ('Sri Krishna PU College', '1.8 km'), ('Kaveri Nagar Bus Stop', '1.5 km'), ('Vinayaka Hospital', '2.0 km'), ('SSM Public School', '2.0 km')]"
Nambiar Millennia,"[('Mahatma Vidyalaya', '400 m'), ('Upcoming Sarjapur Road Metro Station', '4 km'), ('SRT Mall', '6.5 km'), ('State Highway 35', '6.9 km'), ('Spandana Multi Specialty Hospital', '7.5 km'), ('Indus International School', '8.5 km'), ('Maruti Concorde Business Park', '8.5 km')]"
Nanda Crest Apartments,"[('Aikya Healthcare', '1.5 km'), ('Lalitha Medicals', '0.8 km'), ('Gubbalala School', '1.8 km'), ('Vasudev Adigas', '1.2 km'), ('Subramanya Temple', '1.0 km')]"
Nanda Residency,"[('Indo-German School', '2 km'), ('St. George College of Management Science & Nursing', '2 km'), ('Chaya Super Speciality Hospital', '2 km'), ('Motherhood Women & Children Hospital', '2 km'), ('Elements Mall', '2 km'), ('Outer Ring Road', '1 km')]"
Nandhi,"[('Metro Hospital', '1.5 km'), ('Arpitha Medicals', '0.8 km'), ('Srinidhi Public School', '1.8 km'), ('Vasudev Adigas', '1.2 km')]"
Nandhi Abode,"[('Unity Hospital Bengaluru Urban', '2.0 km'), ('Rajarajeshwari Vidya Shala', '1.8 km'), ('Rajarajeshwari Nagar Metro Station', '1.5 km'), ('Global Village Tech Park', '2.0 km'), ('Carmel School Ground', '2.0 km')]"
Nandhi Enclave,"[('Maharaja Agrasen Hospital Bengaluru Urban', '2.0 km'), ('Apollo Convent', '1.8 km'), ('Chikkalasandra Bus Stop', '1.5 km'), ('Bangalore Kidney Foundation - NU Hospital', '2.0 km'), ('Shraddha Eye Care', '2.0 km')]"
Nandhi Paradise,"[('Kengeri Metro Station', '1.5 km'), ('BGS Global Hospitals', '2.0 km'), ('R.V. College of Engineering', '1.8 km'), ('Global Village Tech Park', '2.0 km'), ('Orchids The International School Mysore Road', '2.0 km')]"
Nandhi Prakruthi Solitaire,"[('Hebbagodi Metro Station', '1.5 km'), ('JJ Hospitals', '1.5 km'), ('Vimalaya Hospital', '2.0 km'), ('Ebenezer International School', '1.8 km'), ('Infosys Office', '2.5 km')]"
Nandi,"[('Rajnandani Hospital Bangalore', '1.5 km'), ('Konanakunte Government Hospital', '2.0 km'), ('Florence Public School 4th Blk Anjanapura', '2.0 km'), ('Kammavari Sangha Institute of Technology', '2.5 km'), ('Mvs HPS Anjanapura', '2.0 km')]"
Nandi Citadel,"[('Nobel Hospital', '1.5 km'), ('Sri Sai Hospital', '2.0 km'), ('VIBGYOR High School', '1.8 km'), ('Royal Meenakshi Mall', '2.0 km'), ('Christ University', '2.5 km')]"
Nandi Everest Homes,"[('Rajnandani Hospital Bangalore', '1.5 km'), ('Konanakunte Government Hospital', '2.0 km'), ('Florence Public School 4th Blk Anjanapura', '2.0 km'), ('Kammavari Sangha Institute of Technology', '2.5 km'), ('Mvs HPS Anjanapura', '2.0 km')]"
Nandi Meraki,"[('Royal Meenakshi Mall', '3.2 km'), ('Fortis Bannerghatta', '7.0 km'), ('BGS National Public School', '3.7 km'), ('AMC Engineering College', '5.8 km'), ('Velankani Tech Park', '9.3 km')]"
Nandi Shelters,"[('Uttarahalli Bus Station', '1.5 km'), ('Samastha Hospitals', '2.0 km'), ('Government School', '1.8 km'), ('Sri Chaitanya Techno School', '2.5 km'), ('Quality Nursing Institute', '2.0 km')]"
Narayan Villa,"[('Ramani Orthopaedic Hospital', '1.5 km'), ('Anugraha Nursing Home', '2.0 km'), ('Vidya Mandir School', '1.8 km'), ('Malleswaram Railway Station', '2.0 km'), ('Mantri Square Mall', '2.5 km')]"
Narya 5 Elements,"[('Whitefield Global School', '2 km'), ('MVJ College of Engineering', '2 km'), ('Telerad RXDX Kadugodi', '2 km'), ('New Life Hospital Bangalore', '2 km'), ('Whitefield Metro Station', '2 km'), ('Channasandra Metro Station', '2 km')]"
Nature Residency,"[('Dr Ambedkar Medical College Hospital', '1.5 km'), ('Mona Nursery Primary and High School', '1.8 km'), ('Venkateshapura Metro Station', '2.0 km'), ('Elements Mall', '2.5 km'), ('Banaswadi Railway Station', '2.0 km')]"
Navami Akshai,"[('Vijayanagar Metro Station', '1.5 km'), ('Vathsalya Speciality Hospital', '2.0 km'), ('Chord Road Hospital Pvt Ltd', '2.0 km'), ('S Cadambi Pre University College', '1.8 km'), ('St Charles High School', '1.8 km')]"
Navami Chamara Heights,"[('Kengeri Metro Station', '1.5 km'), ('Rajarajeshwari Hospital and Medical College', '2.0 km'), ('KENGERI UPANAGARA Government Hospital', '2.0 km'), ('Government School', '1.8 km'), ('Kengeri Railway Station', '1.5 km')]"
Navami Funique,"[('Singasandra Metro Station', '1.5 km'), ('Blossom Multispecialty Hospital', '2.0 km'), ('St Joseph Eng Sch', '2.0 km'), ('Azim Premji University', '2.5 km'), ('Oxford School Beratena Agrahara', '2.0 km')]"
Navami Landmark,"[('K R Market Metro Station', '1.5 km'), ('Mantri Square Mall', '2.0 km'), ('Fort High School', '1.8 km'), ('Bengaluru City University', '2.0 km'), ('Sri Shankara Cancer Foundation', '2.0 km')]"
Navitha Silver Woods,"[('BGS Global Hospitals', '2.0 km'), ('SJB Institute of Technology', '1.8 km'), ('JSS Academy of Technical Education', '2.5 km'), ('Mathru Hospital', '2.0 km'), ('Global Village Tech Park', '3.0 km')]"
Neeladri Mahal,"[('Pottery Town Metro Station', '1.0 km'), ('Bangalore Cantonment Railway Station', '1.5 km'), ('Devine Hospital', '1.2 km'), ('Mount Carmel College', '2.0 km'), ('Elements Mall', '3.0 km'), ('HKBK Degree College', '2.5 km')]"
Neeladri Price,"[('Pattanagere Metro Station', '1.5 km'), ('BGS Global Hospitals', '2.0 km'), ('Sudhanva Health Care', '2.0 km'), ('R.V. College of Engineering', '1.8 km'), ('JSS Academy of Technical Education', '1.8 km')]"
Nestcons Iris,"[('Doddaballapur Main Road', '550 m'), ('Vibgyor High School', '4.5 km'), ('Omega Multispeciality Hospital', '4.7 km'), ('The Galleria Mall', '5.6 km'), ('Yelahanka Junction', '5.6 km'), ('Yelahanka Metro Station', '6.6 km'), ('Nagarjuna Pre University College', '3.0 km')]"
New Dimensions Fifth Element,"[('Vagdevi Vilas Super School', '2 km'), ('Government Hospital', '1.5 km'), ('Apollo Pharmacy', '1 km'), ('Varthur Main Road', '1 km'), ('Forum Neighbourhood Mall', '4 km'), ('Whitefield (Kadugodi) Metro Station', '5 km')]"
New Haven by Tata Value Homes,"[('Nagasandra Metro Station', '1.5 km'), ('Esteem Mall', '2.0 km'), ('DPS Bangalore West', '1.8 km'), ('Sapthagiri College of Engineering', '2.0 km'), ('Prakriya Hospitals', '2.0 km')]"
New India Tanzanite,"[('Omega Multispeciality Hospital', '2.0 km'), ('CyteCare Hospitals', '2.5 km'), ('Ryan International School', '2.0 km'), ('Yelahanka Junction', '3.0 km'), ('The Galleria Mall', '3.5 km'), ('Nitte Meenakshi Institute of Technology', '2.0 km'), ('B.M.S. Institute of Technology and Management', '2.0 km')]"
New Name,"[('LR International School', '2 km'), ('Government Primary School', '2 km'), ('Little Flower Hospital', '2 km'), ('Comfort Multispeciality Hospital', '2 km'), ('Old Madras Road', '1 km'), ('Gopalan Signature Mall', '2 km')]"
New One,"[('Jnana Bharathi Metro Station', '1.5 km'), ('Rc Hospital', '2.0 km'), ('Vasan Eye Care Hospital Rajarajeswari Nagar', '2.0 km'), ('Rajarajeshwari Vidya Shala', '1.8 km'), ('Carmel School Ground', '1.8 km')]"
Nikoo Homes,"[('CyteCare', '1.5 km'), ('NDR Multi Speciality Hospital', '2.0 km'), ('Sri Bhagawan Mahaveer Jain College', '1.8 km'), ('Yelahanka Junction', '2.5 km'), ('The Galleria Mall', '2.0 km')]"
Nirmaanika Advaita,"[('Bright Beginnings Preschool', '2 km'), ('Government Hospital', '2 km'), ('Varthur Main Road', '1 km'), ('Brookefield Mall', '2 km'), ('International Tech Park', '2 km')]"
Nirman Nydhile Residency,"[('Goraguntepalya Metro Station', '1.5 km'), ('People Tree Hospitals', '2.0 km'), ('Lourdes High School', '1.8 km'), ('Kanva Hospital', '2.0 km'), ('Peenya Metro Station', '2.5 km')]"
Nisarga Residency,"[('Hebbagodi Metro Station', '1.5 km'), ('JJ Hospitals', '1.5 km'), ('Vimalaya Hospital', '2.0 km'), ('Ebenezer International School', '1.8 km'), ('Infosys Office', '2.5 km')]"
Nisarga Sarovara Chandapura,"[('Bommasandra Metro Station', '1.5 km'), ('Naryana Hrudalya', '2.0 km'), ('BTL Institute of Technology', '1.8 km'), ('Heelalige Railway Station', '2.0 km'), ('Athreya Hospital', '2.0 km')]"
Nishchith Homes,"[('Bangalore Prime Hospital', '1.5 km'), ('Regal Hospital', '1.8 km'), ('Karnataka College', '1.0 km'), ('Thanisandra Railway Station', '2.0 km'), ('Bhartiya Mall of Bengaluru', '2.0 km'), ('Elements Mall', '2.5 km'), ('REVA University', '3.0 km')]"
Nitesh Central Park,"[('Delhi Junction Railway Station', '2.0 km'), ('Jain Bird Hospital', '1.5 km'), ('Shree Mahavir Jain Public Library', '1.8 km'), ('Chawri Bazaar Metro Station', '2.5 km'), ('Chandni Chowk Metro Station', '3.0 km')]"
Novie Classic,"[('St George High School', '2 km'), ('Chaitanya E-Techno School', '2 km'), ('Orchids The International School Horamavu', '2 km'), ('Koshys Hospital', '2 km'), ('Horamavu Main Road', '1 km'), ('Phoenix Marketcity', '3 km')]"
Oasis NE,"[('Samastha Hospitals Pvt Ltd', '2.0 km'), ('Bright Way School', '1.8 km'), ('Uttarahalli Bus Station', '1.5 km'), ('Insight Academy', '2.0 km')]"
Oceanus Greendale Phase 1,"[('Narayana e-Techno School', '2 km'), ('New Baldwins School', '2 km'), ('Ayur Vaid Hospital', '2 km'), ('Channasandra Railway Station', '2 km'), ('Outer Ring Road', '1 km'), ('Elements Mall', '3 km')]"
Ohana,"[('Blossom International School', '2 km'), ('Cambridge Institute of Technology', '3 km'), ('Sathya Sai Multispecialty Hospital', '2 km'), ('Malur Byranahalli Road', '1 km'), ('KR Puram Railway Station', '2 km'), ('NH75', '1 km')]"
Olety Landmark,"[('Punya Hospital', '2.0 km'), ('Anupama English School', '1.8 km'), ('VHBCS Layout Bus Stop', '1.5 km'), ('Pristine Hospital', '2.0 km'), ('St Charles High School', '2.0 km')]"
Omkar Blossom,"[('Bangalore Prime Hospital', '1.5 km'), ('Medi Derma Hospital', '1.8 km'), ('Teresa Bacq School', '1.0 km'), ('Thanisandra Railway Station', '2.0 km'), ('Bhartiya Mall of Bengaluru', '2.0 km'), ('Elements Mall', '2.5 km'), ('Samar International Islamic School', '1.0 km')]"
On Request,"[('Apple Kids', '2 km'), ('MVJ College of Engineering', '2 km'), ('Narayana Multispeciality Hospital', '2 km'), ('Whitefield Metro Station', '2 km'), ('Whitefield Railway Station', '2 km'), ('International Tech Park', '2 km')]"
Orchid Greens,"[('REGAL Kidney and Multi Specialty', '1.5 km'), ('Divine Mercy School', '2.0 km'), ('Bhartiya Mall of Bengaluru', '2.5 km'), ('Hennur Road', '1.5 km'), ('Elements Mall', '2.0 km')]"
Orchid Piccadilly,"[('REGAL Kidney and Multi Specialty', '1.5 km'), ('Manipal Hospitals', '1.8 km'), ('Federal Public School', '1.0 km'), ('Yelahanka Junction', '2.0 km'), ('Bhartiya Mall of Bengaluru', '1.0 km'), ('Elements Mall', '2.5 km'), ('KNS Institute of Technology', '1.5 km')]"
Oriana Apartment,"[('St. Thomas Public School', '2 km'), ('Kakde Nursing Home', '2 km'), ('Outer Ring Road', '1 km'), ('Gopalan Signature Mall', '3 km'), ('Sri Ravishankar Vidya Mandir', '2 km'), ('KR Puram Metro Station', '4 km')]"
Ozone Evergreens,"[('Raksha Orthopaedic And Multi Speciality Centre', '2.0 km'), ('Vibgyor', '1.8 km'), ('HSR Layout Bus Stop', '1.5 km'), ('National Institute of Fashion Technology Bangalore', '2.0 km'), ('Floretz Montessori', '2.0 km')]"
Ozone Urbana,"[('NRV Hospital', '2.0 km'), ('Kannamangala Primary School', '1.5 km'), ('Devanahalli Railway Station', '5.0 km'), ('The Arcade', '6.4 km'), ('Akash Hospital', '6.6 km'), ('Bengaluru Signature Business Park', '9.7 km')]"
Ozone Urbana Aqua,"[('Mother Theresa Hospital', '1.5 km'), ('Bright Eyes Public School', '2.0 km'), ('Govt High School', '2.5 km'), ('Easyday Club', '1.8 km'), ('Skanda Hotel', '2.0 km')]"
Ozone Urbana Belvedere,"[('Sri Shirdi Sai Hospital', '1.5 km'), ('Devanahalli Railway Station', '2.0 km'), ('Govt High School', '2.5 km'), ('Nandi Upahara', '1.8 km'), ('The Arcade', '6.0 km'), ('Bengaluru Signature Business Park', '9.0 km')]"
PSR Heritage,"[('Ashirwad Hospital', '1.5 km'), ('Synergy Health Care', '1.8 km'), ('Sukrupa School', '1.0 km'), ('RT Nagar Bus Depot', '1.5 km'), ('Elements Mall', '3.0 km'), ('Hebbal Railway Station', '2.5 km'), ('Yeshwantpur Junction', '3.5 km')]"
PSR Nandanam,"[('New Manasa Hospital', '2.0 km'), ('Gitam University', '2.5 km'), ('Yelahanka Junction', '2.0 km'), ('Akash International School', '2.0 km'), ('NH 44', '1.5 km')]"
Palms Groves,"[('Bommasandra Metro Station', '1.5 km'), ('Naryana Hrudalya', '2.0 km'), ('BTL Institute of Technology', '1.8 km'), ('Heelalige Railway Station', '2.0 km'), ('Athreya Hospital', '2.0 km')]"
Paradise at Brigade Cornerstone Utopia,"[('Chrysalis High Varthur', '2 km'), ('Lady Vailankanni Group Of Institutions', '2 km'), ('Varthur Government Hospital', '2 km'), ('Sahasra Hospital', '2 km'), ('Varthuru Bus Stop', '1 km'), ('SH 35', '1 km')]"
Paranjape Wind Fields,"[('Columbia Asia Hospital', '1.5 km'), ('Hebbal Medical Center', '1.8 km'), ('Kriya Preschool', '1.0 km'), ('Elements Mall', '2.5 km'), ('Yeshwantpur Junction', '3.0 km'), ('Manyata Tech Park', '3.0 km')]"
Paras Mane,"[('Pattanagere Metro Station', '1.5 km'), ('MEDSOL Hospital', '2.0 km'), ('Shreya Hospital Bengaluru Rural', '2.0 km'), ('R.V. College of Engineering', '1.8 km'), ('Gnana Bodhini Primary School', '1.8 km')]"
Parijnan Apartments,"[('Suguna Hospital', '1.5 km'), ('Altius Hospital', '1.8 km'), ('Government Pre University College', '1.0 km'), ('Mantri Square Sampige Road Metro Station', '2.0 km'), ('Mantri Square Mall', '2.5 km'), ('Yeshwantpur Junction', '3.0 km'), ('Aptean India', '2.0 km')]"
Pariwar Passion,"[('Vijayashree Hospitals', '2.0 km'), ('T John Institute of Technology', '1.8 km'), ('Yelenahalli Bus Stop', '1.5 km'), ('St Anns School Begur', '2.0 km'), ('Government Primary School Yelenahalli', '2.0 km')]"
Park West Maple 2,"[('Magadi Road Metro Station', '1.5 km'), ('Balaji Hospital K.H. Ranganath Colony', '2.0 km'), ('Chamarajpet Government Hospital', '2.0 km'), ('Jawahar School', '1.8 km'), ('Godwin English School', '1.8 km')]"
Parkway Homes,"[('Anugrahaa Hospital', '1.5 km'), ('Oxford Hospital', '2.0 km'), ('Springleaf Hospital', '2.0 km'), ('St Gasper School', '1.8 km'), ('Hosa Road Metro Station', '2.0 km')]"
Passion Elite 2,"[('Sri Laxmi Hospital', '1.5 km'), ('Good Health Pharma', '0.8 km'), ('Sacretis School', '1.8 km'), ('Thalassery Restaurant', '1.2 km'), ('Devi Temple', '1.0 km')]"
Patel Smondo 2,"[('Bhumika Hospital', '2.0 km'), ('E-City Family Dental Centre', '1.8 km'), ('Wipro EC Bus Stand', '1.5 km'), ('Atotech India', '2.5 km')]"
Patel Smondoville,"[('Bhumika Hospital', '2.0 km'), ('Bommasandra Metro Station', '1.5 km'), ('Ebenezer International School', '1.8 km'), ('Wipro', '2.5 km'), ('Infosys Office', '2.5 km')]"
Patels Nest,"[('Hebbal Medical Center', '1.5 km'), ('Icon Hospital', '1.8 km'), ('Kriya Preschool', '1.0 km'), ('Elements Mall', '2.5 km'), ('Yeshwantpur Junction', '3.0 km'), ('Manyata Tech Park', '3.0 km')]"
Patil Builder,"[('Soukya Hospital', '1.5 km'), ('Bangalore Healthcare Centre', '2.0 km'), ('Little Lillys School', '1.8 km'), ('Vidyaranyapura Bus Stand', '2.0 km'), ('Air Force School', '2.0 km')]"
Pavani Mirabilia,"[('Whitefield-Hoskote Road', '6 m'), ('Brigade Horizon Mall', '1.1 km'), ('Chrysalis High Kadugodi', '2 km'), ('Whitefield Railway Station', '2.5 km'), ('Whitefield (Kadugodi) Metro Station', '2.9 km'), ('ITPL', '4 km')]"
Payal Palace,"[('Magadi Road Metro Station', '1.5 km'), ('Matru Nursing Home And Trauma Care Centre', '2.0 km'), ('Vathsalya Speciality Hospital', '2.0 km'), ('S Cadambi Pre University College', '1.8 km'), ('St Charles High School', '1.8 km')]"
Peace Sapphire,"[('Attiguppe Metro Station', '1.5 km'), ('GT World Mall', '2.0 km'), ('Government High School PU College', '1.8 km'), ('Bhagwan Mahaveer Jain Hospital', '2.0 km'), ('Bengaluru University', '2.0 km')]"
Pebble Bay,"[('RMV Hospital', '1.5 km'), ('Shirdi Sai Hospital', '2.0 km'), ('Vyasa International School', '1.8 km'), ('Lotte Gollahalli Railway Station', '2.5 km'), ('Brindavan College', '2.0 km')]"
Peepal Floret,"[('Vibgyor High Marathahalli', '2 km'), ('Yashomathi Hospitals', '2 km'), ('Kundalahalli Metro Station', '2 km'), ('Brookefield Mall', '2 km'), ('International Tech Park', '2 km'), ('Varthur Main Road', '1 km')]"
Periyar Nagar,"[('Dr. Ambedkar Medical College Hospital', '1.5 km'), ('Mona Nursery Primary and High School', '1.0 km'), ('Hebbal Railway Station', '2.0 km'), ('Elements Mall', '2.5 km'), ('Pushpanjili Theatre', '1.5 km'), ('Kammanahalli Main Road', '2.0 km'), ('Marian Kids', '1.0 km')]"
Perody Classic,"[('Narayana Hrudayalaya Dental Clinic', '2.0 km'), ('Orchid English School', '1.8 km'), ('Rajashri Grandhim Hospitals', '2.0 km'), ('Little Millenium', '2.5 km')]"
Phoenix Kessaku,"[('NU Hospitals West', '2.0 km'), ('East West Public School', '1.8 km'), ('Malleswaram Station', '1.5 km'), ('Vivekananda Degree College', '2.0 km'), ('The Brigade School', '2.0 km')]"
Phoenix One Bangalore West,"[('Ananya Hospital', '2.0 km'), ('East West Public School', '1.8 km'), ('Mahalakshmi Metro Station', '1.5 km'), ('KLE Society S Nijalingappa College', '2.0 km'), ('Orion Mall', '2.5 km')]"
Pioneer Planet,"[('Pattanagere Metro Station', '1.5 km'), ('MEDSOL Hospital', '2.0 km'), ('Shreya Hospital Bengaluru Rural', '2.0 km'), ('R.V. College of Engineering', '1.8 km'), ('Bangalore University', '2.0 km')]"
Pioneer Sunblossom,"[('Srujana Hospital', '2.0 km'), ('Euro Kids', '1.8 km'), ('Wipro EC Bus Stand', '1.5 km'), ('E-City Family Dental Centre', '1.8 km')]"
Plata Exotica,"[('MEDSOL Hospital', '2.0 km'), ('R.V. College of Engineering', '1.8 km'), ('Pattanagere Metro Station', '1.5 km'), ('Global Village Tech Park', '2.0 km'), ('SJB Institute of Technology', '2.0 km')]"
Platinum East Woods,"[('Jain Heritage School', '0.05 km'), ('MVJ College of Engineering', '7.1 km'), ('Vydehi Hospital', '10 km'), ('Whitefield Metro Station', '3.5 km'), ('KR Puram Railway Station', '16.4 km'), ('Orion Uptown Mall', '4.6 km'), ('Brigade Signature Towers', '3.1 km')]"
Platinum East Woods Whitefield,"[('Jain Heritage School', '50 m'), ('Vydehi Hospital', '10 km'), ('MVJ College of Engineering', '7.1 km'), ('Orion Uptown Mall', '4.6 km'), ('Whitefield Metro Station', '3.5 km'), ('KR Puram Railway Station', '16.4 km'), ('Brigade Signature Towers', '3.1 km')]"
Platinum Picasso,"[('J M J Hospital', '1.5 km'), ('Sri Sai Hospital Bengaluru Urban', '1.8 km'), ('VBR PU College', '1.0 km'), ('Nagawara Metro Station', '2.0 km'), ('Elements Mall', '2.5 km'), ('Manyata Tech Park', '2.0 km')]"
Pooja Mandir Apartment,"[('Baiyappanahalli Metro Station', '1.5 km'), ('St. Josephs Indian Composite PU College', '1.8 km')]"
Pooja Nakshatra Apartment,"[('Nagaratna Clinic', '2.0 km'), ('Bright Way School', '1.8 km'), ('Uttarahalli Bus Station', '1.5 km'), ('Bangalore International Public School', '2.0 km'), ('G.r. Correspondence College', '2.0 km')]"
Poornaprajna Housing Society,"[('Venkateshwara Clinic', '1.0 km'), ('Medplus', '0.5 km'), ('Bangalore International Public School', '1.5 km'), ('South Grand', '1.2 km'), ('Veeranjeneya Temple', '1.0 km')]"
Poorvi Enchanting,"[('Harvest International School', '2.8 km'), ('Kshema Hospital', '5.8 km'), ('Karmelaram Railway Station', '4.4 km'), ('Oul Space Spirit Centro Mall', '7.1 km'), ('Dayananda Sagar University', '8.5 km')]"
Prabhavathi Comforts,"[('Jayashree Multi Specilaity Hospital', '1.5 km'), ('Kudlu Gate Metro Station', '1.5 km'), ('St Francis ICSE School', '2.0 km'), ('Vinayaka Health Care and Maternity Home', '2.0 km'), ('Royal Meenakshi Mall', '3.0 km')]"
Prabhavathi Divine,"[('Jayashree Multi Speciality Hospital', '2.0 km'), ('St Anns School Begur', '1.8 km'), ('Yelenahalli Bus Stop', '1.5 km'), ('St Pauls School Begur', '2.0 km'), ('Government Primary School Yelenahalli', '2.0 km')]"
Prabhavathi Paramount,"[('Hebbagodi Metro Station', '1.5 km'), ('Vimalaya Hospital', '2.0 km'), ('Ebenezer International School', '2.5 km'), ('Infosys Office', '2.5 km'), ('Springleaf Hospital', '2.0 km')]"
Prabhavathi Residency 1,"[('Yelenahalli Bus Stop', '1.5 km'), ('Jayashree Multi Speciality Hospital', '2.0 km'), ('St Anns School Begur', '1.8 km'), ('St Pauls School Begur', '2.0 km'), ('St Francis ICSE School', '2.5 km')]"
Prabhavathi Ridge,"[('Jayashree Multi Speciality Hospital', '2.0 km'), ('St Anns School Begur', '1.8 km'), ('Yelenahalli Bus Stop', '1.5 km'), ('St Pauls School Begur', '2.0 km'), ('Government Primary School Yelenahalli', '2.0 km')]"
Prabhavathi Square,"[('Kudlu Gate Metro Station', '1.5 km'), ('Vinayaka Specialty Hospital', '2.0 km'), ('Oxford HPS Hongasandra', '1.8 km'), ('The Oxford Dental College', '2.5 km'), ('St Francis ICSE School', '2.0 km')]"
Pradyuthi Residency,"[('Vathsalya Speciality Hospital', '2.0 km'), ('S Cadambi Pre University College', '1.8 km'), ('Basaveshwara Nagar Bus Stop', '1.5 km'), ('Ashok Hospital', '2.0 km'), ('Punya Hospital Bengaluru Urban', '2.0 km')]"
Prakruthi,"[('Yenepoya Hospital', '1.5 km'), ('Indiana Hospital', '2.0 km'), ('St Theresa Convent School', '1.8 km'), ('Mangalore Railway Station', '2.5 km'), ('College Of Fisheries', '2.0 km')]"
Prakruthi Aria,"[('Rajnandani Hospital Bangalore', '2.0 km'), ('Rays Academy For Learning', '1.8 km'), ('Uttarahalli Bus Station', '1.5 km'), ('Metro Hospital', '2.0 km'), ('Insight Academy', '2.0 km')]"
Prakruthi Chandana,"[('Amrutha Hospital', '1.5 km'), ('North Side Hospital and Diagnostic Centre', '1.8 km'), ('Cauvery School', '1.0 km'), ('Yelahanka Junction', '3.0 km'), ('The Galleria Mall', '3.5 km'), ('Elements Mall', '2.5 km')]"
Prakruthi Elite,"[('BGS Global Hospitals', '2.0 km'), ('JSS Academy of Technical Education', '1.8 km'), ('Global Village Tech Park', '1.5 km'), ('Unity Hospital Bengaluru Urban', '2.0 km'), ('RV College of Architektur', '2.0 km')]"
Prakruthi Marquis,"[('Devagiri Hospital', '2.0 km'), ('BNM Institute of Technology', '1.8 km'), ('Banashankari Bus Stop', '1.5 km'), ('Saraswathi Hospital Bengaluru Urban', '2.0 km'), ('MVJ PU College', '2.0 km')]"
Prakruthi Providence Crest,"[('University of Agricultural Sciences', '2.0 km'), ('Orchids The International School Vivekananda', '1.5 km'), ('The Galleria Mall', '3.5 km'), ('Kodigehalli Railway Station', '2.0 km'), ('Yelahanka Junction', '3.0 km'), ('Cauvery School', '1.5 km')]"
Prakruthi Reflection,"[('Balaji Hospital and Gastroenterology Center', '2.0 km'), ('SSM Primary School', '1.8 km'), ('NR Colony Bus Stop', '1.5 km'), ('Karthik Nethralaya', '2.0 km'), ('B.M.S. College of Engineering', '2.0 km')]"
Pravara Elegance,"[('Nagarbhavi Circle Bus Stop', '1.5 km'), ('Panacea Hospital Nagarabhavi', '2.0 km'), ('Chandana Hospital', '2.0 km'), ('Dr. Ambedkar Institute of Technology', '1.8 km'), ('National Law School of India University', '2.0 km')]"
Premium,"[('Manjunatha Maternity Home', '1.5 km'), ('Shaker Nursing Home', '2.0 km'), ('Vidya Mandir School', '1.8 km'), ('Malleswaram Railway Station', '2.0 km'), ('Mantri Square Mall', '2.5 km')]"
Prestige Aspen Greens,"[('Oakridge International School', '2 km'), ('Azim Premji University', '2 km'), ('Spandana Heart Super Speciality Hospital', '2 km'), ('Sarjapur-Marathahalli Road', '1 km'), ('Forum The Prestige City', '2 km'), ('Hosa Road Metro Station', '3 km'), ('Champions Square Business Center', '2 km')]"
Prestige Aston Park,"[('Oakridge International School', '2 km'), ('Krupanidhi College', '2 km'), ('Sri Lakshmi Multi Speciality Hospital', '2 km'), ('SH 35', '1 km'), ('Karmelaram Railway Station', '3 km'), ('D Mart', '3 km'), ('Global Technology Park', '2 km')]"
Prestige Bagamane Temple Bells,"[('Mysore Road Metro Station', '1.5 km'), ('BGS Global Hospitals', '2.0 km'), ('Unity Hospital Bengaluru Urban', '2.0 km'), ('RNS Institute of Technology', '1.8 km'), ('JSS Academy of Technical Education', '1.8 km')]"
Prestige Elm Park,"[('Whitefield Global School', '650 m'), ('MVJ College of Engineering', '1 km'), ('Vasta Hospital', '2.4 km'), ('Hopefarm Channasandra Metro Station', '1.6 km'), ('Whitefield Railway Station', '2.7 km'), ('Park Square Mall', '3 km'), ('GR Tech Park', '2.1 km')]"
Prestige Fairfield,"[('Ramaiah Memorial Hospital', '1.5 km'), ('Vyasa International School', '2.0 km'), ('Yeshwantpur Metro Station', '2.5 km'), ('Esteem Mall', '2.0 km'), ('IISC Bangalore', '2.5 km')]"
Prestige Falcon City,"[('Cura Hospitals', '1.7 km'), ('RMS International School', '1.1 km'), ('Doddakallasandra Metro Station', '1.7 km'), ('Forum Mall', '1.0 km'), ('Dayananda Sagar University', '4.6 km')]"
Prestige Ferns Residency,"[('Happy Land Hypermarket', '1 km'), ('Fun Kitchen Restaurant', '1 km'), ('Mak Speciality Health Centre', '1 km'), ('Government Lower Primary School', '1 km'), ('NH44', '2 km'), ('Spandana Hospital', '3 km'), ('Market Square Mall Sarjapur Road', '4 km')]"
Prestige Garden Bay,"[('Akshaya Nursing Home', '1.5 km'), ('Omega Multispeciality Hospital', '2.0 km'), ('N4 Srishti Institute of Art Design', '1.0 km'), ('Poorna Prajna Education Center', '1.5 km'), ('Yelahanka Junction', '2.0 km'), ('The Galleria Mall', '2.0 km')]"
Prestige Glenbrook,"[('Vydehi School of Excellence', '2.5 km'), ('Gopalan Pre University College', '4.5 km'), ('Manipal Hospital', '3.2 km'), ('SH 648', '2 km'), ('Ascendas Park Square Mall', '3.5 km'), ('Whitefield Metro Station', '2 km'), ('International Tech Park', '2 km')]"
Prestige Green Gables,"[('New Horizon College of Engineering', '2 km'), ('Government Higher Primary School', '2 km'), ('Kadubeesanahalli Metro Station', '2 km'), ('Virginia Mall', '2 km'), ('Aurbis Business Parks', '2 km')]"
Prestige Ivy Terraces,"[('Orchids The International School Panathur', '2 km'), ('New Horizon College of Engineering', '2 km'), ('Sakra World Hospital', '2 km'), ('Panathur Main Road', '1 km'), ('Bellandur Metro Station', '3 km'), ('Ecospace Business Park', '2 km')]"
Prestige Jade Pavilion,"[('Gear Innovative International School', '2 km'), ('New Horizon Gurukul', '2 km'), ('Embassy TechVillage', '2 km'), ('Bellandur Road', '1 km'), ('Soul Space Spirit Central Mall', '2 km'), ('Hosa Road Metro Station', '3 km')]"
Prestige Jindal City,"[('Nagasandra Metro Station', '1.5 km'), ('Vijayashri Public School', '1.8 km'), ('Jindal Nature Cure Institute', '2.0 km')]"
Prestige Lake Ridge,"[('Sagar Hospitals', '1.8 km'), ('Sadhana PU & Degree College', '2.0 km'), ('Brooklyn National Public School', '2.5 km')]"
Prestige Lakeside Habitat,"[('SH 35', '200 m'), ('Sahasra Hospital', '600 m'), ('Central Mall', '1.9 km'), ('Oakridge International School', '5.3 km'), ('Carmel Convent School', '1 km'), ('Beratena Agrahara Metro Station (upcoming)', '5 km'), ('Manipal Hospital Sarjapur Road', '6 km')]"
Prestige Lavender Fields,"[('KK English High School', '600 m'), ('Krupanidhi Residential PU College', '3.8 km'), ('Sahasra Hospitals', '700 m'), ('Whitefield Metro Station', '8.1 km'), ('Whitefield Railway Station', '8.2 km'), ('Virginia Mall', '3.8 km'), ('GR Tech Park', '7.6 km')]"
Prestige Leela Residences,"[('National Public School', '1.7 km'), ('Bengaluru City University', '8.7 km'), ('Manipal Hospital', '550 m'), ('Swami Vivekananda Road Metro Station', '3.3 km'), ('Old Madras Road', '3.8 km'), ('Gopalan Signature Mall', '7.3 km'), ('Vasants Business Park', '8 km')]"
Prestige Misty Waters,"[('Ehaa Hospital', '1.5 km'), ('Bangalore International School', '2.0 km'), ('Yeshwanthpur Junction', '2.5 km'), ('Esteem Mall', '2.0 km'), ('Manyata Tech Park', '3.0 km'), ('Elements Mall', '2.5 km'), ('Rajiv Gandhi Institute of Technology', '2.0 km')]"
Prestige Misty Waters Vista Tower,"[('The Galleria Mall', '2.0 km'), ('Ehaa Hospital', '2.0 km'), ('CMR University', '2.5 km'), ('Yelahanka Junction', '2.0 km'), ('Al Burooj International School', '3.0 km')]"
Prestige Monte Carlo,"[('Omega Multispeciality Hospital', '2.0 km'), ('Akshaya Nursing Home Yelahanka', '1.5 km'), ('N4 Srishti Institute of Art Design & Technology', '1.0 km'), ('Yelahanka Junction', '2.0 km'), ('The Galleria Mall', '3.0 km'), ('Ryan International School', '2.5 km'), ('B.M.S. Institute of Technology and Management', '2.0 km')]"
Prestige North Point,"[('Sathya Hospital', '1.5 km'), ('Zion Hospital and Research Centre', '1.8 km'), ('Orchid Academy', '1.0 km'), ('Banaswadi Railway Station', '2.5 km'), ('Elements Mall', '3.0 km'), ('Kammanahalli Main Road', '1.0 km'), ('East Point College', '2.0 km')]"
Prestige Nottingham Hill,"[('Apollo Hospitals', '2.0 km'), ('BGS National Public School', '1.8 km'), ('Royal Meenakshi Mall', '2.0 km'), ('Christ University', '2.5 km'), ('Bannerghatta Main Road', '0.5 km')]"
Prestige Palms,"[('Delhi Public School', '2 km'), ('St. Thomas School', '2 km'), ('Bhagwan Mahavir Jain Health Center', '2 km'), ('Kadugodi Industrial Area Metro Station', '2 km'), ('International Tech Park', '2 km'), ('Forum Value Mall', '3 km')]"
Prestige Park Grove,"[('Valistus International School', '1.6 km'), ('Whitefield Railway Station', '2.8 km'), ('Whitefield (Kadugodi) Metro Station', '3.5 km'), ('Umadhura Capitol Towers', '5 km'), ('Park Square Mall', '6.2 km'), ('EA College of Science Commerce and Arts', '7.7 km'), ('Manipal Hospital Whitefield', '8.2 km')]"
Prestige Park Square,"[('Sherwood High School', '0.17 km'), ('Vijayashree Hospitals', '1.4 km'), ('Podar International School', '1.2 km'), ('St. John College', '1.3 km'), ('Begur Fort', '7.0 km')]"
Prestige Primrose Hills,"[('Samastha Hospital', '2.0 km'), ('The Valley School', '2.5 km'), ('Thalaghattapura Metro Station', '2.0 km'), ('K S School of Engineering', '3.0 km'), ('KSIT', '3.0 km')]"
Prestige Raintree Park,"[('Glentree Academy', '5.7 km'), ('Ryan International School', '7.9 km'), ('MVJ College of Engineering', '7 km'), ('Vydehi Institute of Medical Sciences', '7.7 km'), ('Manipal Hospital', '9.2 km'), ('Nexus Whitefield Mall', '3.7 km'), ('Sigma Tech Park', '2.9 km')]"
Prestige Serenity Shores,"[('Chrysalis High Varthur', '700 m'), ('Krupanidhi Degree College', '3.8 km'), ('Sahasra Hospitals', '1.2 km'), ('Bellandur Road Railway Station', '5.6 km'), ('Kundalahalli Metro Station', '9.3 km'), ('Brookefield Mall', '8.3 km'), ('SH 35', '650 m')]"
Prestige Shantiniketan,"[('Forum Shantiniketan Mall', '2 km'), ('Park Square Mall', '3 km'), ('Sri Sathya Sai Super Speciality Hospital', '2 km'), ('Hoodi Bus Stop', '1 km'), ('Hoodi Halt Railway Station', '2 km')]"
Prestige Shantiniketan The Business Precinct,"[('Hoodi Primary School', '2 km'), ('Cloud Nine Hospital', '2 km'), ('Narayana Multispeciality Hospital', '2 km'), ('Pattandur Agrahara Metro Station', '2 km'), ('Hoodi Railway Station', '2 km'), ('International Tech Park', '2 km'), ('Forum Value Mall', '2 km')]"
Prestige Silver Oak,"[('New Baldwins School', '2 km'), ('Chaya Super Speciality Hospital', '2 km'), ('Motherhood Women & Children Hospital', '2 km'), ('Channasandra Railway Station', '2 km'), ('Orion East Mall', '2 km'), ('Kalyan Nagar Main Road', '1 km')]"
Prestige Somerville,"[('Sigma Tech Park', '900 m'), ('Manipal Hospital', '1.1 km'), ('Whitefield (Kadugodi) Metro Station', '1.7 km'), ('Techno School', '3.3 km'), ('Kadugodi Tree Park Metro Station', '4.7 km'), ('MVJ College of Engineering', '5.1 km'), ('Nexus Shantiniketan Mall', '3 km')]"
Prestige Song of the South,"[('Bommanahalli Metro Station', '2.5 km'), ('Vijayashree Hospitals', '1.8 km'), ('Vibgyor High School', '2.0 km'), ('Christ University', '2.5 km')]"
Prestige Sunnyside Oak,"[('New Akshay Mallya Hospital', '2 km'), ('MGA Hospital', '2 km'), ('Outer Ring Road', '1 km'), ('Brand Factory', '2 km'), ('Bagmane Tech Park', '3 km')]"
Prestige Temple Bells,"[('Yelachenahalli Metro Station', '1.5 km'), ('Unity Hospital Bengaluru Urban', '2.0 km'), ('Sri Venkateshwara Nethralaya', '2.0 km'), ('Global Academy of Technology', '1.8 km')]"
Prestige Tranquility,"[('Orion Uptown Mall', '2 km'), ('Bommenahalli Village Govt School', '2 km'), ('JK International Academy', '2 km'), ('East Point Hospital', '3 km'), ('Shri Ram Global School', '3 km'), ('NH75', '1 km')]"
Prestige Waterford,"[('ITPL Metro Station', '1.3 km'), ('Prajval Vidyanikethan School', '2.6 km'), ('Whitefield Road', '2.5 km'), ('Vasantha Hospital', '3 km'), ('Nexus Shantiniketan Mall', '3.6 km'), ('Whitefield Railway Station', '8.3 km'), ('Manipal Hospital Whitefield', '4 km')]"
Prestige West Woods,"[('Magadi Road Metro Station', '1.5 km'), ('S.S.G. Hospital', '2.0 km'), ('Anupama Hospital', '2.0 km'), ('East West Institue of Technology', '2.0 km'), ('Government School', '1.8 km')]"
Prestige White Meadows,"[('St. Joseph’s Convent School', '2 km'), ('MVJ College of Engineering', '2 km'), ('Sai Baba Hospital', '2 km'), ('Whitefield Railway Station', '2 km'), ('Whitefield Main Road', '1 km'), ('The Forum Neighbourhood Mall', '2 km'), ('International Tech Park', '2 km')]"
Pride Altius,"[('Prakriya Hospitals', '2.0 km'), ('Phoenix Convent High School', '1.8 km'), ('Nagasandra Metro Station', '1.5 km'), ('Triveni Degree Evening College', '2.0 km'), ('Vaishnavi Sapphire Centre', '2.0 km')]"
Pride Euphoria,"[('Amara Jyothi School', '2.1 km'), ('Garden City University', '3.3 km'), ('Hope Hospital', '2.8 km'), ('Hoodi Halt Railway Station', '4.1 km'), ('Old Madras Road', '3.1 km'), ('Phoenix Marketcity', '6.2 km'), ('International Tech Park Bangalore', '7.3 km')]"
Pride Pegasus,"[('Avita Hospital', '1.5 km'), ('Kristu Jayanti College', '1.0 km'), ('Bhartiya Mall of Bengaluru', '1.0 km'), ('New Horizon International School', '1.5 km'), ('Yelahanka Junction', '3.0 km'), ('Elements Mall', '2.5 km'), ('Thanisandra Main Road', '1.0 km')]"
Pride Pristine,"[('Hebbagodi Metro Station', '2.0 km'), ('JJ Hospitals', '1.8 km'), ('Apollo Pharmacy', '0.8 km'), ('Ebenezer International School', '1.8 km'), ('Ritz Electronic City', '1.2 km')]"
Pride Sunrise,"[('Y K Hospital', '1.8 km'), ('Udupi Hotel', '1.2 km')]"
PrideLN Altius,"[('Prakriya Hospitals', '2.0 km'), ('Phoenix Convent High School', '1.8 km'), ('Nagasandra Metro Station', '1.5 km'), ('Triveni Degree Evening College', '2.0 km'), ('Vaishnavi Sapphire Centre', '2.0 km')]"
Prime Blue Forest,"[('Gopalan International School', '2 km'), ('Cloud Nine Hospital', '2 km'), ('Hoodi Junction Metro Station', '2 km'), ('Hoodi Railway Station', '2 km'), ('International Tech Park', '2 km')]"
Prime Nest,"[('Jayashree Multi Specilaity Hospital', '1.5 km'), ('St Anns School Begur', '1.8 km'), ('Yelenahalli Bus Stop', '1.5 km'), ('Shri Sharada Vidyanikethana Arkere', '2.0 km'), ('Royal Meenakshi Mall', '3.0 km')]"
Pristine Temple Tree,"[('Kengeri Metro Station', '1.5 km'), ('BGS Global Hospitals', '2.0 km'), ('R.V. College of Engineering', '1.8 km'), ('Global Village Tech Park', '2.0 km'), ('Orchids The International School Mysore Road', '2.0 km')]"
Priyanka Niwas,"[('Venus MultiSpeciality Hospital', '2 km'), ('VHC International', '2 km'), ('Marathahalli Main Road', '1 km'), ('Vibgyor High Marathahalli', '2 km'), ('Kundalahalli Metro Station', '2 km')]"
Prospect Silverton Apartments,"[('Jayashree Multi Speciality Hospital', '2.0 km'), ('Jnanajyothi Eng School', '1.8 km'), ('Singasandra Metro Station', '1.5 km'), ('Government Primary Healthcare Center Begur', '2.0 km'), ('Priyadarshini School', '2.0 km')]"
Provident Capella,"[('Soukya Road', '1.4 km'), ('Bangalore International Academy', '1.5 km'), ('MVJ College of Engineering', '5.9 km'), ('Shri Ram Global School', '6.8 km'), ('New Life Hospital', '7.1 km'), ('Forum Shantiniketan Mall', '9.7 km'), ('Whitefield (Kadugodi) Metro Station', '8 km')]"
Provident Ecopolitan,"[('Omega Multispeciality Hospital', '2.0 km'), ('Jawahar Navodaya Vidyalaya', '2.5 km'), ('CMR University Lakeside Campus', '3.0 km'), ('Bhartiya Mall of Bengaluru', '3.5 km'), ('Dodjala H Railway Station', '4.0 km'), ('SH104', '1.5 km'), ('Ecopolis IT/ITES SEZ', '4.5 km')]"
Provident Harmony,"[('Regal Hospital', '1.5 km'), ('Dhanavantri Hospital', '2.0 km'), ('Karnataka College', '1.8 km'), ('Tanisandra Railway Station', '2.0 km'), ('Bhartiya Mall of Bengaluru', '2.5 km')]"
Provident Park Square,"[('Yashasvi International School', '1.1 km'), ('Thalagattapura Metro Station', '1.5 km'), ('Jnana Sweekar Public School', '1.6 km'), ('Mathru Hospital', '3.2 km'), ('Ritu Hospital', '3.9 km'), ('JR Hive Mall', '4.0 km')]"
Provident Rays of Dawn,"[('Rajarajeshwari Hospital', '1.8 km'), ('IBS Business School', '2.0 km'), ('Muneshwara Temple', '1.0 km')]"
Provident Sunworth,"[('Rajarajeshwari Hospital', '2.0 km'), ('BGS Public School', '1.8 km'), ('SJB Institute of Technology', '2.5 km'), ('JSS Academy of Technical Education', '3.0 km'), ('Global Village Tech Park', '3.5 km')]"
Provident Sunworth Bangalore,"[('Rc Hospital', '1.5 km'), ('Rajarajeshwari Vidya Shala', '2.0 km'), ('Global Academy of Technology', '2.0 km'), ('Kengeri Metro Station', '3.0 km'), ('Vasan Eye Care Hospital Rajarajeswari Nagar', '2.0 km')]"
Provident Sunworth City,"[('Kengeri Metro Station', '1.5 km'), ('Hruthvi International School', '1.8 km'), ('RV College of Engineering', '2.0 km'), ('Rajarajeshwari Hospital', '2.0 km'), ('Global Village Tech Park', '2.0 km')]"
Provident Toogoodhomes,"[('Regal Hospital', '1.5 km'), ('Greenfield Public School', '1.0 km'), ('Bhartiya Mall of Bengaluru', '2.0 km'), ('Yelahanka Junction', '3.0 km'), ('Elements Mall', '2.5 km'), ('KNS Institute of Technology', '1.5 km'), ('Manyata Tech Park', '3.0 km')]"
Prudent One,"[('Medi Derma Hospital', '1.5 km'), ('Bangalore Prime Hospital', '1.8 km'), ('Teresa Bacq School', '1.0 km'), ('Tanisandra Railway Station', '2.0 km'), ('Bhartiya Mall of Bengaluru', '2.0 km'), ('Elements Mall', '2.5 km'), ('REVA University', '3.0 km')]"
Puja Nakshatra,"[('St Marthas Hospital', '2.0 km'), ('Gubbalala School', '1.8 km'), ('Uttarahalli Bus Station', '1.5 km'), ('Rays Academy For Learning', '2.0 km'), ('Insight Academy', '2.0 km')]"
Puravankara Aerocity,"[('Chaitanya Hospital', '1.5 km'), ('Jayalakshmi Hospital', '2.0 km'), ('N4 Srishti Institute of Art Design', '1.8 km'), ('Yelahanka Junction', '2.5 km'), ('The Galleria Mall', '2.0 km')]"
Puravankara Building,"[('Akshaya Nursing Home Yelahanka', '1.5 km'), ('Omega Multispeciality Hospital', '2.0 km'), ('N4 Srishti Institute of Art Design & Technology', '1.0 km'), ('Poorna Prajna Education Center', '1.5 km'), ('Yelahanka Junction', '2.0 km'), ('The Galleria Mall', '2.0 km')]"
Puravankara Purva Park Hill,"[('Sri Kumaran Public School', '1.4 km'), ('Agar Hospitals', '8.2 km'), ('Royal Meenakshi Mall', '9.7 km'), ('Silicon City Pre University', '5.6 km'), ('Khykha Business Park', '15.6 km')]"
Purple Habiqo,"[('North Side Hospital', '1.5 km'), ('Orchids The International School', '1.8 km'), ('University of Agricultural Sciences', '2.0 km'), ('Kodigehalli Railway Station', '2.5 km'), ('Cauvery School', '2.0 km')]"
Purple Woods,"[('Garden City College', '3.2 km'), ('East Point Hospital', '5 km'), ('Mahadevapura Outer Ring Road', '5 km'), ('SRI Chaitanya School', '6 km'), ('Gopalan Signature Mall', '6 km'), ('V R Bengaluru Mall', '6 km'), ('Manyata Business Park', '7 km')]"
Purva Atmosphere,"[('Aster CMI Hospital', '1.5 km'), ('Kristu Jayanti College', '2.0 km'), ('Elements Mall', '2.0 km'), ('Thanisandra Main Road', '1.0 km'), ('Manyata Tech Park', '2.5 km'), ('St Johns School', '1.5 km'), ('Yelahanka Junction', '3.0 km')]"
Purva Atmosphere Thanisandra Main Road,"[('Thanisandra Main Road', '3.0 km'), ('Elements Mall', '3.9 km'), ('Manyata Tech Park', '4.3 km'), ('Kristu Jayanti College', '4.7 km'), ('St Johns School', '5.2 km'), ('Aster CMI Hospital', '8.6 km'), ('Tanisandra Railway Station', '2.5 km')]"
Purva Blubelle,"[('Abhinav Hospital', '2.0 km'), ('Venus International School', '1.8 km'), ('Magadi Road Metro Station', '1.5 km'), ('GT World Mall', '2.0 km'), ('Bangalore City University', '2.0 km')]"
Purva Castlemae,"[('Ideal Nursing Home', '1.5 km'), ('Bangalore Diabetes Hospital', '2.0 km'), ('Mount Carmel College', '1.8 km'), ('Bangalore Cantonment Railway Station', '2.0 km'), ('Elements Mall', '3.0 km')]"
Purva Celestial,"[('N R V Hospital', '1.5 km'), ('MVS School', '2.0 km'), ('Reva University School of Architecture', '2.5 km'), ('Yelahanka Junction', '3.0 km'), ('Purvankara Business Park', '3.5 km'), ('NH44', '1.5 km'), ('Gateway Suites Hotel', '4.0 km')]"
Purva Heights,"[('Bilekahalli Bus Stop', '1.5 km'), ('Rainbow Children Hospital', '2.0 km'), ('Parimala Health Care', '2.0 km'), ('Orchids The International School BTM', '1.8 km'), ('Ekya School', '1.8 km')]"
Purva Highland,"[('Ritu Hospital', '2.0 km'), ('Sri Kumaran Public School', '1.5 km'), ('Royal Meenakshi Mall', '3.0 km'), ('K S School of Engineering and Mgt', '2.0 km'), ('Doddakallasandra Metro Station', '2.5 km')]"
Purva Meraki,"[('Care N Cure Hospital', '2.0 km'), ('MS Dhoni Global School', '1.8 km'), ('Challaghatta Metro Station', '1.5 km'), ('Dayananda Sagar University', '2.0 km'), ('Nexus Mall Koramangala', '2.0 km')]"
Purva Midtown Residences,"[('Kannada Government School', '2 km'), ('New Brilliant School', '2 km'), ('Krishnarajapuram Railway Station', '2 km'), ('Beniganahalli Metro Station', '2 km'), ('Old Madras Road', '1 km'), ('Gopalan Signature Mall', '2 km')]"
Purva Palm Beach,"[('Cratis Hospital', '1.5 km'), ('ORCHIDS The International School', '1.0 km'), ('Baiyappanahalli Metro Station', '2.0 km'), ('Phoenix Marketcity', '3.0 km'), ('Garden City University', '2.0 km'), ('Bhartiya Mall of Bengaluru', '2.5 km'), ('Elements Mall', '3.0 km')]"
Purva Promenade,"[('Elements Mall', '2.0 km'), ('Kristu Jayanti College', '2.5 km'), ('Bangalore International School', '3.0 km'), ('Thanisandra Railway Station', '2.0 km'), ('Bhartiya Mall of Bengaluru', '3.5 km'), ('NH44', '1.5 km'), ('Courtyard by Marriott Bengaluru', '4.0 km')]"
Purva Riviera,"[('Government School Munekolala', '2 km'), ('Yashomathi Hospitals', '2 km'), ('Lions Airport City Hospital', '2 km'), ('Marathahalli Bridge', '2 km'), ('Brookefield Mall', '2 km'), ('International Tech Park', '2 km')]"
Purva Sunflower,"[('Suguna Hospital', '1.5 km'), ('Gurukula International School', '1.0 km'), ('Magadi Road Metro Station', '1.0 km'), ('GT World Mall', '2.0 km'), ('Bangalore City University', '2.5 km'), ('KSR Bengaluru City Junction', '3.0 km'), ('Orion Mall', '3.5 km')]"
Purva Sunshine,"[('Stanford Speciality Hospital', '2.0 km'), ('Vidyarambh Play School', '1.8 km'), ('Karmelaram Railway Station', '1.5 km'), ('Dr. Levine Memorial Hospital', '2.0 km'), ('Podar Happy Kids', '2.0 km')]"
Purva The Waves,"[('Medi Derma Hospital', '1.5 km'), ('Bangalore Prime Hospital', '2.0 km'), ('Teresa Bacq School', '2.0 km'), ('Vijaya Vittala Institute of Technology', '3.0 km'), ('Elements Mall', '3.5 km')]"
Purva Venezia,"[('Omega Multispeciality Hospital', '2.0 km'), ('Akshaya Nursing Home Yelahanka', '1.5 km'), ('N4 Srishti Institute of Art Design & Technology', '2.0 km'), ('Yelahanka Junction', '3.0 km'), ('The Galleria Mall', '3.5 km'), ('B.M.S. Institute of Technology and Management', '2.0 km')]"
Purva Westend,"[('Bommanahalli Metro Station', '2.0 km'), ('Matha Hospital', '1.5 km'), ('St Marys High School', '1.8 km'), ('Dayananda Sagar University', '2.0 km')]"
Purva Western,"[('Hospitec Multispeciality Hospital', '2.0 km'), ('New Bharat International Kudlu Gate Bommana Halli', '1.8 km'), ('Kudlu Gate Metro Station', '1.5 km'), ('Vita Family Clinic', '2.0 km'), ('Chinmaya Vidya Mandira Bommana Halli', '2.0 km')]"
Purva Zenium,"[('NH 44', '2.7 km'), ('Shri Venkateshwara Central School', '2.9 km'), ('N R V Hospital', '3.8 km'), ('Bettahalsoor Railway Station', '5.8 km'), ('CMR University', '8.7 km'), ('The Galleria Mall', '5.0 km'), ('Akash Hospital', '3.0 km')]"
Purvankara Westend,"[('Kudlu Gate Metro Station', '2.0 km'), ('Ganesh Nursing Home', '1.5 km'), ('Udupi Upahar', '1.2 km'), ('New Bharat International School', '1.8 km')]"
Purvi Mithila,"[('Vasan Eye Care Hospital Marathalli', '2 km'), ('New Akshay Mallya Hospital', '2 km'), ('KLM Fashion Mall', '2 km'), ('Marathahalli Main Road', '1 km'), ('Kundalahalli Metro Station', '2 km'), ('Vibgyor School', '2 km')]"
Purvi Residency,"[('Kudlu Gate Metro Station', '1.5 km'), ('Vinayaka Specialty Hospital', '2.0 km'), ('Oxford HPS Hongasandra', '1.8 km'), ('The Oxford Dental College', '2.5 km'), ('Kavya Hospital', '2.0 km')]"
Purvi Symphony,"[('Chistiya International School', '2 km'), ('Government Hospital', '2 km'), ('Gunjur Primary Health Centre', '2 km'), ('Sansar Center Hyper Market', '2 km'), ('Virginia Mall', '3 km'), ('Varthur Main Road', '1 km')]"
Pyramid Bilberry,"[('Regal Hospital', '1.5 km'), ('Karnataka College', '1.0 km'), ('Golden Chariot Public School', '1.0 km'), ('Tanisandra Railway Station', '2.0 km'), ('Bhartiya Mall of Bengaluru', '2.0 km'), ('Elements Mall', '2.5 km'), ('Jawaharlal Nehru Centre For Advanced Scientific Research', '3.0 km')]"
Pyramid Carnations,"[('Omega Multispeciality Hospital', '2.0 km'), ('Akshaya Nursing Home Yelahanka', '1.5 km'), ('B.M.S. Institute of Technology and Management', '2.0 km'), ('Yelahanka Junction', '3.0 km'), ('The Galleria Mall', '3.5 km'), ('Nitte Meenakshi Institute of Technology', '2.0 km'), ('Ryan International School', '3.0 km')]"
Pyramid Temple Bells,"[('Vasan Eye Care Hospital Rajarajeswari Nagar', '2.0 km'), ('Rajarajeshwari Vidya Shala', '1.8 km'), ('Rajarajeshwari Nagar Metro Station', '1.5 km'), ('Carmel School Ground', '2.0 km'), ('Jnana Bharathi Metro Station', '2.0 km')]"
Queen Valley Villa,"[('N.R. Hospital', '1.5 km'), ('Attibele Bus Stand', '2.0 km'), ('Saraswathi Healthcare', '2.0 km'), ('Oxford Medical College', '3.0 km'), ('Aastha Hospital', '2.0 km')]"
R and S Lake View,"[('Navya Hospital', '1.5 km'), ('Kensri School', '1.0 km'), ('Tanisandra Railway Station', '2.0 km'), ('Bhartiya Mall of Bengaluru', '2.0 km'), ('Elements Mall', '2.5 km'), ('Jawaharlal Nehru Centre For Advanced Scientific Research', '2.0 km')]"
RA Bow Oaks,"[('Royal Meenakshi Mall', '2.0 km'), ('Vibgyor School', '1.5 km'), ('Fortis Hospital', '2.5 km'), ('GIBS Business School', '2.0 km'), ('BGS School', '1.8 km')]"
RA Tree Boulevard,"[('North Side Hospital', '1.5 km'), ('Amrutha Hospital', '2.0 km'), ('Green Country Public School', '1.8 km'), ('Kodigehalli Railway Station', '2.5 km'), ('Bhartiya Mall of Bengaluru', '3.0 km')]"
RC Brindavan,"[('Whitefield Global School', '2 km'), ('MVJ College of Engineering', '2 km'), ('New Life Hospital Bangalore', '2 km'), ('Bhagwan Mahavir Jain Health Center', '2 km'), ('Channasandra Metro Station', '2 km'), ('Whitefield Metro Station', '2 km')]"
RJ Brooke Square,"[('Ryan International School', '2 km'), ('Gopalan National School', '2 km'), ('CMR Institute of Technology', '2 km'), ('Vydehi Hospital', '2 km'), ('Hyper City Mall', '2 km'), ('Phoenix Market City', '2 km'), ('Kundalahalli Metro Station', '2 km')]"
RJ Lake Gardenia,"[('Cambridge Institute of Technology', '2 km'), ('Indus Valley Residential School', '2 km'), ('Garden City College', '2 km'), ('Baiyappanahalli Metro Station', '2 km'), ('KR Puram Railway Station', '2 km'), ('Phoenix Marketcity', '2 km'), ('Bagmane Tech Park', '2 km')]"
RK Bravana,"[('Hebbagodi Metro Station', '1.5 km'), ('JJ Hospitals', '1.8 km'), ('Vimalaya Hospital', '2.0 km'), ('Ebenezer International School', '2.5 km'), ('Infosys Office', '2.5 km')]"
RK H,"[('Cure Hospital', '1.5 km'), ('Ashirwad Hospital', '2.0 km'), ('Mona Nursery Primary School', '1.8 km'), ('Venkateshpura Metro Station', '2.0 km'), ('Elements Mall', '2.5 km')]"
RK Township,"[('Svasthir Care Centre', '1.8 km'), ('BTL Institute of Technology', '2.0 km'), ('Udupi Hotel', '1.2 km'), ('Ganapathi Temple', '1.0 km')]"
RMV,"[('Nova Hospital', '1.5 km'), ('Ramani Orthopaedic Hospital', '2.0 km'), ('Stella Maris School', '1.8 km'), ('Sampige Road Metro Station', '2.0 km'), ('Mantri Square Mall', '2.5 km')]"
RMV II Stage,"[('Mamta Hospital', '1.5 km'), ('Shirdi Sai Hospital', '2.0 km'), ('Vyasa International School', '1.8 km'), ('Lotte Gollahalli Railway Station', '2.5 km'), ('Brindavan College', '2.0 km')]"
RMV Orchards,"[('RMV Hospital', '1.5 km'), ('Sandeepani School', '2.0 km'), ('New BEL Road', '1.5 km'), ('Nandhini Deluxe', '2.0 km'), ('Shiksha Sagar High School', '2.0 km')]"
RMZ Ecoworld,"[('Apollo Hospital', '2 km'), ('Nelivigi Eye Hospital', '2 km'), ('Bellandur Road', '1 km'), ('Soulspace Spirit', '2 km'), ('Hosa Road Metro Station', '3 km'), ('Ecospace Tech Park', '2 km')]"
RMZ Galleria,"[('CyteCare', '2.0 km'), ('Omega Multispeciality Hospital', '2.5 km'), ('Ryan International School', '2.0 km'), ('Yelahanka Junction', '2.0 km'), ('The Galleria Mall', '3.0 km'), ('Nitte Meenakshi Institute of Technology', '2.5 km'), ('Sri Bhagawan Mahaveer Jain College', '2.0 km')]"
RMZ Latitude,"[('Manipal Hospital Hebbal', '1.5 km'), ('Green Country Public School', '2.0 km'), ('Hebbal Railway Station', '2.0 km'), ('Esteem Mall', '2.0 km'), ('Presidency College', '2.0 km')]"
RNS Apartment,"[('Apollo Specialty Hospital', '1.5 km'), ('Vijaya HPS', '2.0 km'), ('Ragavs Diagnostic and Research Centre', '1.5 km'), ('City Central Library', '2.0 km'), ('Forum Mall', '3.0 km')]"
RR Pride,"[('Unity Hospital Bengaluru Urban', '2.0 km'), ('RNS Institute of Technology', '1.8 km'), ('Rajarajeshwari Nagar Metro Station', '1.5 km'), ('Global Village Tech Park', '2.0 km'), ('JSS Academy of Technical Education', '2.0 km')]"
RR Sankalp,"[('Stanford Speciality Hospital', '2.0 km'), ('Amrita School of Engineering', '1.8 km'), ('Hosa Road Metro Station', '2.0 km'), ('Vibgyor High School', '2.5 km')]"
RRBC Picasso,"[('Manipal Hospital', '2.0 km'), ('St. Marks Public School', '1.8 km'), ('South End Circle Metro Station', '1.5 km'), ('Jain University', '2.0 km'), ('Central Mall', '2.0 km')]"
RS Enclave,"[('Huskur Road Metro Station', '1.5 km'), ('JJ Hospitals', '1.5 km'), ('Vimalaya Hospital', '2.0 km'), ('Ebenezer International School', '1.8 km'), ('Infosys Office', '2.5 km')]"
RSun Palms,"[('Delhi Public School', '2 km'), ('Neev School', '2 km'), ('Vasan Eye Care', '2 km'), ('Whitefield Metro Station', '2 km'), ('Jagriti Theatre', '2 km'), ('International Tech Park', '2 km')]"
Rabow Nest,"[('Abhay Hospital', '2.0 km'), ('East West Institute of Technology', '1.8 km'), ('Mudayanapalya Bus Stop', '1.5 km'), ('Orchids The International School', '2.0 km'), ('Dr. Ambedkar Institute of Technology', '2.0 km')]"
Radhe Enlite,"[('Stanford Speciality Hospital', '2 km'), ('Dr. Levine Memorial Hospital', '2 km'), ('Apollo Pharmacy', '1 km'), ('SH 35', '1 km'), ('Forum Mall The Prestige City', '4 km'), ('Azim Premji University', '4 km')]"
Radiance Blossom,"[('Silver Oaks International School', '2 km'), ('Garden City College', '2 km'), ('Silicon City & Mission Hospital', '2 km'), ('ITPL Metro Station', '2 km'), ('Whitefield-Hoskote Road', '1 km'), ('Orion Uptown Mall', '2 km'), ('ITPL Tech Park', '2 km')]"
Radiance Floresta,"[('K C Raju Multi Speciality Hospital', '1.5 km'), ('Sathya Hospital', '2.0 km'), ('Orchid Academy', '1.8 km'), ('Banaswadi Railway Station', '2.5 km'), ('Elements Mall', '2.0 km')]"
Radiance Platinum,"[('St. Francis School', '2.1 km'), ('Greenview Hospital', '2.7 km'), ('St. Francis College', '2.2 km'), ('Oasis Centre', '2.7 km'), ('Sagara Junction', '4.9 km')]"
Radiant Spencer,"[('JJ Hospitals', '1.5 km'), ('Ebenezer International School Bangalore', '1.8 km'), ('Hebbagodi Metro Station', '1.5 km'), ('Vimalaya Hospital', '2.0 km'), ('Infosys Office', '2.5 km')]"
Raghavendra Gateway,"[('Baptist Hospital', '1.5 km'), ('Poornima Hospital', '2.0 km'), ('Sukrupa School', '1.8 km'), ('Hebbal Railway Station', '2.0 km'), ('Elements Mall', '2.5 km')]"
Raheja Residency Redwood,"[('Gunasheela Hospitals', '1.5 km'), ('Agarwal Eye Hospital', '2.0 km'), ('St Frances ICSE School', '1.8 km'), ('Koramangala Bus Depot', '2.0 km'),  ('St. Johns Medical College', '2.5 km')]"
Raj High Gardens,"[('Green Dot International School', '2.7 km'), ('Unray Multispecialty Hospital', '4.0 km'), ('Heelalige Railway Station', '5.6 km'), ('RT Mall', '4.0 km'), ('Moreh University', '5.8 km')]"
Raja Aristos,"[('Narayana Nethralaya', '2.0 km'), ('Islamia Institute of Technology', '1.8 km'), ('BMTC Bus Depot 34', '1.5 km'), ('Vijayashree Hospitals', '2.0 km'), ('Lords School', '2.0 km')]"
Raja Rajeshwari Nagar,"[('Unity Hospital Bengaluru Urban', '2.0 km'), ('Global Academy of Technology', '1.8 km'), ('Rajarajeshwari Nagar Metro Station', '1.5 km'), ('RNS Institute of Technology', '2.0 km'), ('Carmel School Ground', '2.0 km')]"
Rajanna,"[('NU Hospitals', '2.0 km'), ('Orchids The International School', '1.8 km'), ('Mahalakshmi Metro Station', '1.5 km'), ('Aaroyha Mandir Hospital', '2.0 km'), ('Anupama College of Management And Science', '2.0 km')]"
Rajarajeshwari,"[('Unity Hospital Bengaluru Urban', '2.0 km'), ('Rajarajeshwari Vidya Shala', '1.8 km'), ('Rajarajeshwari Nagar Metro Station', '1.5 km'), ('Global Village Tech Park', '2.0 km'), ('Carmel School Ground', '2.0 km')]"
Rajeshwari Paradise,"[('Vasan Eye Care Hospital Rajarajeswari Nagar', '2.0 km'), ('Rajarajeshwari Vidya Shala', '1.8 km'), ('Rajarajeshwari Nagar Metro Station', '1.5 km'), ('Carmel School Ground', '2.0 km'), ('Global Academy of Technology', '2.0 km')]"
Ramanashree California Garden Plot,"[('CyteCare', '2.0 km'), ('Omega Multispeciality Hospital', '2.5 km'), ('Ryan International School', '2.0 km'), ('Yelahanka Junction', '2.0 km'), ('The Galleria Mall', '3.0 km'), ('Nitte Meenakshi Institute of Technology', '2.5 km'), ('Sri Bhagawan Mahaveer Jain College', '2.0 km')]"
Ramson Trendsquare,"[('Shristi Montessori', '2 km'), ('Dr. Levine Memorial Hospital', '2 km'), ('Stanford Speciality Hospital', '2 km'), ('Sarjapur-Marathahalli Road', '1 km'), ('Soul Space Spirit Central Mall', '2 km'), ('Global Technology Park', '3 km')]"
Ranka Ankura,"[('Golden Chariot Public School', '350 m'), ('REVA University', '2.7 km'), ('Sri Maruthi Hospital', '3.8 km'), ('Bhartiya Mall of Bengaluru', '2.7 km'), ('SH 104', '1.6 km'), ('Thanisandra Railway Station', '4.5 km'), ('Elements Mall', '3.0 km')]"
Rashmi Rise Apartment,"[('Hema Poly Clinic', '2.0 km'), ('Akash IIT JEE', '1.8 km'), ('Nagarbhavi Bus Stop', '1.5 km'), ('Bangalore Pet Hospital', '2.0 km'), ('Maa Sheshasayi Multi Speciality Dental Clinic', '2.0 km')]"
Ravindra Babu Residency,"[('Teacher’s Academy Degree College', '2 km'), ('Heritage International School', '2 km'), ('Medicure Hospital', '2 km'), ('Good Shepherd Hospital', '2 km'), ('HBR Layout Main Road', '1 km'), ('Arabic College Metro Station', '2 km')]"
Regal Prelude,"[('Lake Montfort School', '2 km'), ('SEA International School', '2 km'), ('Sri Sathya Sai Institute', '2 km'), ('Vydehi Institute of Medical Sciences', '2 km'), ('Baiyappanahalli Metro Station', '2 km'), ('Phoenix Marketcity', '2 km'), ('Inorbit Mall', '2 km')]"
Regency Magnum,"[('Good Shepherd Hospital', '1.5 km'), ('HMR International School', '1.0 km'), ('Banaswadi Railway Station', '2.5 km'), ('Elements Mall', '3.0 km'), ('Hennur Main Road', '1.0 km'), ('Florence College of Physiotherapy', '1.5 km'), ('VBR PU College', '2.0 km')]"
Renaissance Park 3,"[('NU Hospitals', '2.0 km'), ('Lourdes High School', '1.8 km'), ('Sandal Soap Factory Metro Station', '1.5 km'), ('Orion Mall', '2.0 km'), ('Aaroyha Mandir Hospital', '2.0 km')]"
Renaissance Reserva,"[('Parsh Hospital', '2.3 km'), ('Aveksha Hospital', '2.5 km'), ('BEL High School', '2.6 km'), ('Goraguntepalya Metro Station', '2.0 km'), ('Orion Mall', '4.6 km'), ('Yeshwantpur Junction', '2.8 km'), ('Mall of Asia', '5.0 km')]"
Renaissance Woods,"[('DR Academy', '1.5 km'), ('Jalahalli Metro Station', '2.5 km'), ('LULU Departmental Store', '2.0 km'), ('Ramaiah University of Applied Sciences', '3.0 km'), ('Jarkabandi State Forest', '2.5 km'), ('Acharya Institutes', '3.5 km')]"
Residential Apartment,"[('Casa de Bambeino Montessori', '2 km'), ('Chinmaya Narayana Super Specialty Centre', '2 km'), ('Lotus Diagnostic Centre', '2 km'), ('Indiranagar Metro Station', '2 km'), ('100 Feet Road', '1 km'), ('KLM Fashion Mall', '2 km')]"
Retreat Signaa,"[('Whitefield Global School', '2 km'), ('MVJ College of Engineering', '2 km'), ('Narayana Multispeciality Hospital', '2 km'), ('New Life Hospital Bangalore', '2 km'), ('Whitefield Metro Station', '2 km'), ('International Tech Park', '2 km')]"
Rohan Akriti,"[('Doddakallasandra Metro Station', '1.5 km'), ('BGS Gleneagles Global Hospitals', '2.0 km'), ('New Millennium Public School', '1.8 km'), ('Forum Mall', '4.0 km'), ('Bangalore University', '2.5 km')]"
Rohan Ekanta,"[('SH 35', '1.4 km'), ('Foundation School', '4.4 km'), ('Belenus Champion Hospital', '5.3 km'), ('Cessna Business Park', '5.3 km'), ('New Horizon College of Engineering', '5.3 km'), ('Virginia Mall', '5.6 km'), ('Marathahalli Metro Station', '6.9 km')]"
Rohan Iksha,"[('Bellandur Road', '1 km'), ('Orchids The International School', '2 km'), ('MAK Specialty Hospital', '2 km'), ('Central Mall', '3 km'), ('New Horizon College of Engineering', '3 km'), ('Cessna Business Park', '3 km'), ('Embassy TechVillage', '4 km')]"
Roma Regency,"[('Bangalore Prime Hospital', '1.5 km'), ('Medi Derma Hospital', '1.8 km'), ('Teresa Bacq School', '1.0 km'), ('Thanisandra Railway Station', '2.0 km'), ('Bhartiya Mall of Bengaluru', '2.0 km'), ('Elements Mall', '2.5 km'), ('REVA University', '3.0 km')]"
Rose Mansion Apartments,"[('Whitefield Global School', '2 km'), ('MVJ College of Engineering', '2 km'), ('New Life Hospital Bangalore', '2 km'), ('Telerad RXDX Kadugodi', '2 km'), ('Whitefield Metro Station', '2 km'), ('Kadugodi Industrial Area Metro Station', '2 km')]"
Royal Enlite,"[('Raksha Orthopaedic And Multi Speciality Centre', '2.0 km'), ('Vibgyor', '1.8 km'), ('HSR Layout Bus Stop', '1.5 km'), ('Hospitec Multispeciality Hospital', '2.0 km'), ('Chinmaya Vidya Mandira Bommana Halli', '2.0 km')]"
Royal Green Apartments,"[('Srushti Hospital', '1.5 km'),('Silicon City HPS', '1.8 km')]"
Royal Legend Apartments,"[('Prashanth Hospital', '2.0 km'), ('St Joseph HPS Bommana Halli', '1.8 km'), ('Bommanahalli Metro Station', '1.5 km'), ('Karanth Speciality Hospital', '2.0 km'), ('New Cambridge Convent &HS Bommana Halli', '2.0 km')]"
Royal Oak,"[('Shree Vijayalakshmi Hospital', '1.5 km'), ('Good Shepherd Hospital', '1.8 km'), ('Yuvalok School', '1.0 km'), ('Thanisandra Railway Station', '2.0 km'), ('Bhartiya Mall of Bengaluru', '2.0 km'), ('Elements Mall', '2.5 km'), ('Hennur Main Road', '1.0 km')]"
Royal Palms,"[('Springleaf Hospital', '2.0 km'), ('Silicon Valley School Konappana Agrahara', '1.5 km'), ('Hebbagodi Metro Station', '1.5 km'), ('Infosys Office', '2.5 km'), ('Anugrahaa Hospital', '2.0 km')]"
Royal Sunrise Apartments,"[('Singasandra Metro Station', '1.5 km'), ('Apollo Clinic', '2.0 km'), ('Jnanajyothi Eng School', '1.8 km'), ('Sri Krishna Grand', '2.0 km'), ('Royal Meenakshi Mall', '2.5 km')]"
Ruchira Aarna Homes,"[('Vibgyor High School', '2 km'), ('Vagdevi Vilas School', '2 km'), ('Government Hospital', '2 km'), ('Forum Value Mall', '3 km'), ('Phoenix Marketcity', '3 km'), ('International Tech Park', '4 km'), ('Whitefield (Kadugodi) Metro Station', '3 km')]"
Ruchira Park East,"[('Jain Heritage School Whitefield', '700 m'), ('Whitefield Hoskote Road', '900 m'), ('Arogya Hospital', '3.6 km'), ('Orion Uptown Mall', '4.3 km'), ('Whitefield (Kadugodi) Metro Station', '5.6 km'), ('GR Tech Park', '7.6 km'), ('Garden City University', '8.8 km')]"
S D Mansion,"[('Udhbhava Hospital', '1.5 km'), ('MedPlus', '0.8 km'), ('Kairali', '1.2 km')]"
S R Sky Blue,"[('Shlok International School', '2 km'), ('Siri Shrine PU College', '2 km'), ('Town Hospital Sarjapura', '2 km'), ('SH 35', '1 km'), ('SBR Lucky Mall', '2 km'), ('Sarjapur Road', '1 km'), ('Wipro Limited SEZ', '3 km')]"
S V Meadows Apartment,"[('Kengeri Metro Station', '1.5 km'), ('BGS Global Hospitals', '2.0 km'), ('R.V. College of Engineering', '1.8 km'), ('Global Village Tech Park', '2.0 km'), ('SJB Institute of Technology', '2.0 km')]"
S and S Platinum,"[('Vasan Eye Care Hospital Rajarajeswari Nagar', '2.0 km'), ('Global Academy of Technology', '1.8 km'), ('Rajarajeshwari Nagar Metro Station', '1.5 km'), ('RNS Institute of Technology', '2.0 km'), ('Carmel School Ground', '2.0 km')]"
S.V Mea,"[('Kengeri Metro Station', '1.5 km'), ('BGS Global Hospitals', '2.0 km'), ('R.V. College of Engineering', '1.8 km'), ('Global Village Tech Park', '2.0 km'), ('SJB Institute of Technology', '2.0 km')]"
S2 Znia,"[('Orchids The International School - Horamavu', '2 km'), ('St George High School', '2 km'), ('Koshys Hospital', '2 km'), ('Horamavu Main Road', '1 km'), ('KR Puram Railway Station', '3 km'), ('Elements Mall', '3 km')]"
SAS Honey Dew,"[('Christ Global Residential School', '2 km'), ('Diamond Pre University College', '2 km'), ('Tirumala Medical Centre', '2 km'), ('Old Madras Road', '1 km'), ('Channasandra Station', '2 km'), ('KR Puram Railway Station', '2 km'), ('Koshys Hospital', '2 km')]"
SB Dream House,"[('Sacretis School', '2 km'), ('Euro Kids', '2 km'), ('Srujana Hospital', '2 km'), ('Horamavu Main Road', '1 km'), ('Phoenix Marketcity', '3 km'), ('Manyata Tech Park', '3 km')]"
SBB Spring Field,"[('Nagawara Metro Station', '2 km'), ('Swamy Vivekananda Primary and High School', '2 km'), ('J M J Hospital Bengaluru Urban', '2 km'), ('Philips Innovation Campus', '2 km'), ('Elements Mall', '3 km'), ('NH75', '1 km')]"
SBR Mara,"[('Shri Ram Global School', '9.4 km'), ('MVJ College of Engineering', '4.7 km'), ('Brookefield Hospital', '11.4 km'), ('Whitefield Metro Station', '2.9 km'), ('KR Puram Railway Station', '18.2 km'), ('Orion Uptown Mall', '6.4 km'), ('Bearys Global Research Triangle', '2.9 km')]"
SBR One Residence,"[('Whitefield Global School', '300 m'), ('ICFAI University', '1.7 km'), ('Amrik Hospital', '1.6 km'), ('Whitefield Railway Station', '2.4 km'), ('NH 44', '8.7 km'), ('Nexus Shantiniketan Mall', '3.6 km'), ('International Tech Park', '2 km')]"
SBR Pravanika,"[('VIBGYOR High School in Kadugodi', '2 km'), ('Narayana Residential PU College', '2 km'), ('S.N Hospital', '2 km'), ('East Point Hospital', '2 km'), ('Orion UPTOWN Mall', '2 km'), ('NH75', '1 km'), ('Hoodi Halt Railway Station', '2 km')]"
SDMV Elite,"[('Springleaf Hospital', '2.0 km'), ('Brookfield High School', '1.8 km'), ('SBR Lucky Mall', '2.5 km'), ('Heelalige Railway Station', '2.0 km'), ('Suvidya College', '2.5 km')]"
SDMV Elite Electronics City,"[('Brookfield High School', '1.0 km'), ('Vimalalaya Hospital', '0.85 km'), ('Heelalige Railway Station', '3.1 km'), ('BR Lucky Mall', '3.4 km'), ('Uvidya College', '3.9 km')]"
SDMV F City,"[('Hebbagodi Metro Station', '1.5 km'), ('JJ Hospitals', '1.8 km'), ('Vimalaya Hospital', '2.0 km'), ('Ebenezer International School', '2.5 km'), ('Infosys Office', '2.5 km')]"
SDMV Fra,"[('Hebbagodi Metro Station', '1.5 km'), ('JJ Hospitals', '1.5 km'), ('Vimalaya Hospital', '2.0 km'), ('Ebenezer International School', '1.8 km'), ('Infosys Office', '2.5 km')]"
SDR Sri Gayathri Elite,"[('Hoodi Primary School', '2 km'), ('Hoodi High School', '2 km'), ('Seegehalli Government Hospital', '2 km'), ('Amrutha Healthcare', '2 km'), ('Hoodi Railway Station', '2 km'), ('International Tech Park', '2 km')]"
SGR Havish,"[('Rajdhani Hospital', '0.6 km'), ('Sri Sai Ram Hospital', '1.2 km'), ('T R Hospital', '2.5 km'), ('Yelachenahalli Metro Station', '1.5 km'), ('Dayananda Sagar University', '2.0 km')]"
SGR Havish 7th Phase JP Nagar,"[('Rajdhani Hospital', '0.6 km'), ('Sri Sai Ram Hospital', '1.2 km'), ('T.R. Hospital', '2.5 km'), ('Tara Day Care Hospital', '2.0 km')]"
SJR Fiesta Homes,"[('Greenwood High School', '1.5 km'), ('Hebbagodi Metro Station', '2.0 km'), ('Vimalaya Hospital', '2.0 km'), ('TCS Office', '2.5 km'), ('GE Technology', '2.5 km')]"
SJR Luxuria,"[('Vasan Eye Care Hospital Bannerghatta Road', '2.0 km'), ('Aecs Magnolia Maruthi Public School Arakere', '1.8 km'), ('Arekere MICO Layout Bus Station', '1.5 km'), ('Rajashree Granthim Hospital', '2.0 km'), ('Aradhana Academy', '2.0 km')]"
SJR Palazza City,"[('Nallur Halli Metro Station', '1.5 km'), ('Harvest International School', '1.8 km'), ('Primus Public School', '1.8 km'), ('Mathru Hospital', '2.0 km'), ('Karmelaram Railway Station', '1.5 km')]"
SJR Vogue Residences,"[('Gopalan International School', '2 km'), ('Government Primary School', '2 km'), ('Telerad Rx Dx Health Care', '2 km'), ('Kundalahalli Metro Station', '2 km'), ('Nallurhalli Metro Station', '2 km'), ('Phoenix Market City', '2 km'), ('International Tech Park Bangalore', '2 km')]"
SJS Udyan,"[('Global City International School', '1 km'), ('Medihope Super Specialty Hospital', '1.5 km'), ('Apollo Pharmacy', '1 km'), ('CV Raman Nagar Bus Stand', '2 km'), ('Bagmane Tech Park', '3 km'), ('Gopalan Signature Mall', '3 km')]"
SK Skyles,"[('Pulse Multispecialty Hospital', '2.0 km'), ('Jnana Deepthi English Primary and High School', '1.8 km'), ('Banashankari Bus Stop', '1.5 km'), ('Vinayaka Hospital', '2.0 km'), ('Auden Public School', '2.0 km')]"
SKAV Aastha,"[('People Tree Hospitals', '2.0 km'), ('Lourdes High School', '1.8 km'), ('Goraguntepalya Metro Station', '1.5 km'), ('Orion Mall', '2.0 km'), ('Yeshvantpur Junction Railway Station', '2.0 km')]"
SKBC Serenity,"[('Aster CMI Hospital', '2.0 km'), ('Orchids The International School', '1.8 km'), ('Sandal Soap Factory Metro Station', '1.5 km'), ('MS Ramaiah University', '2.0 km'), ('Orion Mall', '2.0 km')]"
SKBC Serenity Rajaj,"[('Andal Soap Factory Metro Station', '1.0 km'), ('Orion Mall', '1.0 km'), ('MS Ramaiah University', '5.5 km'), ('Orchids The International School', '6.8 km'), ('Aster CMI Hospital', '9.8 km')]"
SKG Octave,"[('Rajashri Grandhim Hospitals', '2.0 km'), ('St Philomina English School', '1.8 km'), ('BTM Layout Bus Stop', '1.5 km'), ('GHPS Devarachikkana Halli', '2.0 km')]"
SKG Sky Vue,"[('Narayana Hrudayalaya Dental Clinic', '1.5 km'), ('Apollo Pharmacy', '0.8 km'), ('St Philomina English School', '1.8 km'), ('Adda', '1.2 km'), ('Ayyappa Temple', '1.0 km')]"
SKG Sruthi,"[('Rajashri Grandhim Hospitals', '1.5 km'), ('St Philomina English School', '1.8 km'), ('Shri Sharada Vidyanikethana Arkere', '2.0 km'), ('Niyati Children Clinic', '1.5 km'), ('Royal Meenakshi Mall', '3.0 km')]"
SKG Vaishnavi,"[('Rajashri Grandhim Hospitals', '1.5 km'), ('St Philomina English School', '1.8 km'), ('Shri Sharada Vidyanikethana Arkere', '2.0 km'), ('Niyati Children Clinic', '1.5 km'), ('Royal Meenakshi Mall', '3.0 km')]"
SKG Vihaan Heights,"[('Sri Dhavantari Ayurveda Hospital', '1.5 km'), ('St Anns School', '1.8 km')]"
SLN Classic Hallmark,"[('Orchids The International School Panathur', '2 km'), ('New Horizon College of Engineering', '2 km'), ('New Horizon Gurukul', '2 km'), ('New Horizon Vidya Mandir', '2 km'), ('Kadubeesanahalli Metro Station', '2 km'), ('Virginia Mall', '2 km')]"
SLV,"[('Sai Baba Hospital Bengaluru Urban', '1.5 km'), ('Punya Hospital', '2.0 km'), ('Mount Senora School', '1.8 km'), ('Chikka Banavara Junction', '2.0 km'), ('Mohan Cinema', '2.5 km')]"
SLV Aishaanvi Enclave,"[('Shree Vijayalakshmi Hospital', '1.5 km'), ('Good Shepherd Hospital', '1.8 km'), ('Yuvalok School', '2.0 km'), ('Elements Mall', '3.0 km'), ('Thanisandra Railway Station', '2.5 km'), ('Bhartiya Mall of Bengaluru', '2.0 km'), ('Hennur Main Road', '1.0 km')]"
SLV Anveshna,"[('Icon Hospital', '1.5 km'), ('Navya Hospital', '2.0 km'), ('Kensri School', '1.8 km'), ('Bhartiya Mall of Bengaluru', '2.5 km'), ('Hennur Road', '1.5 km')]"
SLV Enclave,"[('Regal Hospital', '1.5 km'), ('Bangalore Prime Hospital', '1.8 km'), ('Karnataka College', '1.0 km'), ('Tanisandra Railway Station', '2.0 km'), ('Bhartiya Mall of Bengaluru', '2.0 km'), ('Elements Mall', '2.5 km'), ('REVA University', '3.0 km')]"
SLV Golden Nest Bangalore,"[('Nagarbhavi Circle Bus Stop', '1.5 km'), ('Panacea Hospital Nagarabhavi', '2.0 km'), ('Vijaya Netralaya', '2.0 km'), ('Dr. Ambedkar Institute of Technology', '1.8 km'), ('National Law School of India University', '2.0 km')]"
SLV Grand,"[('Nagawara Metro Station', '1.5 km'), ('Good Shepherd Hospital', '2.0 km'), ('HMR International School', '1.8 km'), ('Vijayalakshmi Hospital', '2.5 km')]"
SLV Grand HBR Layout,"[('Bangalore Prime Hospital', '1.5 km'), ('Sai Hospital', '1.8 km'), ('Samar International Islamic School', '1.0 km'), ('Thanisandra Railway Station', '2.0 km'), ('Bhartiya Mall of Bengaluru', '2.0 km'), ('Elements Mall', '2.5 km'), ('REVA University', '3.0 km')]"
SLV Greencity,"[('Regal Hospital', '1.5 km'), ('Bangalore Prime Hospital', '1.8 km'), ('Karnataka College', '1.0 km'), ('Tanisandra Railway Station', '2.0 km'), ('Bhartiya Mall of Bengaluru', '2.0 km'), ('Elements Mall', '2.5 km'), ('Samar International Islamic School', '1.0 km')]"
SLV Heights DNP Layout,"[('Vijayashree Hospitals', '1.5 km'), ('Krishna Medicals', '0.8 km'), ('T John Institute of Technology', '2.0 km'), ('KFC', '1.2 km'), ('Immaculate Conception Church', '1.0 km')]"
SLV Nest,"[('Shree Vijayalakshmi Hospital', '1.5 km'), ('Good Shepherd Hospital', '1.8 km'), ('Yuvalok School', '2.0 km'), ('Thanisandra Railway Station', '2.0 km'), ('Bhartiya Mall of Bengaluru', '2.0 km'), ('Elements Mall', '2.5 km'), ('Hennur Main Road', '1.0 km')]"
SLV Paramount,"[('Arabic College Metro Station', '2 km'), ('Teacher’s Academy Degree College', '2 km'), ('Heritage International School', '2 km'), ('Medicure Hospital', '2 km'), ('HBR Layout Main Road', '1 km'), ('Kammanahalli Main Road', '2 km')]"
SLV Poorvik,"[('CyteCare', '2.0 km'), ('Navachethana Hospital', '1.5 km'), ('Brindavan College of Engineering', '1.0 km'), ('Yelahanka Junction', '2.0 km'), ('The Galleria Mall', '2.0 km'), ('REVA University', '2.5 km'), ('Ryan International School', '2.0 km')]"
SLV Savi Samurdhi,"[('Jayashree Multi Speciality Hospital', '2.0 km'), ('St Pauls School Begur', '1.8 km'), ('Hosa Road Metro Station', '1.5 km'), ('Government Primary Healthcare Center Begur', '2.0 km'), ('St Anns School Begur', '2.0 km')]"
SLV Spandana,"[('Yelenahalli Bus Stop', '1.5 km'), ('Jayashree Multi Speciality Hospital', '2.0 km'), ('St Anns School Begur', '1.8 km'), ('St Pauls School Begur', '2.0 km'), ('Government Primary School Yelenahalli', '2.0 km')]"
SLV Spring Field Apartment,"[('J M J Hospital Bengaluru Urban', '1.5 km'), ('Sri Sai Hospital Bengaluru Urban', '1.8 km'), ('Kensri School', '2.0 km'), ('Nagawara Metro Station', '1.5 km'), ('Elements Mall', '2.0 km'), ('Manyata Tech Park', '2.5 km')]"
SLV Sunflower,"[('Whitefield Global School', '2 km'), ('MVJ College of Engineering', '3 km'), ('Narayana Multispeciality Hospital', '2 km'), ('Telerad RXDX Kadugodi', '2 km'), ('Whitefield Metro Station', '2 km'), ('International Tech Park', '3 km')]"
SM Art,"[('Vibgyor High Marathahalli', '2 km'), ('Vagdevi Vilas Super School', '2 km'), ('Government Hospital', '2 km'), ('SH 35', '1 km'), ('Brookefield Mall', '3 km'), ('ITPL Metro Station', '3 km')]"
SM Windsor Homes,"[('Hoodi Primary School', '2 km'), ('Narayana Multispeciality Hospital', '2 km'), ('Telerad RXDX Kadugodi', '2 km'), ('Hoodi Railway Station', '2 km'), ('Whitefield Metro Station', '2 km'), ('International Tech Park', '2 km')]"
SN Celeste,"[('Stanford Speciality Hospital', '1.5 km'), ('Vidyarambh Play School', '2.0 km'), ('Raksha Orthopaedic And Multi Speciality Centre', '2.0 km'), ('Amrita School of Engineering', '2.5 km'), ('Royal Meenakshi Mall', '3.0 km')]"
SNN Clermont,"[('Rainbow Childrens Hospital', '1.5 km'), ('HKBK College of Engineering', '2.0 km'), ('Hebbal Railway Station', '2.0 km'), ('Esteem Mall', '2.0 km'),  ('Embassy Manyata Business Park', '2.5 km')]"
SNN Estates Felicity,"[('Vibgyor High School', '1.8 km'), ('Manipal Hospital Hebbal', '6.2 km'), ('REVA University', '8.3 km'), ('Elements Mall', '3.3 km'), ('Thanisandra Railway Station', '1.9 km'), ('Thanisandra Main Road', '1.6 km'), ('Bhartiya Mall of Bengaluru', '2.0 km')]"
SNN Estates Felicity Thanisandra,"[('VIBGYOR High School', '1.8 km'), ('Elements Mall', '2.0 km'), ('Thanisandra Railway Station', '2.0 km'), ('Bhartiya Mall of Bengaluru', '2.5 km'), ('Manipal Hospital Hebbal', '3.0 km')]"
SNN Felicity,"[('Sai Hospital', '1.5 km'), ('Navya Hospital', '1.8 km'), ('Samar International Islamic School', '1.0 km'), ('Tanisandra Railway Station', '2.0 km'), ('Bhartiya Mall of Bengaluru', '2.0 km'), ('Elements Mall', '2.5 km'), ('Kensri School', '2.0 km')]"
SNN Raj Eternia,"[('Raksha Orthopaedic And Multi Speciality Centre', '2.0 km'), ('Vibgyor', '1.8 km'), ('HSR Layout Bus Stop', '1.5 km'), ('Amrita School of Engineering', '2.5 km'), ('National Institute of Fashion Technology Bangalore', '2.0 km')]"
SNN Raj Greenbay,"[('Kauvery Hospitals', '2.0 km'), ('Ebenezer International School', '1.8 km'), ('Bommasandra Metro Station', '2.0 km'), ('DMart Supermarket', '2.5 km'), ('Tech Mahindra', '3.0 km')]"
SNN Raj High Garden,"[('Narayana Hrudayalaya', '2.0 km'), ('BTL Institute of Technology', '1.8 km'), ('Heelalige Railway Station', '2.0 km'), ('Athreya Hospital', '2.0 km'), ('Bangalore College Of Engineering And Technology', '2.0 km')]"
SNN Raj Serenity,"[('Lakshya Hospital', '2.0 km'), ('Sunbeam International School', '1.8 km'), ('Begur Bus Stop', '1.5 km'), ('Fullinfaws College', '2.0 km'), ('Nexus Mall', '2.0 km')]"
SNR Safa,"[('Aditi Hospital', '2 km'), ('Anekal Road Railway Station', '5 km'), ('Sarjapur Road', '1 km'), ('Alliance University', '2 km'), ('D Mart', '3 km'), ('Indus International School', '3 km'), ('Wipro Limited SEZ', '3 km')]"
SNR Verity,"[('Town Hospital', '3 km'), ('Spandana Hospital', '3 km'), ('Bagalur - Sarjapur Road', '1 km'), ('Aikhyatha Public School', '3 km'), ('Forum Mall The Prestige City', '4 km'), ('Azim Premji University', '4 km')]"
SPL Samethana Lakefront,"[('Government Model Middle School', '2 km'), ('Nagondanahalli Road', '1 km'), ('Whitefield Railway Station', '3 km'), ('Vydehi Hospital', '3 km'), ('Orion Uptown Mall', '3 km'), ('ITPL Tech Park', '3 km')]"
SRR Sai Sadan,"[('Vijayashree Hospitals', '1.5 km'), ('Krishna Medicals', '0.8 km'), ('Silicon Valley LPS', '1.8 km'), ('KFC', '1.2 km'), ('Immaculate Conception Church', '1.0 km')]"
SS Siri Nivas,"[('Comfort Multispeciality Hospital', '2 km'), ('Sree Lakshmi Hospital', '2 km'), ('Mahadevapura Metro Station', '2 km'), ('Phoenix Market City', '2 km'), ('Old Madras Road', '1 km'), ('International Tech Park', '3 km')]"
SSB Kailash,"[('Suguna Hospital', '2.0 km'), ('Rajajinagar PU Degree College', '1.8 km'), ('Mahalakshmi Metro Station', '1.5 km'), ('Altius Hospital', '2.0 km'), ('St Miras School', '2.0 km')]"
SSVR Niyaara,"[('SH 35', '950 m'), ('Central Mall', '2.1 km'), ('SMR Complex', '2.8 km'), ('Whitefield Global School', '6.3 km'), ('Bellandur', '6.1 km'), ('Hope Hospital', '7.6 km'), ('Manipal Hospital Whitefield', '8.7 km')]"
SV Pleasanta,"[('Sri Lakshmi Multi Speciality Hospital', '2 km'), ('Balaji Nursing Home', '2 km'), ('Global Indian International School', '2 km'), ('Sarjapur Main Road', '1 km'), ('Forum Mall The Prestige City', '4 km'), ('Azim Premji University', '4 km'), ('Karmelaram Railway Station', '5 km')]"
SVS Signature,"[('Lake Montfort School', '2 km'), ('Cambridge Institute of Technology', '2 km'), ('Sathya Sai Multi-specialty', '2 km'), ('Koshys Hospital', '2 km'), ('Phoenix Marketcity', '2 km'), ('KR Puram Railway Station', '2 km'), ('Old Madras Road', '1 km')]"
Sadashivanagar,"[('M S Ramaiah Harsha Hospital', '2.0 km'), ('Vishal School', '1.8 km'), ('Nelamangala Bus Stop', '1.5 km'), ('Prasad Hospital Bengaluru Rural', '2.0 km'), ('Nelamangala Government Junior College', '2.0 km')]"
Sai Anvitha Residency,"[('Srujana Hospital', '1.5 km'), ('Shree Vinayaka Multispeciality Centre', '2.0 km'), ('Wipro EC Bus Stand', '1.5 km'), ('Ebenezer International School', '2.5 km'), ('Hebbagodi Metro Station', '1.5 km')]"
Sai Chethana,"[('Jayashree Multi Speciality Hospital', '2.0 km'), ('St Pauls School Begur', '1.8 km'), ('Hulimavu Bus Stop', '1.5 km'), ('Government Primary Healthcare Center Begur', '2.0 km'), ('St Anns School Begur', '2.0 km')]"
Sai Dwaar,"[('New Baldwins School', '2 km'), ('Cloudnine Hospital', '2 km'), ('Shishuka Children’s Speciality Hospital', '2 km'), ('Horamavu Main Road', '1 km'), ('Kammanahalli Main Road', '2 km'), ('KR Puram Railway Station', '3 km')]"
Sai Enclave,"[('Koshys Hospital', '1.5 km'), ('Karunya Homoeopathy Centre', '1.0 km'), ('Orchids The International School', '1.5 km'), ('Banaswadi Railway Station', '2.5 km'), ('Elements Mall', '3.0 km'), ('Kammanahalli Main Road', '1.0 km'), ('Sunshine Childrens Home and School', '1.0 km')]"
Sai Ferns,"[('St George High School', '2 km'), ('Orchids The International School Horamavu', '2 km'), ('Sunshine Childrens Home and School', '2 km'), ('Eshwar Hospital', '2 km'), ('Horamavu Main Road', '1 km'), ('Phoenix Marketcity', '3 km')]"
Sai Garden Square,"[('Nagarathna Hospital', '2.1 km'), ('New Millennium Public School', '1.0 km'), ('Uttarahalli Bus Station', '1.5 km'), ('Dayananda Sagar University', '5.5 km'), ('Kengeri Bus Terminal', '8.3 km')]"
Sai Homes,"[('Hebbagodi Metro Station', '1.5 km'), ('JJ Hospitals', '1.5 km'), ('Vimalaya Hospital', '2.0 km'), ('Ebenezer International School', '1.8 km'), ('Infosys Office', '2.5 km')]"
Sai Indraprastha,"[('Sai Hospital', '1.5 km'), ('Navya Hospital', '1.8 km'), ('Kensri School', '2.0 km'), ('Tanisandra Railway Station', '2.0 km'), ('Bhartiya Mall of Bengaluru', '2.0 km'), ('Elements Mall', '2.5 km'), ('REVA University', '3.0 km')]"
Sai Iris Apartment,"[('Krishnadevaraya Hospital and Research Centre', '2.0 km'), ('Omega Multispeciality Hospital', '2.5 km'), ('Nitte Meenakshi Institute of Technology', '2.0 km'), ('Yelahanka Junction', '3.5 km'), ('The Galleria Mall', '4.0 km'), ('B.M.S. Institute of Technology and Management', '2.0 km'), ('Ryan International School', '3.0 km')]"
Sai Kalyan Ultima,"[('Regal Hospital', '2.0 km'), ('Manasa Public School', '1.5 km'), ('Swamy Vivekananda Primary and High School', '1.8 km'), ('Bhartiya Mall of Bengaluru', '2.0 km'), ('Tanisandra Railway Station', '2.5 km'), ('Elements Mall', '3.0 km'), ('PVR Entertainment', '2.5 km')]"
Sai Krupa Hanging Gardens,"[('Blossom Multispecialty Hospital', '2.0 km'), ('St Joseph Eng Sch Hosur Road Beratena Agrahara', '1.8 km'), ('Hosa Road Metro Station', '1.5 km'), ('Oxford School Beratena Agrahara', '2.0 km'), ('Azim Premji University', '2.5 km')]"
Sai Krupa Harmony,"[('Presidency Hospital', '2 km'), ('Mahadevapura Metro Station', '2 km'), ('Phoenix Market City', '2 km'), ('PVR IMAX', '2 km'), ('Old Madras Road', '1 km'), ('International Tech Park', '3 km')]"
Sai Krupa Heritage,"[('Shree Vijayalakshmi Hospital', '1.5 km'), ('Good Shepherd Hospital', '1.8 km'), ('Yuvalok School', '1.0 km'), ('Thanisandra Railway Station', '2.0 km'), ('Bhartiya Mall of Bengaluru', '2.0 km'), ('Elements Mall', '2.5 km'), ('Nagawara Metro Station', '2.0 km')]"
Sai Luxus Serenity Apartment,"[('Bangalore International School', '2 km'), ('National Public School', '2 km'), ('Royal Concord School', '2 km'), ('Koshys Hospital', '2 km'), ('KR Puram Railway Station', '3 km'), ('Horamavu Main Road', '1 km'), ('Elements Mall', '3 km')]"
Sai Madhuram,"[('JJ Hospitals', '1.5 km'), ('Ebenezer International School Bangalore', '1.8 km'), ('Hebbagodi Metro Station', '1.5 km'), ('Vimalaya Hospital', '2.0 km'), ('Infosys Office', '2.5 km')]"
Sai Mukunda,"[('Hebbagodi Metro Station', '1.5 km'), ('JJ Hospitals', '1.5 km'), ('Vimalaya Hospital', '2.0 km'), ('Ebenezer International School', '1.8 km'), ('Infosys Office', '2.5 km')]"
Sai Mukundha,"[('Hebbagodi Metro Station', '1.5 km'), ('JJ Hospitals', '1.5 km'), ('Vimalaya Hospital', '2.0 km'), ('Ebenezer International School', '1.8 km'), ('Infosys Office', '2.5 km')]"
Sai Mukundha Anantha Nagar,"[('Hebbagodi Metro Station', '1.5 km'), ('JJ Hospitals', '1.5 km'), ('Vimalaya Hospital', '2.0 km'), ('Ebenezer International School', '1.8 km'), ('Infosys Office', '2.5 km')]"
Sai Paradise,"[('Hebbal Medical Center', '1.5 km'), ('Icon Hospital', '1.8 km'), ('Kriya Preschool', '1.0 km'), ('Elements Mall', '2.5 km'), ('Yeshwantpur Junction', '3.0 km'), ('Manyata Tech Park', '3.0 km')]"
Sai Paradise Apartment,"[('Icon Hospital', '1.5 km'), ('Hebbal Medical Center', '2.0 km'), ('Kriya Preschool', '1.8 km'), ('Venkateshapura Metro Station', '2.0 km'), ('Elements Mall', '3.0 km')]"
Sai Priya Infra Serenity,"[('Srujana Hospital', '1.8 km'), ('Balaji Medical', '0.8 km'), ('Sacretis School', '1.8 km'), ('KFC', '1.2 km')]"
Sai Ram Meadows,"[('Sri Lakshmi Multi Speciality Hospital', '2.0 km'), ('Orchids The International School', '1.8 km'), ('Herohalli Bus Stop', '1.5 km'), ('East West Institute of Technology', '2.0 km'), ('Prajawal Nursing School', '2.0 km')]"
Sai Sadan Apartment,"[('Hebbal Medical Center', '1.5 km'), ('Icon Hospital', '1.8 km'), ('Kriya Preschool', '1.0 km'), ('Elements Mall', '2.5 km'), ('Yeshwantpur Junction', '3.0 km'), ('Manyata Tech Park', '3.0 km')]"
Sai Sadhan,"[('Christ Academy', '1.5 km'), ('Ramakrishna Hospital', '2.0 km'), ('Infosys Office', '2.5 km'), ('Forum Mall', '6.0 km'), ('Symbiosis Institute', '2.0 km')]"
Sai Sanjeevi Enclave,"[('Uttarahalli Bus Station', '1.5 km'), ('Samastha Hospitals', '2.0 km'), ('Rays Academy For Learning', '1.8 km'), ('Kammavari Sangha Institute of Technology', '2.5 km'), ('Insight Academy', '2.0 km')]"
Sai Sankalp Basavangudi,"[('Balaji Hospital and Gastroenterology Center', '2.0 km'), ('SSM Primary School', '1.8 km'), ('Southend Metrorail Station', '1.5 km'), ('Kumaran Childrens High School', '2.0 km'), ('B.M.S. College of Engineering', '2.5 km')]"
Sai Sarovar Apartments,"[('Whitefield Global School', '2 km'), ('MVJ College of Engineering', '3 km'), ('Narayana Multispeciality Hospital', '2 km'), ('Telerad RXDX Kadugodi', '2 km'), ('Whitefield Metro Station', '2 km'), ('International Tech Park', '2 km')]"
Sai Serenity,"[('Hebbagodi Metro Station', '1.5 km'), ('JJ Hospitals', '1.5 km'), ('Vimalaya Hospital', '2.0 km'), ('Ebenezer International School', '1.8 km'), ('Infosys Office', '2.5 km')]"
Sai Sumukha Serenity,"[('Sai Baba Hospital Bengaluru Urban', '2.0 km'), ('Mount Senora School', '1.8 km'), ('Laggere Bus Stop', '1.5 km'), ('M S Ramaiah University of Applied Sciences', '2.0 km'), ('Punya Hospital', '2.0 km')]"
Sai Sunshine Apartments,"[('Vagdevi Vilas Super School', '2 km'), ('Vibgyor High Marathahalli', '2 km'), ('Yashomathi Hospitals', '2 km'), ('Munekolala Bus Stand', '1 km'), ('Kundalahalli Metro Station', '2 km'), ('Marathahalli Main Road', '1 km'), ('Forum Value Mall', '3 km')]"
Sai Vani Enclave,"[('Vathsalya Speciality Hospital', '2.0 km'), ('S Cadambi Pre University College', '1.8 km'), ('Basaveshwara Nagar Bus Stop', '1.5 km'), ('Ashok Hospital', '2.0 km'), ('Punya Hospital Bengaluru Urban', '2.0 km')]"
Sai Vihar,"[('BGS Global Hospitals', '2.0 km'), ('RNS Institute of Technology', '1.8 km'), ('Rajarajeshwari Nagar Metro Station', '1.5 km'), ('Global Village Tech Park', '2.0 km'), ('JSS Academy of Technical Education', '2.0 km')]"
Sai Vrushabadri Towers,"[('Whitefield Global School', '2 km'), ('MVJ College of Engineering', '3 km'), ('New Life Hospital', '2 km'), ('Whitefield Railway Station', '2 km'), ('Old Madras Road', '1 km'), ('International Tech Park', '3 km')]"
Saideep Hulas,"[('New Baldwin School', '2 km'), ('CMH Hospital', '3 km'), ('KR Puram Railway Station', '2 km'), ('Old Madras Road', '1 km'), ('International Tech Park', '3 km'), ('Manyata Tech Park', '4 km'), ('Gopalan Signature Mall', '3 km')]"
Saiven Siesta,"[('Global Indian International School GIIS', '2 km'), ('Balaji Nursing Home', '2 km'), ('Sri Lakshmi Multi Speciality Hospital', '2 km'), ('Bagalur - Sarjapur Road', '1 km'), ('Town Hospital Sarjapura', '3 km'), ('Forum Mall The Prestige City', '4 km'), ('Azim Premji University', '4 km')]"
Saketh Hillside,"[('Udhbhava Hospital', '2.0 km'), ('Sri Chaitanya Techno School', '1.8 km'), ('AGS Layout Bus Stand', '1.5 km'), ('Vittal Eye Hospital', '2.0 km'), ('Auden School', '2.0 km')]"
Sakthi Developer,"[('Hebbagodi Metro Station', '1.5 km'), ('JJ Hospitals', '1.5 km'), ('Vimalaya Hospital', '2.0 km'), ('Ebenezer International School', '1.8 km'), ('Infosys Office', '2.5 km')]"
Salarpuria Sattva Aspire,"[('Columbia Asia Hospital', '1.5 km'), ('United International School', '2.0 km'), ('Elements Mall', '2.0 km'), ('Thanisandra Railway Station', '2.5 km'), ('Faran College of Management', '2.0 km')]"
Salarpuria Sattva Cadenza,"[('Care N Cure Hospital', '2.0 km'), ('New Cambridge High School', '1.8 km'), ('Kudlu Gate Bus Stop', '1.5 km'), ('Dayananda Sagar University', '2.0 km')]"
Salarpuria Sattva Gold Summit,"[('Bangalore Prime Hospital', '1.5 km'), ('Medi Derma Hospital', '1.8 km'), ('Teresa Bacq School', '1.0 km'), ('Thanisandra Railway Station', '2.0 km'), ('Bhartiya Mall of Bengaluru', '2.0 km'), ('Elements Mall', '2.5 km'), ('Samar International Islamic School', '1.0 km')]"
Salarpuria Sattva Melody,"[('Vasan Eye Care Hospital Rajarajeswari Nagar', '2.0 km'), ('PES University', '1.8 km'), ('Nayandahalli Metro Station', '1.5 km'), ('B M Valley School', '2.0 km'), ('Vidya Vikas Polytechnic', '2.0 km')]"
Samanvitha Unicorn,"[('Specialist Hospital', '1.5 km'), ('Herbocare Hospital', '2.0 km'), ('CMR University', '1.8 km'), ('Banaswadi Railway Station', '2.5 km'), ('Elements Mall', '2.0 km')]"
Samhita Rabow MTB,"[('Vibgyor High Marathahalli', '2 km'), ('Vagdevi Vilas Super School', '2 km'), ('Yashomathi Hospitals', '2 km'), ('Kundalahalli Metro Station', '2 km'), ('Brookefield Mall', '2 km'), ('International Tech Park', '2 km')]"
Samhita Sarovar,"[('St George High School', '2 km'), ('Orchids The International School - Horamavu', '2 km'), ('Cloudnine Hospital', '2 km'), ('Shishuka Children’s Speciality Hospital', '2 km'), ('Horamavu Main Road', '1 km'), ('KR Puram Railway Station', '3 km')]"
Samruddhi Uplands,"[('Neev School', '2 km'), ('Government Hospital', '2 km'), ('Varthur Main Road', '1 km'), ('Whitefield Metro Station', '3 km'), ('Jagriti Theatre', '2 km')]"
Sandalwoods,"[('Narayana Multispeciality Hospital', '2 km'), ('Telerad RXDX Kadugodi', '2 km'), ('Whitefield Metro Station', '2 km'), ('Whitefield Railway Station', '2 km'), ('International Tech Park', '3 km'), ('Q Cinemas', '2 km')]"
Sanjana Bliss,"[('Apollo Clinic', '1.5 km'), ('MedPlus', '0.8 km'), ('Vidyarambh Play School', '1.8 km'), ('Barbeque Nation', '1.2 km'), ('Pelekamma Temple', '1.0 km')]"
Sanjeevi Srushti,"[('Garden City University', '2 km'), ('MGA Hospital', '2 km'), ('Whitefield (Kadugodi) Metro Station', '2 km'), ('Devangonthi Railway Station', '5 km'), ('NH 648', '1 km'), ('Arya Hub Mall', '2 km'), ('SHPL IT Park', '2 km')]"
Sankaalp Residency,"[('Orchids The International School - Horamavu', '1 km'), ('Eshwar Hospital', '1.5 km'), ('MedPlus', '1.3 km'), ('St George High School', '2 km'), ('NH75', '2.5 km'), ('Kalkere Bus Stand', '2 km')]"
Sanvi Sankalpam,"[('Whitefield Global School', '2 km'), ('MVJ College of Engineering', '2 km'), ('Vasan Eye Care', '2 km'), ('Whitefield Metro Station', '2 km'), ('Nagondanahalli Main Road', '1 km'), ('International Tech Park', '2 km')]"
Sapthagiri Layout,"[('Srujana Hospital', '2.0 km'), ('Sacretis School', '1.8 km'), ('Wipro EC Bus Stand', '1.5 km'), ('E-City Family Dental Centre', '2.0 km'), ('New Horizon Eng School', '2.0 km')]"
Sapthagiri Nivas,"[('Shekhar Hospital Jayanagar', '2.0 km'), ('Jain University', '1.8 km'), ('Jayanagar 9th Block Market', '1.5 km'), ('Holy Saint English School', '2.0 km'), ('Sahakari Vidyakendra AHPS Jayanagar', '2.0 km')]"
Sapthagiri Nivas Apartment,"[('Sri Balaji Speciality Clinic & Diagnostic Center', '2.0 km'), ('Tiny Angels English Primary School', '1.8 km'), ('Jayanagar 9th Block Market', '1.5 km'), ('CMS Business School', '2.0 km'), ('Aindra Systems', '2.0 km')]"
Sapthagiri Sandalwood Project,"[('Narayana Multispeciality Hospital', '2 km'), ('Telerad RXDX Kadugodi', '2 km'), ('Whitefield Metro Station', '2 km'), ('Whitefield Railway Station', '2 km'), ('International Tech Park', '2 km'), ('MVJ College of Engineering', '3 km')]"
Sapthagiri Sandalwoods,"[('National Public School', '1 km'), ('Whitefield Highway', '1.1 km'), ('Kadugodi Railway Station', '1.9 km'), ('Whitefield (Kadugodi) Metro Station', '2.7 km'), ('Novel Office Complex', '5.9 km'), ('Nexus Shantiniketan Mall', '7.5 km')]"
Saranag by Sumadhara,"[('Geetha Hospital', '2 km'), ('S.N. Hospital', '2 km'), ('Telerad RXDX Kadugodi', '2 km'), ('Bidarahalli Road', '1 km'), ('Whitefield Railway Station', '3 km'), ('Orion Uptown Mall', '3 km')]"
Saranya Shantiniketan,"[('Kuvempu Smaraka Vidya Kendra School', '2 km'), ('Neev School', '2 km'), ('Agarwal Eye Hospital', '2 km'), ('Whitefield Main Road', '1 km'), ('Nexus Shantiniketan Mall', '3 km'), ('Whitefield (Kadugodi) Metro Station', '2 km')]"
Saraswathi Residency,"[('Venkateshwara Clinic', '1.0 km'), ('Himalaya Medicals', '0.5 km'), ('Bangalore International Public School', '1.5 km'), ('Shanthi Sagar', '1.2 km'), ('Chikkalasandra Raghavendra Swami Mutt', '1.0 km')]"
Saravana Tranquil Heights,"[('Aveksha Hospital', '2.0 km'), ('Government Hospital', '2.5 km'), ('Sambhram Institute of Technology', '2.0 km'), ('Yelahanka Junction', '3.0 km'), ('Mall of Asia', '4.0 km'), ('Bellary Road', '1.0 km')]"
Saritha Opulence,"[('Dr. Shyamala Reddy Dental College', '2 km'), ('Apollo Clinic', '2 km'), ('Marathahalli Main Road', '1 km'), ('Kundalahalli Metro Station', '2 km'), ('Forum Value Mall', '3 km'), ('Innovative Multiplex', '2 km')]"
Saroj Enclave,"[('Shree Vijayalakshmi Hospital', '1.5 km'), ('Yuvalok School', '2.0 km'), ('Manasa Public School', '1.5 km'), ('Thanisandra Railway Station', '2.0 km'), ('Bhartiya Mall of Bengaluru', '2.0 km'), ('Elements Mall', '2.5 km'), ('REVA University', '3.0 km')]"
Sashank Aavaas,"[('Akshaya Nursing Home Yelahanka', '1.5 km'), ('Aveksha Hospital', '1.8 km'), ('Sambhram Institute of Technology', '2.0 km'), ('Yelahanka Junction', '3.0 km'), ('The Galleria Mall', '3.5 km'), ('Doddaballapur Main Road', '1.0 km')]"
Sashank Advaith,"[('Stanford Speciality Hospital', '2.0 km'), ('Amrita School of Engineering', '1.8 km'), ('Hosa Road Metro Station', '2.0 km'), ('Vibgyor High School', '2.5 km')]"
Sathya Sai Paradise,"[('St. Aloysius Pre University College', '2 km'), ('Holy Angel’s High School', '2 km'), ('Lakeside Medical Centre and Hospital', '2 km'), ('Whitefield Metro Station', '2 km'), ('International Tech Park', '2 km')]"
Sattva Anugraha,"[('Vijayanagar Metro Station', '1.5 km'), ('GT World Mall', '2.0 km'), ('St.Pauls School', '1.8 km'), ('Shobha Hospital', '2.0 km'), ('Bangalore University', '2.0 km')]"
Sattva Ashraya,"[('Kengeri Metro Station', '1.5 km'), ('The San Global School', '1.8 km'), ('Rajarajeshwari Hospital', '2.0 km'), ('Christ (Deemed to be University)', '2.0 km')]"
Sattva Bliss,"[('Shri Ram Global School', '2 km'), ('Garden City University', '2 km'), ('MVJ Hospital', '2 km'), ('Whitefield (Kadugodi) Metro Station', '2 km'), ('Old Madras Road', '1 km'), ('Orion Uptown Mall', '2 km'), ('Bearys Global Research Triangle', '3 km')]"
Sattva Divinity,"[('SS Sparsh Hospital', '2.0 km'), ('PES University', '1.8 km'), ('Nayandahalli Metro Station', '1.5 km'), ('Gopalan Arcade Mall', '2.0 km'), ('Orchids The International School', '2.0 km')]"
Sattva East Crest,"[('NH648', '1 km'), ('Hoskote Road', '1.5 km'), ('Prerana International School', '2 km'), ('Orion Uptown Mall', '2.5 km'), ('East Point Multi-Speciality Hospital', '3 km'), ('Garden City University', '6 km'), ('Kadugodi Metro Station', '5 km')]"
Sattva East Crest Bandapura,"[('Prerana International School', '700 m'), ('NH75', '1 km'), ('Hoskote Road', '1.8 km'), ('Orion Uptown Mall', '2.1 km'), ('East Point Multi-Speciality Hospital', '3.4 km'), ('Garden City University', '6.3 km'), ('Kadugodi Metro Station', '5 km')]"
Sattva Exotic,"[('Saralaya Hospitals', '1.5 km'), ('Delhi Public School', '1.0 km'), ('The Galleria Mall', '2.0 km'), ('Brindavan College of Engineering', '1.5 km'), ('Yelahanka Junction', '3.0 km'), ('Dodjala Railway Station', '3.5 km'), ('Kogilu Lake Walk Park', '1.0 km')]"
Sattva Laurel Heights,"[('Nagasandra Metro Station', '1.5 km'), ('Elements Mall', '2.0 km'), ('Delhi Public International School', '1.8 km'), ('Sambhram Academy Of Management', '2.0 km'), ('Ramaiah Memorial Hospital', '2.0 km')]"
Sattva Luma,"[('Geethanjali Public School', '4.2 km'), ('AI Vidya First Grade College', '1.6 km'), ('Chiguru Hospital', '450 m'), ('Rajanukunte Railway Station', '2.1 km'), ('The Galleria Mall', '5.0 km'), ('SH 9', '60 m'), ('Nagarjuna Pre University College', '3.0 km')]"
Sattva Luxuria,"[('Parsh Hospital', '4.2 km'), ('Kendriya Vidyalaya IISC', '0.8 km'), ('Yeshwantpur Metro Station', '1.7 km'), ('Orion Mall', '1.2 km'), ('Atria University', '6.1 km'), ('Rajajinagar IT Park', '5.4 km'), ('Yesvantpur Junction', '0.95 km')]"
Sattva Magnificia,"[('Bethel School', '1.5 km'), ('Garden City University', '7.1 km'), ('Mahaveer Hospitals', '2.1 km'), ('Benniganahalli Metro Station', '0.13 km'), ('Krishnarajapuram Railway Station', '1.6 km'), ('Gopalan Grand Mall', '0.9 km'), ('Old Madras Road', '1 km')]"
Sattva Signet,"[('Stanford Speciality Hospital', '2 km'), ('NH44', '2 km'), ('St. Peter’s School', '1 km'), ('Market Square Mall Sarjapur Road', '4 km'), ('Spandana Hospital', '3 km'), ('Amrita Vishwa Vidyapeetham', '3 km')]"
Sattva Songbird,"[('NH75', '700 m'), ('RCB International School', '7.3 km'), ('SN Hospital', '6.7 km'), ('Whitefield (Kadugodi) Metro Station', '9 km'), ('Garden City University', '9.1 km'), ('KR Puram Metro Station', '5 km'), ('Gopalan Signature Mall', '6 km')]"
Savyasachi Sarayu,"[('Ideal Nursing Home', '1.5 km'), ('Bangalore Diabetes Hospital', '2.0 km'), ('Mount Carmel College', '1.8 km'), ('Bangalore Cantonment Railway Station', '2.0 km'), ('Elements Mall', '3.0 km')]"
Sdhya Sunshine,"[('Sri Balagangadaranatha Swamy Hosahalli Metro Station', '1.5 km'), ('Shivakrupa Hospital', '2.0 km'), ('Gayathri Hospital Bengaluru Urban', '2.0 km'), ('Vasavi Polytechnic College', '1.8 km')]"
Sekhar Alturas,"[('Global Indian International School', '3 km'), ('Narayana Multispeciality Hospital', '3 km'), ('Sarjapur Main Road', '2 km'), ('Carmelaram Railway Station', '3 km'), ('RGA Techpark', '4 km'), ('Market Square Mall', '3 km')]"
Serenity Gardens by SNN Estates,"[('Royal Meenakshi Mall', '3.5 km'), ('Orchids The International School', '6.5 km'), ('Christ University Bannerghatta Rd', '4.6 km'), ('Harita IT Park', '9.5 km'), ('Rashtreeya Vidyalaya Metro Station', '10.4 km')]"
Sethi Woods Apartment,"[('RMV Hospital', '1.5 km'), ('Mamta Hospital', '2.0 km'), ('Shiksha Sagar High School', '1.8 km'), ('New BEL Road', '1.5 km'), ('UAS School', '2.0 km')]"
Seven Hills Sreepadam Nivasa,"[('Cambridge Institute of Technology', '2 km'), ('Garden City College', '2 km'), ('Deepa Hospital', '2 km'), ('Sri Lakshmi Super Speciality Hospital', '2 km'), ('KR Puram Railway Station', '2 km'), ('Old Madras Road', '1 km'), ('Gopalan Signature Mall', '2 km')]"
Shakeeb Garden,"[('Heritage International School', '2 km'), ('Florida College of Management and Computer Science', '2 km'), ('CDEC Hospital', '2 km'), ('Vasan Eye Care Hospital Banaswadi', '2 km'), ('Arabic College Metro Station', '2 km'), ('Elements Mall', '3 km')]"
Shakthi Developer,"[('Hebbagodi Metro Station', '1.5 km'), ('JJ Hospitals', '1.5 km'), ('Vimalaya Hospital', '2.0 km'), ('Ebenezer International School', '1.8 km'), ('Infosys Office', '2.5 km')]"
Shakthi Regency,"[('Global City International School', '2 km'), ('LR International School', '2 km'), ('Medihope Super Specialty Hospital', '2 km'), ('Comfort Multispeciality Hospital', '2 km'), ('Old Madras Road', '1 km'), ('Gopalan Signature Mall', '2 km')]"
Shanders Dwellgton,"[('Huskur Road Metro Station', '1.5 km'), ('JJ Hospitals', '1.5 km'), ('Vimalaya Hospital', '2.0 km'), ('Ebenezer International School', '1.8 km'), ('Infosys Office', '2.5 km')]"
Shanthi Park,"[('Ragigudda Metro Station', '2.0 km'), ('Jnana Sanjeevini Hospital', '1.5 km'), ('Kumarans HPS Jayanagar', '1.8 km'), ('Woodys', '1.2 km')]"
Shapoorji Pallonji Parkwest,"[('The Venlakh Hospital', '2.0 km'), ('ORCHIDS The International School', '1.8 km'), ('Mysuru Road Metro Station', '1.5 km'), ('Karnataka Samskrit University', '2.0 km'), ('ETA Namma Mall', '2.0 km')]"
Shapoorji Pallonji Parkwest 2,"[('Gayathri Hospital Pvt Ltd', '2.0 km'), ('ORCHIDS The Int School Majestic', '1.8 km'), ('Kempegowda Metro Station Majestic', '1.5 km'), ('ETA Namma Mall', '2.0 km'), ('Karnataka Samskrit University', '2.0 km')]"
Shapoorji Pallonji Parkwest 3,"[('Balaji Hospital', '2.0 km'), ('Jawahar School', '1.8 km'), ('Kempegowda Metro Station Majestic', '1.5 km'), ('ETA Namma Mall', '2.0 km'), ('Retina Institute Of Karnataka', '2.0 km')]"
Shapoorji Parkwest Phase 2,"[('Balaji Hospital', '2.0 km'), ('Jawahar School', '1.8 km'), ('Mysuru Road Metro Station', '1.5 km'), ('Retina Institute Of Karnataka', '2.0 km'), ('Godwin English School', '2.0 km')]"
Shashwathi Residency,"[('Vijayashree Hospitals', '1.5 km'), ('Krishna Medicals', '0.8 km'), ('Silicon Valley LPS', '1.8 km'), ('KFC', '1.2 km'), ('Immaculate Conception Church', '1.0 km')]"
Sheshadri Residency,"[('Soul Space Spirit Centro Mall', '2 km'), ('Apollo Hospital', '2 km'), ('NH44', '1 km'), ('Bellandur Road Railway Station', '2 km'), ('Sakra World Hospital', '3 km'), ('Geetanjali Olympiad School', '3 km')]"
Shirdi Sai Concord Heights,"[('Sai Hospital', '1.5 km'), ('Regal Hospital', '2.0 km'), ('Karnataka College', '1.8 km'), ('Samar International Islamic School', '2.0 km'), ('Bhartiya Mall of Bengaluru', '2.5 km'), ('Tanisandra Railway Station', '2.0 km')]"
Shiva Ganga Pearls,"[('Unity Hospital Bengaluru Urban', '2.0 km'), ('Rajarajeshwari Vidya Shala', '1.8 km'), ('Rajarajeshwari Nagar Metro Station', '1.5 km'), ('Global Village Tech Park', '2.0 km'), ('Carmel School Ground', '2.0 km')]"
Shiva Shakthi Home,"[('Samastha Hospitals Pvt Ltd', '2.0 km'), ('Rays Academy For Learning', '1.8 km'), ('Uttarahalli Bus Station', '1.5 km'), ('Kammavari Sangha Institute of Technology', '2.0 km'), ('Insight Academy', '2.0 km')]"
Shiva Woods,"[('S K Hospital Bengaluru Urban', '2.0 km'), ('National Law School of India University', '1.8 km'), ('Nagarbhavi Bus Stop', '1.5 km'), ('Gurushree Hitech Multispeciality Hospital', '2.0 km'), ('Siddaganga Public School', '2.0 km')]"
Shivadurga Deepthi,"[('Ring Road Hospital', '2.0 km'), ('Apollo Convent', '1.8 km'), ('Banashankari Bus Stop', '1.5 km'), ('Aditya Netralaya', '2.0 km'), ('Sri Krishna PU College', '2.0 km')]"
Shivani Residency,"[('Vasan Eye Care Hospital', '1.5 km'), ('Chinmaya Vidya Kendra', '1.8 km'), ('Deccan Paradise', '1.2 km'), ('Ganesh Temple', '1.0 km')]"
Shivanjali,"[('Dhanush Hospital', '2.0 km'), ('Chandra Gymkhana Institute', '1.8 km'), ('Vijaya Hospital', '2.0 km'), ('Gurushree Hitech Multispeciality Hospital', '2.0 km')]"
Shivaranjani,"[('Panacea Hospital Nagarabhavi', '2.0 km'), ('Orchids The International School', '1.8 km'), ('Nagarbhavi Bus Stop', '1.5 km'), ('Vijaya Hospital', '2.0 km'), ('Dhanush Hospital', '2.0 km')]"
Shivkrupa,"[('Vijaya Hospital', '2.0 km'), ('Chandra Gymkhana Institute', '1.8 km'), ('Dhanush Hospital', '2.0 km'), ('Gurushree Hitech Multispeciality Hospital', '2.0 km')]"
Shoba City,"[('Navya Hospital', '1.5 km'), ('Sai Hospital', '2.0 km'), ('Kensri School', '1.8 km'), ('Tanisandra Railway Station', '2.0 km'), ('Bhartiya Mall of Bengaluru', '2.5 km')]"
Shravanthi Alpyne,"[('Sri Sai Ram Hospital', '2.0 km'), ('Insight Academy', '1.8 km'), ('Yelachenahalli Metro Station', '1.5 km'), ('Rays Academy For Learning', '2.0 km'), ('Dayanand Sagar College of Engineering', '2.5 km')]"
Shravanthi Premier,"[('Uttarahalli Bus Station', '1.5 km'), ('St. Marthas Hospital', '2.0 km'), ('Government School', '1.8 km'),('Sri Chaitanya Techno School', '2.5 km'), ('Bangalore International Public School', '2.0 km')]"
Shravanthi Pristine,"[('Narayana Nethralaya', '2.0 km'), ('Vasan Eye Care Hospital', '2.0 km'), ('Islamia Institute of Technology', '1.8 km'), ('T John Institute of Technology', '2.5 km'), ('BMTC Bus Depot 34', '2.0 km')]"
Shree Krishna E Golden Heights,"[('NV Hospital', '0.027 km'), ('Silicon Valley High School', '0.55 km'), ('The Oterra Hotel', '3.9 km'), ('Manipal University', '6.6 km'), ('Nexus Mall Koramangala', '13.8 km')]"
Shree Nandana Elite,"[('Medax Vijayashree Hospital', '1.8 km'), ('Unique High International School', '2.0 km')]"
Shreedevi Dev Indira Paradise,"[('Bangalore Prime Hospital', '1.5 km'), ('Regal Hospital', '1.8 km'), ('Karnataka College', '1.0 km'), ('Tanisandra Railway Station', '2.0 km'), ('Bhartiya Mall of Bengaluru', '2.0 km'), ('Elements Mall', '2.5 km'), ('Samar International Islamic School', '1.0 km')]"
Shri Aravd Residency,"[('Metro Hospital', '1.5 km'), ('Arpitha Medicals', '0.8 km'), ('Insight Academy', '1.8 km'), ('Karanth Upahar', '1.2 km'), ('Vinayaka Temple', '1.0 km')]"
Shri Bhavani Residency,"[('Akshara Eye Hospital', '1.5 km'), ('MedPlus', '0.8 km'), ('Orchids The International School BTM', '1.8 km'), ('Cafe Coffee Day', '1.2 km'), ('Shaneeshwara Temple', '1.0 km')]"
Shri Krishna Apartments,"[('Santhamma Hospital', '1.5 km'), ('Soukya Hospital', '1.8 km'), ('Little Lillys School', '1.0 km'), ('Yelahanka Junction', '3.0 km'), ('The Galleria Mall', '3.5 km'), ('Doddaballapur Main Road', '1.0 km')]"
Shri Sai Associates,"[('Nova Hospital', '1.5 km'), ('Bilva Hospital', '2.0 km'), ('Kindergarten', '1.8 km'), ('Sampige Road Metro Station', '2.0 km'), ('Mantri Square Mall', '2.5 km')]"
Shri Sai Mounika Espancia,"[('St George High School', '2 km'), ('Sunshine Childrens Home and School', '2 km'), ('Cloudnine Hospital', '2 km'), ('Shishuka Childrens Speciality Hospital', '2 km'),  ('Horamavu Main Road', '1 km'), ('Phoenix Marketcity', '3 km')]"
Shriram 107 Southeast,"[('Athreya Hospital', '1.5 km'), ('MEGA International School', '1.8 km'), ('Attibele Bus Stand', '2.0 km'), ('Alliance University', '3.0 km'), ('Saraswathi Healthcare', '2.0 km')]"
Shriram Adhitya Apartments,"[('Udhbhava Hospital', '1.5 km'), ('Sri Chaitanya Techno School', '2.0 km'), ('Chikkalasandra Bus Stop', '1.5 km'), ('Royal Meenakshi Mall', '4.0 km'), ('Bangalore International Public School', '2.0 km')]"
Shriram Adithya,"[('C.S.Hospital', '2.0 km'), ('Bangalore International Public School', '1.8 km'), ('Chikkalasandra Bus Stop', '1.5 km'), ('Maharaja Agrasen Hospital Bengaluru Urban', '2.0 km'), ('Sri Chaitanya Techno School', '2.0 km')]"
Shriram Blue,"[('National Public School Whitefield', '2 km'), ('Garden City University', '2 km'), ('Koshys Multispecialty Hospital', '2 km'), ('Old Madras Road Hosabasavanapura', '1 km'), ('Orion UPTOWN Mall Huskur', '2 km'), ('Whitefield Metro Station', '2 km'), ('Phoenix Marketcity', '3 km')]"
Shriram Codename Destination,"[('Sri Shirdi Sai Hospital', '1.5 km'), ('Devanahalli Railway Station', '2.0 km'), ('Govt High School', '2.5 km'), ('Nandi Upahara', '1.8 km'), ('The Arcade', '6.0 km'), ('Bengaluru Signature Business Park', '9.0 km')]"
Shriram Codename Dil Chahta Hai,"[('Athreya Hospital', '1.5 km'), ('MEGA International School', '1.8 km'), ('Attibele Bus Stand', '2.0 km'), ('Alliance University', '3.0 km'), ('Hebbagodi Metro Station', '5.0 km')]"
Shriram Codename Smash Hit,"[('Vidyashankara Public School', '3.3 km'), ('Presidency University', '1.7 km'), ('Omega Multispeciality Hospital', '3.8 km'), ('The Galleria Mall', '5.5 km'), ('Yelahanka Junction', '4.0 km'), ('Doddaballapur Main Road', '1.0 km'), ('SH 9', '5.6 km')]"
Shriram Greenfield,"[('Bangalore International School', '2 km'), ('East Point College Of Medical Sciences', '2 km'), ('MVJ Hospital, Dandupalya', '2 km'), ('Orion UPTOWN Mall', '2 km'), ('Channasandra Railway Station', '2 km'), ('NH648', '1 km')]"
Shriram Liberty Square,"[('Mazumdar Shaw Medical Center', '2.0 km'), ('St. Joseph Chaminade Academy', '1.8 km'), ('Heelalige Railway Station', '2.0 km'), ('Ittina Neela Shopping Complex', '2.5 km'), ('St. Francis de Sales Degree College', '2.5 km')]"
Shriram Luxor,"[('Regal Hospital', '1.5 km'), ('Bangalore Prime Hospital', '1.8 km'), ('Karnataka College', '1.0 km'), ('Thanisandra Railway Station', '2.0 km'), ('Bhartiya Mall of Bengaluru', '2.0 km'), ('Elements Mall', '2.5 km'), ('REVA University', '3.0 km')]"
Shriram Mystique,"[('Goraguntepalya Metro Station', '1.5 km'), ('People Tree Hospitals', '2.0 km'), ('Raksha Multispeciality Hospital', '2.0 km'), ('Orchids The International School', '1.8 km'), ('Yesvantpur Junction Railway Station', '1.5 km')]"
Shriram Sadhana,"[('Shirdi Sai Hospital', '1.5 km'), ('Sri Sai Krupa Hospital Bengaluru Urban', '1.8 km'), ('Saint Claret School', '2.0 km'), ('Yeshwantpur Junction', '3.0 km'), ('Mantri Square Mall', '3.5 km'), ('Jalahalli Metro Station', '2.5 km')]"
Shriram Sahaana,"[('Omega Multispeciality Hospital', '2.5 km'), ('B.M.S. Institute of Technology and Management', '2.0 km'), ('Nitte Meenakshi Institute of Technology', '2.5 km'), ('Yelahanka Junction', '3.5 km'), ('The Galleria Mall', '4.0 km'), ('Doddaballapur Main Road', '1.0 km'), ('Ryan International School', '3.0 km')]"
Shriram Sameeksha,"[('Fathima Hospital', '1.5 km'), ('Government Hospital', '1.8 km'), ('Mallige School of Nursing', '2.0 km'), ('Jalahalli Metro Station', '2.5 km'), ('Mall of Asia', '4.0 km'), ('Yelahanka Junction', '3.0 km'), ('Air Force School', '2.0 km')]"
Shriram Solitaire,"[('Sunshine Public School', '3.3 km'), ('Omega Multispeciality Hospital', '3.8 km'), ('The Galleria Mall', '5.5 km'), ('Yelahanka Junction', '4.0 km'), ('Bellary Road', '1.0 km'), ('REVA University', '5.0 km'), ('Nagarjuna Pre University College', '3.0 km')]"
Shriram Southern Crest,"[('Agar Hospital Kumaraswamy Layout', '1.7 km'), ('My Digital School', '0.1 km'), ('Gopalan Innovation Mall', '3.9 km'), ('Dayananda Sagar University', '1.8 km'), ('Jnanabharathi Metro Station', '10.1 km')]"
Shriram Suhaana,"[('Omega Multispeciality Hospital', '2.5 km'), ('B.M.S. Institute of Technology and Management', '2.0 km'), ('Nitte Meenakshi Institute of Technology', '2.5 km'), ('Yelahanka Junction', '3.5 km'), ('The Galleria Mall', '4.0 km'), ('Doddaballapur Main Road', '1.0 km'), ('Ryan International School', '3.0 km')]"
Shriram Summit,"[('Narayana Health City', '2.0 km'), ('Ebenezer International School', '2.5 km'), ('Heelalige Railway Station', '2.0 km'), ('D Mart', '2.0 km'), ('Forum Mall', '3.0 km')]"
Shriram Surabhi,"[('Aikya Healthcare', '1.5 km'), ('Florence Public School', '2.0 km'), ('BLR Brewing Company', '1.2 km'), ('Vajramuneshwara Temple', '1.0 km')]"
Shriram Suvilas Garden of Joy,"[('Aveksha Hospital', '1.5 km'), ('Ashok International Public School', '1.0 km'), ('Jalahalli Metro Station', '2.0 km'), ('Mall of Asia', '3.0 km'), ('Orion Mall', '3.5 km'), ('Chikka Banavara Junction', '2.5 km'), ('Ramaiah University of Applied Sciences', '2.0 km')]"
Shriram WYT Field,"[('KR Puram Tech Park', '1 km'), ('Phoenix Marketcity', '2 km'), ('Gopalan Signature Mall', '2 km'), ('Vydehi Hospital', '1.5 km'), ('Manipal Hospital', '1.5 km'), ('Vibgyor High School', '1 km'), ('Prestige International School', '1 km')]"
Shubha Shree Sivadurga,"[('Vijaya Hospital', '2.0 km'), ('Chandra Gymkhana Institute', '1.8 km'), ('Govindraja Nagar Bus Stop', '1.5 km'), ('Dhanush Hospital', '2.0 km'), ('Gurushree Hitech Multispeciality Hospital', '2.0 km')]"
Siddartha Serenity,"[('Akshara Eye Hospital', '1.5 km'), ('MedPlus', '0.8 km'), ('Orchids The International School BTM', '1.8 km'), ('Cafe Coffee Day', '1.2 km'), ('Shaneeshwara Temple', '1.0 km')]"
Siddartha Srikara,"[('Fosa Humanitarian Hospital', '1.5 km'), ('AMC Engineering College', '2.0 km'), ('Royal Meenakshi Mall', '2.5 km'), ('Vijayashree Hospitals', '2.0 km'), ('Skalvi International School', '2.5 km')]"
Siddha Basil,"[('Kethams Hospital Pvt. Ltd', '1.5 km'), ('Air Force School', '1.0 km'), ('Yelahanka Junction', '3.0 km'), ('The Galleria Mall', '3.5 km'), ('Doddaballapur Main Road', '1.0 km'), ('State Bank of India Vidyaranyapura Branch', '1.0 km'), ('Little Lillys School', '1.5 km')]"
Siddhartha Gagan Lake View,"[('Hoodi Primary School', '2 km'), ('Hoodi High School', '2 km'), ('Gopalan International School', '2 km'), ('Narayana Multispeciality Hospital', '2 km'), ('Hoodi Railway Station', '2 km'), ('International Tech Park', '2 km')]"
Signature Splendor,"[('Mazumdar Shaw Medical Center', '2.0 km'), ('SRT Mall', '2.5 km'), ('Heelalige Railway Station', '2.0 km'), ('Green Dot Intl School Bandapura', '2.0 km'), ('Spurthy College of Science & Management', '2.5 km')]"
Silicon Prime,"[('Vijayashree Hospitals', '2.0 km'), ('Narayana Nethralaya', '2.0 km'), ('Sudarshan Public School', '1.8 km'), ('BMTC Bus Depot 34', '2.0 km'), ('T John Institute of Technology', '2.5 km')]"
Silicon Terrace,"[('S.J. Hospital', '2.0 km'), ('RMV Hospital', '2.0 km'), ('Naidu Layout Bus Stop', '1.5 km')]"
Silver Crown Apartments,"[('Hospitec Multispeciality Hospital', '2.0 km'), ('VIBGYOR High School', '1.8 km'), ('Hosa Road Metro Station', '1.5 km'), ('Amrita School of Engineering', '2.5 km'), ('Royal Meenakshi Mall', '2.0 km')]"
Sipani Bliss Phase 2,"[('Bommasandra Metro Station', '1.5 km'), ('Athreya Hospital', '2.0 km'), ('Naryana Hrudalya', '2.0 km'), ('Heelalige Railway Station', '2.0 km'), ('London Hospital', '2.5 km')]"
Sipani Royal Heritage,"[('Athreya Hospital', '1.8 km'), ('Spurthy Global School', '2.0 km'), ('Vemana International School', '2.5 km')]"
Sipani Samuha,"[('Nagasandra Metro Station', '0.7 km'), ('Soundarya School', '1.9 km'), ('Parsh Hospital', '6.2 km'), ('Royal College', '10.2 km'), ('Orion Mall', '8.5 km')]"
Sipani Viveza,"[('Electronic City Metro Station', '2.0 km'), ('Sri Laxmi Hospital', '1.5 km'), ('S K Public School', '1.8 km'), ('Manipal University', '2.0 km')]"
Siri Nandhana Uttarahalli,"[('C.S.Hospital', '2.0 km'), ('Bright Way School', '1.8 km'), ('Chikkalasandra Bus Stop', '1.5 km'), ('Maharaja Agrasen Hospital Bengaluru Urban', '2.0 km'), ('Bangalore International Public School', '2.0 km')]"
Siri Sai Castle,"[('Vasan Eye Care Hospital Rajarajeswari Nagar', '2.0 km'), ('PES University', '1.8 km'), ('Nayandahalli Metro Station', '1.5 km'), ('B M Valley School', '2.0 km'), ('Rajarajeshwari Nagar Metro Station', '2.0 km')]"
Siri Spoorthi Enclave,"[('C.S.Hospital', '2.0 km'), ('Bangalore International Public School', '1.8 km'), ('Chikkalasandra Bus Stop', '1.5 km'), ('Maharaja Agrasen Hospital Bengaluru Urban', '2.0 km'), ('Prarthana School', '2.0 km')]"
Siri Vayaka Aspire,"[('Venkateshwara Clinic', '1.0 km'), ('Medplus', '0.5 km'), ('Bangalore International Public School', '1.5 km'), ('South Grand', '1.2 km'), ('Government School', '1.0 km')]"
Siroya Environ,"[('Baptist Hospital', '1.5 km'), ('Poornima Hospital', '2.0 km'), ('Sukrupa School', '1.8 km'), ('Hebbal Railway Station', '2.0 km'), ('Elements Mall', '2.5 km')]"
Sivadurga,"[('Vijaya Hospital', '2.0 km'), ('Cordial High School', '1.8 km'), ('Govindraja Nagar Bus Stop', '1.5 km'), ('Dhanush Hospital', '2.0 km'), ('Bharathy Hospital', '2.0 km')]"
Skanda Homes,"[('Rajnandani Hospital Bangalore', '2.0 km'), ('Srinidhi Public School', '1.8 km'), ('Yelachenahalli Metro Station', '1.5 km'), ('Konanakunte Government Hospital', '2.0 km'), ('Capitol Public School', '2.0 km')]"
Skandha Homes,"[('Rajnandani Hospital Bangalore', '2.0 km'), ('Greenvalley High School', '1.8 km'), ('Yelachenahalli Metro Station', '1.5 km'), ('Capitol Public School', '2.0 km'), ('Amaravathy PU College', '2.0 km')]"
Sky Le Aura,"[('Bangalore Prime Hospital', '1.5 km'), ('Teresa Bacq School', '1.0 km'), ('Thanisandra Railway Station', '2.0 km'), ('Bhartiya Mall of Bengaluru', '2.0 km'), ('Elements Mall', '2.5 km'), ('Samar International Islamic School', '1.0 km'), ('Manasa Public School', '1.5 km')]"
Skylark Arcadia,"[('Hoodi Primary School', '2 km'), ('Narayana Multispeciality Hospital', '2 km'), ('Cloud Nine Hospital', '2 km'), ('Hoodi Railway Station', '2 km'), ('International Tech Park', '2 km'), ('VR Mall', '2 km')]"
Skyle Beverly Park,"[('Amrutha Hospital', '1.5 km'), ('Eswar Women and Day Care Hospital', '2.0 km'), ('Jawaharlal Nehru Centre For Advanced Scientific Research', '2.5 km'), ('Elements Mall', '3.0 km'), ('Sharada School', '2.0 km')]"
Skyle Solstice,"[('New Baldwins School', '2 km'), ('St. George College of Management Science & Nursing', '2 km'), ('Motherhood Women & Children Hospital', '2 km'), ('Milaan Hospital', '2 km'), ('Banaswadi Main Road', '1 km'), ('Gopalan Signature Mall', '3 km')]"
Skyrah Lake View Apartment,"[('Hoodi Primary School', '2 km'), ('Cambridge Institute of Technology', '2 km'), ('Seegehalli Government Hospital', '2 km'), ('S.N. Hospital', '2 km'), ('Hoodi Railway Station', '2 km'), ('International Tech Park', '2 km')]"
Smaran Shrushti Apartment,"[('Nagarbhavi Circle Bus Stop', '1.5 km'), ('Panacea Hospital Nagarabhavi', '2.0 km'), ('Chandana Hospital', '2.0 km'), ('Dr. Ambedkar Institute of Technology', '1.8 km'), ('National Law School of India University', '2.0 km')]"
Snow Drops Residency,"[('Pulse Multispeciality Hospital', '2.0 km'), ('Jnana Deepthi English School', '1.8 km'), ('Deepanjali Nagar Metro Station', '1.5 km'), ('Auden Public School', '2.0 km'), ('PES University', '2.5 km')]"
Sobha Althea,"[('Akshaya Nursing Home', '1.5 km'), ('Omega Multispeciality Hospital', '2.0 km'), ('N4 Srishti Institute of Art Design', '1.0 km'), ('Poorna Prajna Education Center', '1.5 km'), ('Yelahanka Junction', '2.0 km'), ('The Galleria Mall', '2.0 km')]"
Sobha Brooklyn Towers,"[('Bommasandra Metro Station', '1.5 km'), ('Alliance University', '2.0 km'), ('Athreya Hospital', '2.0 km'), ('Jnana Jyoti Public School', '1.8 km'), ('Heelalige Railway Station', '2.0 km')]"
Sobha Chrysanthemum,"[('Bangalore Prime Hospital', '1.5 km'), ('Samar International Islamic School', '2.0 km'), ('Tanisandra Railway Station', '2.0 km'), ('Bhartiya Mall of Bengaluru', '2.5 km'), ('Manasa Public School', '2.0 km')]"
Sobha City,"[('Good Health Hospital', '1.5 km'), ('Mannath School', '1.0 km'), ('Bhartiya Mall of Bengaluru', '2.0 km'), ('Thanisandra Railway Station', '2.0 km'), ('REVA University', '2.5 km'), ('Elements Mall', '2.5 km'), ('Jakkur Aerodrome', '3.0 km')]"
Sobha City Athena,"[('Aster CMI Hospital', '2.0 km'), ('Capitol Public School', '1.5 km'), ('Reva University', '2.5 km'), ('Elements Mall', '3.0 km'), ('Thanisandra Railway Station', '2.0 km'), ('Manyata Tech Park', '3.5 km'), ('Baiyappanahalli Metro Station', '4.0 km')]"
Sobha City Casa Paradiso,"[('Regal Hospital', '1.5 km'), ('Sai Hospital', '2.0 km'), ('Karnataka College', '1.8 km'), ('Tanisandra Railway Station', '2.0 km'), ('Bhartiya Mall of Bengaluru', '2.5 km')]"
Sobha City Casa Serenita,"[('Regal Hospital', '1.5 km'), ('Sai Hospital', '2.0 km'), ('Karnataka College', '1.8 km'), ('Tanisandra Railway Station', '2.0 km'), ('Bhartiya Mall of Bengaluru', '2.5 km')]"
Sobha City Mykonos,"[('Aster CMI Hospital', '2.0 km'), ('VIBGYOR High School', '2.5 km'), ('Reva University', '3.0 km'), ('Bhartiya Mall of Bengaluru', '2.0 km'), ('Thanisandra Railway Station', '2.0 km'), ('NH44', '1.5 km'), ('Manyata Tech Park', '3.5 km')]"
Sobha City Santori,"[('Regal Hospital', '1.5 km'), ('Sai Hospital', '2.0 km'), ('Karnataka College', '1.8 km'), ('Tanisandra Railway Station', '2.0 km'), ('Bhartiya Mall of Bengaluru', '2.5 km')]"
Sobha Dream Acres,"[('ITPL Metro Station', '3 km'), ('SH 35', '1 km'), ('Jyothi English School', '2 km'), ('Hope Hospital', '3 km'), ('Brookefield Mall', '3 km'), ('Embassy TechVillage', '4 km'), ('Whitefield Railway Station', '4 km')]"
Sobha Dream Gardens,"[('Elements Mall', '2.0 km'), ('Reva Institute', '2.5 km'), ('Delhi Public School', '2.0 km'), ('Regal Hospital', '1.5 km'), ('Cratis Hospital', '1.8 km'), ('Yelahanka Junction', '3.0 km'), ('Manyata Tech Park', '3.5 km')]"
Sobha Forest Edge,"[('Shankar Super Specialty Hospital', '2.0 km'), ('Jnana Sweekar Public School', '1.8 km'), ('Thalaghattapura Metro Station', '1.5 km'), ('Ritu Hospital', '2.0 km'), ('City Engineering College', '2.0 km')]"
Sobha Galera,"[('Prerana International School', '2 km'), ('Garden City University', '2 km'), ('MVJ Hospital', '2 km'), ('Whitefield (Kadugodi) Metro Station', '2 km'), ('Whitefield Railway Station', '2 km'), ('Orion Uptown Mall', '2 km'), ('GR Tech Park', '2 km')]"
Sobha Garrison,"[('Sapthagiri Hospital', '2.0 km'), ('AIMS Institutes', '1.8 km'), ('Nagasandra Metro Station', '1.5 km'), ('Ragavendra Hospital', '2.0 km'), ('Sapthagiri College of Engineering', '2.0 km')]"
Sobha HRC Pristine,"[('Medstar Speciality Hospital', '2.0 km'), ('B G National Public School', '1.5 km'), ('Kodigehalli Railway Station', '2.0 km'), ('Esteem Mall', '2.0 km'), ('Goraguntepalya Metro Station', '3.0 km'), ('University of Agricultural Sciences', '2.5 km'), ('Elements Mall', '2.5 km')]"
Sobha Heritage,"[('Mysore Road Metro Station', '1.5 km'), ('Gopalan Arcade Mall', '2.0 km'), ('PES University', '2.0 km'), ('S S SPARSH', '2.0 km'), ('RNS Institute of Technology', '1.8 km')]"
Sobha Hillview,"[('Unity Hospital', '2.0 km'), ('Dayananda Sagar University', '1.8 km'), ('Nagegowdanapalya Bus Stop', '1.5 km'), ('Sadana Public School', '2.0 km')]"
Sobha Indraprastha,"[('Suguna Hospital', '2.0 km'), ('Vivekananda PU College', '1.8 km'), ('Magadi Road Metro Station', '1.5 km'), ('Mantri Mall', '2.0 km'), ('Brigade School', '2.0 km')]"
Sobha Indraprastha_4th,"[('Suguna Hospital', '2.0 km'), ('Vivekananda PU College', '1.8 km'), ('Magadi Road Metro Station', '1.5 km'), ('Mantri Mall', '2.0 km'), ('Brigade School', '2.0 km')]"
Sobha Insignia,"[('Insight Academy School', '2 km'), ('New Horizon College', '2.6 km'), ('Manipal Hospital', '5.5 km'), ('Bellandur Railway Station', '2.4 km'), ('Kundalahalli Metro Station', '8.5 km'), ('Soul Space Arena Mall', '6.5 km'), ('Wells Fargo Center', '1.4 km')]"
Sobha Lake Gardens,"[('NH75', '1 km'), ('Baiyappanahalli Metro Station', '3 km'), ('Lake Montfort School', '2 km'), ('Manipal Hospital', '3 km'), ('Ascendas Park Square Mall', '4 km'), ('Cambridge PU College', '3 km'), ('ITPL Whitefield', '5 km')]"
Sobha Manhattan,"[('Springleaf Hospital', '2.0 km'), ('PESIT Bengaluru South', '1.8 km'), ('Electronic City Metro Station', '1.5 km'), ('Ramakrishna Hospital', '2.0 km'), ('Azim Premji University', '2.5 km')]"
Sobha Manhattan Towers Town Park,"[('Sri Sai Hospitals', '0.35 km'), ('Mega International School', '4.7 km'), ('Bommasandra Metro Station', '7.4 km'), ('Heelalige Railway Road', '6.4 km'), ('Spurthy College of Science', '8.2 km')]"
Sobha Marvella,"[('Orchids The International School', '2 km'), ('Christ University', '2 km'), ('Sakra World Hospital', '2 km'), ('Bellandur Road Railway Station', '2 km'), ('Market Square Mall', '2 km'), ('NH 44', '1 km'), ('Global Technology Park', '3 km')]"
Sobha Neopolis,"[('Sarah Montessori School', '1.4 km'), ('Annamalai University Bangalore', '6.1 km'), ('Akra World Hospital', '5.6 km'), ('Kadubeesanahalli Metro Station', '5.4 km'), ('SH 35', '3.9 km'), ('Virginia Mall', '6.4 km'), ('Aurbis Business Parks', '5 km')]"
Sobha Oakshire,"[('New Manasa Hospital', '2.0 km'), ('Chanakya University', '2.5 km'), ('Devanahalli Railway Station', '2.0 km'), ('Aarnav Business Park', '3.0 km'), ('Dr. A.P.J Abdul Kalam English School', '2.0 km')]"
Sobha Onyx,"[('GHPS Agara', '2 km'), ('Cambridge Public School BBMP Agara', '2 km'), ('HSR Bus Depot', '2 km'), ('Bellandur Road', '1 km'), ('Soul Space Spirit Central Mall', '2 km'), ('Ecospace Tech Park', '2 km')]"
Sobha Palm Court,"[('Shushrusha Hospital', '1.5 km'), ('G.S. St Sufi English School', '1.8 km'), ('Jhanajothy Pre University College', '2.0 km'), ('Yelahanka Junction', '2.5 km'), ('The Galleria Mall', '3.0 km'), ('Jakkur Aerodrome', '1.5 km'), ('NH44', '2.0 km')]"
Sobha Petunia,"[('Navya Hospital', '1.5 km'), ('Sri Sai Hospital', '2.0 km'), ('Kensri School', '1.8 km'), ('Nagawara Metro Station', '2.0 km'), ('Elements Mall', '2.5 km')]"
Sobha Rajvilas,"[('Railway Hospital', '2.0 km'), ('Windermere High School', '1.8 km'), ('KSR Metro Station', '1.5 km'), ('Lulu Mall Bengaluru', '2.0 km'), ('Bangalore City University', '2.0 km')]"
Sobha Rajvilas_4th,"[('Railway Hospital', '2.0 km'), ('Windermere High School', '1.8 km'), ('KSR Metro Station', '1.5 km'), ('Lulu Mall Bengaluru', '2.0 km'), ('Bangalore City University', '2.0 km')]"
Sobha Rose,"[('Delhi Public School', '2 km'), ('Neev School', '2 km'), ('Agarwal Eye Hospital', '2 km'), ('Whitefield Railway Station', '2 km'), ('Nexus Whitefield Mall', '2 km')]"
Sobha Royal Crest,"[('SS Sparsh Hospital', '2.0 km'), ('National Hill View Public School', '1.8 km'), ('Mysuru Road Metro Station', '1.5 km'), ('PES University', '2.0 km'), ('Gopalan Arcade Mall', '2.0 km')]"
Sobha Royal Pavilion,"[('Vemana Hospital', '2.0 km'), ('CMR Gandhi Public School', '2.5 km'), ('Karmelaram Railway Station', '2.0 km'), ('Market Square Mall', '2.5 km'), ('St Jeromes College', '3.0 km')]"
Sobha Royal View,"[('Samastha Hospitals Pvt Ltd', '2.0 km'), ('Gubbalala School', '1.8 km'), ('Uttarahalli Bus Station', '1.5 km'), ('RNS Institute of Technology', '2.0 km'), ('Quality Nursing Institute', '2.0 km')]"
Sobha Ruby,"[('Prakriya Hospitals', '2.0 km'), ('Surabhi International School', '1.8 km'), ('Nagasandra Metro Station', '1.5 km'), ('Christ University', '2.0 km'), ('Yesvantpur Bypass Station', '2.0 km')]"
Sobha Sapphire,"[('North Side Hospital and Diagnostic Centre', '1.5 km'), ('Amrutha Hospital', '1.8 km'), ('I Play I Learn', '1.0 km'), ('Yelahanka Junction', '3.0 km'), ('The Galleria Mall', '3.5 km'), ('Doddaballapur Main Road', '1.0 km')]"
Sobha Sentosa,"[('Orchids The International School', '2 km'), ('Patel Group of Institutions', '2 km'), ('Manipal Hospital Varthur Road', '2 km'), ('Seetharampalya Metro Station', '2 km'), ('SH 35', '1 km'), ('Brookefield Mall', '2 km'), ('International Tech Park Bangalore', '2 km')]"
Sobha Sterling Infia,"[('Government Civil Hospital', '0.4 km'), ('Freedom International School', '1.7 km'), ('The Oxford College of Science', '1.8 km'), ('Agara Bus Stop', '0.5 km'), ('Care Hospital', '2.3 km')]"
Sobha Sunscape,"[('RV College of Architektur', '1.8 km'), ('The Study', '2.0 km'), ('Nagegowdanapalya Bus Stop', '1.5 km')]"
Sobha Valley View,"[('Vittal Eye Hospital', '2.0 km'), ('PES University', '1.8 km'), ('Nayandahalli Metro Station', '1.5 km'), ('Global Academy of Technology', '2.0 km'), ('B M Valley School', '2.0 km')]"
Sobha Victoria Park,"[('Kalyan Nagar Metro Station', '2.0 km'), ('Elements Mall', '2.5 km'), ('Bangalore International School', '2.0 km'), ('Kristu Jayanti College', '2.5 km'), ('Altius Superspeciality Hospitals', '2.0 km'), ('Thanisandra Main Road', '1.0 km'), ('Manyata Tech Park', '3.0 km')]"
Sobha Windsor,"[('Garden City University', '13.7 km'), ('Manipal Hospital', '3.7 km'), ('Kadugodi Tree Park Metro Station', '3.1 km'), ('Whitefield Railway Station', '4.1 km'), ('SH 35', '1.9 km'), ('Nexus Whitefield Mall', '3.1 km'), ('International Tech Park Bangalore', '4.3 km')]"
Sobha Zircon,"[('Chaitanya Medical Centre', '1.5 km'), ('Jayalakshmi Hospital', '2.0 km'), ('Jnanadeepika School', '1.8 km'), ('Yelahanka Junction', '2.5 km'), ('The Galleria Mall', '2.0 km')]"
Soma Silver House,"[('Hospitec Multispeciality Hospital', '2.0 km'), ('Jnanajyothi Eng School', '1.8 km'), ('Singasandra Metro Station', '1.5 km'), ('Apollo Clinic', '2.0 km'), ('New Bharat International Kudlu Gate Bommana Halli', '2.0 km')]"
Son Park South,"[('Apollo Hospital', '1.0 km'), ('Lords School', '2.6 km'), ('The Brigade School', '2.2 km'), ('Bangalore Central', '1.8 km'), ('Prime Spectrum Mall', '2.1 km')]"
Son Soni Armani,"[('South City Hospital', '2.0 km'), ('Athena Public School', '1.8 km'), ('Southend Metrorail Station', '1.5 km'), ('Gopalan Arcade Mall', '2.0 km'), ('Jnanodaya Pre University', '2.0 km')]"
Sona Vistaas Bannerghatta Road,"[('Royal Meenakshi Mall', '3.0 km'), ('Fortis Hospital', '3.0 km'), ('BGS Public School', '4.0 km'), ('Apollo Hospital', '4.0 km'), ('Vega City Mall', '5.0 km')]"
Soundarya Pride,"[('K.C. General Hospital', '1.5 km'), ('Leela Hospital and Diagnostic Center', '1.8 km'), ('Bangalore Education Society', '1.0 km'), ('Malleshwaram Railway Station', '1.5 km'), ('Mantri Square Mall', '2.0 km'), ('City Central Library', '1.2 km')]"
South Avenue Layout,"[('Vijayashree Hospitals', '1.5 km'), ('Krishna Medicals', '0.8 km'), ('Silicon Valley LPS', '1.8 km'), ('KFC', '1.2 km'), ('Immaculate Conception Church', '1.0 km')]"
Sovereign Santhivasa,"[('Balaji Nursing Home', '2 km'), ('Sri Lakshmi Multi Speciality Hospital', '2 km'), ('Town Hospital', '2 km'), ('Sarjapur Main Road', '1 km'), ('Global Indian International School', '2 km'), ('RGA Techpark', '3 km'), ('Carmelaram Railway Station', '3 km')]"
Sowmya Skyla Kammasandra,"[('St. Joseph Chaminade Academy', '2.4 km'), ('Pringleaf Hospital', '4.5 km'), ('Electronic City Metro Station', '3.0 km'), ('The Oterra Hotel', '8.0 km'), ('Karmelaram Railway Station', '12.7 km')]"
Sowparnika Aashiyana,"[('St. Thomas School', '2 km'), ('Delhi Public School', '2 km'), ('Kuvempu Smaraka Vidya Kendra School', '2 km'), ('Agarwal Eye Hospital', '2 km'), ('Whitefield (Kadugodi) Metro Station', '2 km'), ('Nexus Shantiniketan Mall', '3 km')]"
Sowparnika Ashiyana,"[('NH648', '1 km'), ('Kadugodi Metro Station', '2 km'), ('Channasandra Main Road', '1.5 km'), ('Shri Ram Global School', '3 km'), ('New Life Hospital', '3.5 km'), ('MVJ College of Engineering', '4 km'), ('Nexus Shantiniketan Mall', '4.5 km')]"
Sowparnika Chandrakantha Phase 2,"[('Global Indian International School GIIS', '2 km'), ('Balaji Nursing Home', '2 km'), ('Sri Lakshmi Multi Speciality Hospital', '2 km'), ('Sarjapur Main Road', '1 km'), ('RGA Techpark', '3 km'), ('Carmelaram Railway Station', '3 km')]"
Sowparnika Columns,"[('Soukya Road', '1 km'), ('Whitefield Kadugodi Metro Station', '2 km'), ('NH648', '1.5 km'), ('Shri Ram Global School', '3 km'), ('RKB Sanjeevini Hospital', '3.5 km'), ('MVJ College of Engineering', '4 km'), ('Nexus Shantiniketan Mall', '5 km')]"
Sowparnika Flamenco,"[('Town Hospital Sarjapura', '2.0 km'), ('St. Philomenas English School', '1.8 km'), ('Apple City Mall', '2.5 km'), ('Azim Premji University', '3.0 km'), ('RGA Techpark', '3.5 km')]"
Sowparnika Indraprastha,"[('NH648', '1 km'), ('Whitefield (Kadugodi) Metro Station', '2 km'), ('Bangalore International Academy', '2 km'), ('RKB Sanjeevini Hospital', '3 km'), ('Vidyavana PU College', '3 km'), ('International Tech Park Bangalore', '5 km'), ('Nexus Shantiniketan Mall', '5 km')]"
Sowparnika Olivia Nest,"[('Bagalur - Sarjapur Road', '1 km'), ('Aikhyatha Public School', '2 km'), ('Town Hospital Sarjapura', '3 km'), ('Forum Mall The Prestige City', '3 km'), ('Azim Premji University', '4 km'), ('Prestige Tech Park', '4 km'), ('Beratena Agrahara Metro Station (upcoming)', '5 km')]"
Sowparnika Pragati,"[('Hope Farm Metro Station', '3 km'), ('Chikka Thirupati Road', '1 km'), ('Sri Ram Public School', '2 km'), ('Town Hospital Sarjapura', '3 km'), ('Azim Premji University', '4 km'), ('Forum The Prestige City', '4 km'), ('Aurbis Business Parks Pvt Ltd', '5 km')]"
Sowparnika Sanvi Phase 1,"[('Whitefield Global School', '2 km'), ('St. Thomas School', '2 km'), ('MVJ College of Engineering', '2 km'), ('Vasan Eye Care', '2 km'), ('Whitefield Metro Station', '2 km'), ('Inorbit Mall', '2 km')]"
Sowparnika Sanvi Phase 2,"[('Whitefield Global School', '2 km'), ('MVJ College of Engineering', '3 km'), ('Bhagwan Mahavir Jain Health Center', '2 km'), ('KR Puram Railway Station', '2 km'), ('Old Madras Road', '1 km'), ('Gopalan Signature Mall', '2 km')]"
Sowparnika Sunray,"[('Kengeri Metro Station', '6.3 km'), ('Christ University Kengeri Campus', '2.7 km'), ('Tattva School', '3.4 km'), ('HK Hospital', '6.1 km'), ('Gopalan Arcade Mall', '11.2 km')]"
Sowparnika Swastika,"[('N.R. Hospital', '2.0 km'), ('Attibele Bus Stop', '1.5 km'), ('Sri Raghava Childrens And General Hospital', '2.0 km'), ('Aastha Hospital', '2.0 km')]"
Sowparnikaa Swastika Apartment,"[('Attibele Bus Stand', '1.5 km'), ('Elite Hospital', '2.0 km'), ('N.R. Hospital', '2.0 km'), ('Saraswathi Healthcare', '2.0 km'), ('Shanvi Dental Clinic', '2.0 km')]"
Sparkle Marquise,"[('Vijayashree Hospitals', '1.5 km'), ('Skalvi International School', '1.8 km'), ('Royal Meenakshi Mall', '2.0 km'), ('Kengeri Metro Station', '3.0 km'), ('Christ University Bannerghatta', '2.5 km')]"
Spectra Palmwoods,"[('Vydehi School of Excellence', '2 km'), ('Bright Beginnings Preschool', '2 km'), ('Whitefield Main Road', '1 km'), ('Forum Value Mall', '2 km'), ('ITPL Tech Park', '2 km')]"
Spectra Raaya,"[('Ryan International School', '2.9 km'), ('Arunodaya College', '2.5 km'), ('Manipal Hospital', '2.5 km'), ('Whitefield Main Road', '2.2 km'), ('D Mart', '1.1 km'), ('Brookefield Mall', '2.3 km')]"
Spectra Raaya Siddapura,"[('Ryan International School', '2.9 km'), ('Arunodaya College', '2.5 km'), ('CMR College', '2.8 km'), ('Manipal Hospital', '2.5 km'), ('Brookefield Mall', '2.3 km'), ('Whitefield Main Road', '2.2 km')]"
Splendid Lake Breeze,"[('Mathru Hospital', '2.0 km'), ('Little Angels High School', '1.8 km'), ('Yelachenahalli Metro Station', '1.5 km'), ('SVR College', '2.0 km'), ('Dayananda Sagar University', '2.0 km')]"
Splendid Lake Dews,"[('Jayashree Multi Speciality Hospital', '2.0 km'), ('St Pauls School Begur', '1.8 km'), ('Yelenahalli Bus Stop', '1.5 km'), ('Government Primary School Yelenahalli', '2.0 km'), ('St Anns School Begur', '1.8 km')]"
Sravyas Flute,"[('Ekya School', '2 km'), ('CMR Institute of Technology', '2 km'), ('Vasan Eye Care Hospital Marathalli', '2 km'), ('Aayug Multi Speciality Hospital', '2 km'), ('Kundalahalli Metro Station', '2 km'), ('Kalyani Tech Park', '2 km')]"
Sree Pranathi Garden,"[('Samastha Hospitals Pvt Ltd', '1.5 km'), ('Kammavari Sangha Institute of Technology', '2.0 km'), ('Gubbalala School', '2.0 km'), ('RMS International School', '2.5 km'), ('Konanakunte Government Hospital', '2.0 km')]"
Sree Pride Apartment,"[('Mother Mary English School', '2 km'), ('Maruthi Vidyalaya', '2 km'), ('St. George College of Management Science & Nursing', '2 km'), ('Motherhood Women & Children Hospital', '2 km'), ('Banaswadi Main Road', '1 km'), ('Kammanahalli Main Road', '2 km')]"
Sree Ram Priya Gardenia,"[('Bharathi Hospitals', '2.0 km'), ('Sri Krishna PU College', '1.8 km'), ('Kaveri Nagar Bus Stop', '1.5 km'), ('Prashanth Nursing Home', '2.0 km'), ('SSM Public School', '2.0 km')]"
Sree Shakthi Homes,"[('Hebbagodi Metro Station', '1.5 km'), ('JJ Hospitals', '1.5 km'), ('Vimalaya Hospital', '2.0 km'), ('Ebenezer International School', '1.8 km'), ('Infosys Office', '2.5 km')]"
Sreeda Pride,"[('Amrita School of Engineering', '2 km'), ('Stanford Speciality Hospital', '2 km'), ('Apollo Clinic', '2 km'), ('Sarjapur Main Road', '1 km'), ('Market Square Mall', '3 km'), ('Carmelaram Railway Station', '3 km')]"
Sri Balaji Ashirwad,"[('Uttarahalli Bus Station', '1.5 km'), ('Unity Hospital', '2.0 km'), ('RNS Institute of Technology', '1.8 km'), ('JSS Academy of Technical Education', '2.5 km'), ('Government School', '2.0 km')]"
Sri Balaji Serene,"[('Omega Multispeciality Hospital', '2.0 km'), ('Ryan International School', '1.5 km'), ('Yelahanka Junction', '2.0 km'), ('The Galleria Mall', '2.0 km'), ('Nagarjuna Pre University College', '1.0 km'), ('Yelahanka Metro Station', '1.0 km'), ('Manyata Tech Park', '3.0 km')]"
Sri Balaji Serene Yelahanka,"[('Nagarjuna Pre University College', '1.3 km'), ('Doddaballapur Main Road', '1.6 km'), ('Omega Multispeciality Hospital', '3.6 km'), ('The Galleria Mall', '4.4 km'), ('Yelahanka Junction', '4.4 km'), ('Yelahanka Metro Station', '5.4 km'), ('Ryan International School', '8.2 km')]"
Sri Balaji Serenity,"[('Srujana Hospital', '2.0 km'), ('Sacretis School', '1.8 km'), ('Wipro EC Bus Stand', '1.5 km'), ('E-City Family Dental Centre', '1.8 km')]"
Sri Balaji Signature,"[('Cratis Hospital', '1.5 km'), ('Carmel English School', '1.0 km'), ('Sarovara Arcade', '1.0 km'), ('Elements Mall', '3.0 km'), ('Thanisandra Railway Station', '2.5 km'), ('Bhartiya Mall of Bengaluru', '2.0 km'), ('REVA University', '3.5 km')]"
Sri Chakra Blossom,"[('E-City Family Dental Centre', '1.8 km'), ('Trust Medicals', '0.8 km'), ('Euro Kids', '1.5 km'), ('KFC', '1.2 km')]"
Sri Charitha Classic Apartment,"[('Vibgyor High Marathahalli', '2 km'), ('Big Bazaar', '2 km'), ('Government Hospital', '2 km'), ('SH 35', '1 km'), ('ITPL Metro Station', '3 km'), ('Brookefield Mall', '3 km')]"
Sri Krishna Excel Stone,"[('Neev School', '2 km'), ('Government Hospital', '2 km'), ('Varthur Main Road', '1 km'), ('Whitefield Metro Station', '3 km'), ('Jagriti Theatre', '2 km')]"
Sri Venkatadri Homes,"[('Singasandra Metro Station', '1.5 km'), ('Blossom Multispecialty Hospital', '2.0 km'), ('St Joseph Eng Sch', '2.0 km'), ('Azim Premji University', '2.5 km'), ('Oxford School Beratena Agrahara', '2.0 km')]"
Sterling Villa Grande,"[('Narayana Olympiad School', '2 km'), ('Pragathi PU College', '2 km'), ('Hoodi Halt Railway Station', '2 km'), ('SH 35', '1 km'), ('Grandcity Market', '2 km'), ('International Tech Park Bangalore', '2 km')]"
Sumadhura Eden Garden,"[('Lake Montfort School', '2 km'), ('The Bangalore School', '2 km'), ('New Life Hospital', '2 km'), ('Ascendas Park Square Mall', '2 km'), ('Hoodi Halt Railway Station', '2 km'), ('SH 35', '1 km'), ('International Tech Park', '3 km')]"
Sumadhura Lake Breeze,"[('Vibgyor High Marathahalli', '2 km'), ('Big Bazaar', '2 km'), ('Government Hospital', '2 km'), ('SH 35', '1 km'), ('ITPL Metro Station', '3 km'), ('Brookefield Mall', '3 km')]"
Sumadhura Sushantham Phase 2,"[('Vidya Spoorthi School', '2.2 km'), ('Kodigehalli Railway Station', '3.0 km'), ('BEL Road', '4.0 km'), ('Ajeenkya DY Patil University', '4.5 km'), ('Aster CMI Hospital', '6.2 km'), ('The Galleria Mall', '7.1 km'), ('Embassy Manyata Business Park', '10.5 km')]"
Sumuk Square,"[('Royal Concorde School', '1.5 km'), ('Sambhrama College', '1.5 km'), ('Narayana Hrudayalaya', '5.0 km'), ('Mall of Asia', '4.0 km'), ('The Galleria Mall', '6.0 km'), ('Yelahanka Junction', '4.0 km'), ('Bellary Road', '1.0 km')]"
Supertech Micasa,"[('Elements Mall', '2.0 km'), ('Delhi Public School', '2.0 km'), ('Columbia Asia Hospital', '2.0 km'), ('Aster CMI Hospital', '1.5 km'), ('KNS Group of Institutes', '2.5 km'), ('Manyata Tech Park', '3.0 km'), ('Yelahanka Junction', '3.0 km')]"
Suraksha Heritage Park,"[('Fortis Hospital', '4.0 km'), ('Apollo Hospital', '4.0 km'), ('VIBGYOR High School', '2.7 km'), ('Royal Meenakshi Mall', '4.2 km'),  ('T. Anthonys School', '1.3 km')]"
Svamitva Emerald Square,"[('Hebbagodi Metro Station', '1.5 km'), ('Mazumdar Shaw Medical Center', '2.0 km'), ('J.M Public English High School', '1.8 km'), ('Heelalige Railway Station', '2.0 km'), ('BTL Institute of Technology', '2.5 km')]"
Swomya Nest,"[('Saraswati Vidya Mandir', '2 km'), ('Comfort Multispeciality Hospital', '2 km'), ('Sree Lakshmi Hospital', '2 km'), ('Mahadevapura Metro Station', '2 km'), ('Old Madras Road', '1 km'), ('Phoenix Market City', '3 km')]"
TVS Emerald Isle of Trees,"[('Baptist Hospital', '1.5 km'), ('Poornima Hospital', '2.0 km'), ('Sukrupa School', '1.8 km'), ('Hebbal Railway Station', '2.0 km'), ('Elements Mall', '2.5 km')]"
TVS Emerald Jard,"[('Hosa Road Metro Station', '1.5 km'), ('Hospitec Multispeciality Hospital', '2.0 km'), ('Relic International School', '1.8 km'), ('Nexus Mall Koramangala', '3.0 km'), ('Dayananda Sagar University', '2.5 km')]"
TVS Emerald Jardin,"[('Hospitec Multispeciality Hospital', '2.0 km'), ('Relic International School', '1.5 km'), ('Singasandra Metro Station', '2.0 km'), ('Dayananda Sagar University', '2.5 km'), ('Nexus Mall Koramangala', '5.0 km')]"
TVS Isle of Trees,"[('Chirayu Hospital', '2.5 km'), ('Morning Star Public School', '1.7 km'), ('Bhartiya Mall of Bengaluru', '6.3 km'), ('Elements Mall', '4.6 km'), ('Thanisandra Main Road', '3.7 km'), ('SH104', '2.5 km'), ('REVA University', '3.6 km')]"
Tata The Promont,"[('Aditi Public School', '1.8 km'), ('Vinayaka Hospital', '3.1 km'), ('PES University', '2.0 km'), ('Nayandahalli Metro Station', '4.8 km'), ('Alankar Mall', '0.12 km')]"
The Five Summits Address,"[('Gopalan International School', '2 km'), ('Cloudnine Hospital', '2 km'), ('Hoodi Bus Stop', '2 km'), ('Forum Shantiniketan Mall', '2 km'), ('International Tech Park', '2 km')]"
The Presidential Tower,"[('Parsh Hospital Yeshwanthpur', '1.8 km'), ('Yeshwanthpur Metro Station', '0.95 km'), ('MS Ramaiah University', '6.2 km'), ('Orion Mall', '2.5 km'), ('Yeshvantpur Junction Railway Station', '5.9 km')]"
Top Class Builder,"[('Manipal Clinic', '1.5 km'), ('Cambridge School Kothanur', '2.0 km'), ('Arekere MICO Layout Bus Station', '1.5 km'), ('Narayana Hrudayalaya Dental Clinic', '2.0 km'), ('New Nobal School Arkere', '2.0 km')]"
Total Environment In That Quiet Earth,"[('K.R. Pura Metro Station', '2.0 km'), ('Bhartiya Mall of Bengaluru', '2.5 km'), ('ORCHIDS The International School', '2.0 km'), ('Garden City University', '3.0 km'), ('Kriyashila Hospitals', '2.5 km'), ('Channasandra Railway Station', '3.5 km'), ('Elements Mall', '3.0 km')]"
Total Environment Windmills of Your Mind,"[('Gopalan Pre University College', '2 km'), ('Manipal Hospital Whitefield', '2 km'), ('Whitefield Metro Station', '2 km'), ('Hoodi Railway Station', '2 km'), ('Ascendas Park Square Mall', '2 km'), ('SH 35', '1 km'), ('International Tech Park Bangalore', '2 km')]"
Trendsquares Ortus 3,"[('NH 7', '1.0 km'), ('Manipal Hospital Hebbal', '3.1 km'), ('Embassy Manyata Business Park', '3.3 km'), ('Esteem Mall', '3.5 km'), ('Trio World Academy', '3.5 km'), ('Impact College of Engineering', '3.9 km'), ('S L V Vidyanikethan School', '2.5 km')]"
Triaxis Splendour Plus,"[('Hoskote Government Hospital', '500 m'), ('Hoskote Junction', '1 km'), ('New Horizons School', '1 km'), ('Bharath Matha School', '2 km'), ('Sri Srinivasa Hospital Bengaluru Rural', '2 km'), ('Chaitanya Medical Center', '2 km'), ('Orion Uptown Mall', '3 km')]"
UKN The Belvedere Airport District,"[('M. S. Engineering College', '2.1 km'), ('Govt. Lower Primary School', '2.3 km'), ('Sadahalli Post Office', '2.6 km'), ('Vidyashilp University', '5.3 km'), ('NH44', '2.8 km'), ('Easyday Club', '5.1 km')]"
Unishire Terraza,"[('Baptist Hospital', '1.5 km'), ('Poornima Hospital', '2.0 km'), ('Sukrupa School', '1.8 km'), ('Hebbal Railway Station', '2.0 km'), ('Elements Mall', '2.5 km')]"
United Elysium,"[('Telerad RXDX Kadugodi', '2 km'), ('New Life Hospital', '2 km'), ('Whitefield Railway Station', '2 km'), ('International Tech Park', '3 km'), ('Whitefield Metro Station', '3 km'), ('Forum Shantiniketan Mall', '3 km')]"
United Elysium 2,"[('Whitefield Global School', '2 km'), ('MVJ College of Engineering', '2 km'), ('Government Model Middle School', '2 km'), ('New Life Hospital Bangalore', '2 km'), ('Whitefield Railway Station', '2 km'), ('Whitefield (Kadugodi) Metro Station', '3 km')]"
United Sai Silicon Heights,"[('Prachitee Experiential School', '260 m'), ('Hope Farm Metro Station', '2.9 km'), ('Nexus Shantiniketan Mall', '3.5 km'), ('Whitefield Railway Station', '3.6 km'), ('Manipal Hospital', '4.1 km'), ('ITPL', '4.2 km'), ('Brookefield Multi Speciality Hospital', '9.1 km')]"
VBC Oracle Heaven,"[('Bangalore Prime Hospital', '1.5 km'), ('Sai Hospital', '2.0 km'), ('Karnataka College', '1.8 km'), ('Tanisandra Railway Station', '2.0 km'), ('Bhartiya Mall of Bengaluru', '2.5 km')]"
VBC Oracle Ridge,"[('Blossom Multispecialty Hospital', '2.0 km'), ('PESIT Bengaluru South', '1.8 km'), ('Beratena Agrahara Metro Station', '1.5 km'), ('Springleaf Hospital', '2.0 km'), ('Azim Premji University', '2.5 km')]"
VBC Oracle Sunrise,"[('Specialty Hospital', '1 km'), ('Siddhanta Intellectual School', '3.1 km'), ('Amrita Vishwa Vidyapeetham', '3.2 km'), ('Market Square Mall Sarjapur Road', '9.7 km'), ('St. Peter’s School', '1 km'), ('Spandana Hospital', '3 km'), ('NH44', '4 km')]"
VBHC Aurora,"[('Akshaya Nursing Home', '1.5 km'), ('Omega Multispeciality Hospital', '2.0 km'), ('N4 Srishti Institute of Art Design', '1.0 km'), ('Poorna Prajna Education Center', '1.5 km'), ('Yelahanka Junction', '2.0 km'), ('The Galleria Mall', '2.0 km')]"
VBHC Palmhaven,"[('Kengeri Metro Station', '1.5 km'), ('BGS Global Hospitals', '2.0 km'), ('Shreya Hospital Bengaluru Rural', '2.0 km'), ('SJB Institute of Technology', '1.8 km'), ('R.V. College of Engineering', '1.8 km')]"
VBHC Palmhaven 2,"[('Kengeri Metro Station', '1.5 km'), ('Gopalan Arcade Mall', '2.0 km'), ('RajaRajeswari Medical College', '2.0 km'), ('Marigold International School', '1.8 km'), ('H.K. Hospital', '2.0 km')]"
VBHC Vaibhava Apartment,"[('Aditi Hospital', '1.5 km'), ('Alliance University', '2.0 km'), ('Anekal Road Railway Station', '2.5 km'), ('National Public School', '3.0 km'), ('Sri Sai Hospitals', '3.0 km')]"
VDB Celedon,"[('Akshaya Nursing Home', '1.5 km'), ('Omega Multispeciality Hospital', '2.0 km'), ('N4 Srishti Institute of Art Design', '1.0 km'), ('Poorna Prajna Education Center', '1.5 km'), ('Yelahanka Junction', '2.0 km'), ('The Galleria Mall', '2.0 km')]"
VDB Infra Olde Town,"[('Santosh Hospital', '1.5 km'), ('St. J.G. Margaret School', '2.0 km'), ('Sampige Road Metro Station', '2.0 km'), ('Ramaiah University of Applied Sciences', '2.0 km'), ('Elements Mall', '3.0 km')]"
VK Krishna Gardenia,"[('Vajarahalli Metro Station', '0.5 km'), ('Asian International Public School', '1.3 km'), ('Royal Meenakshi Mall', '7.4 km'), ('Jain University', '8.5 km'), ('NH48', '4.1 km')]"
VM Grandeur,"[('St George High School', '2 km'), ('Chaitanya E-Techno School', '2 km'), ('Koshys Hospital', '2 km'), ('Ayur Vaid Hospital', '2 km'), ('Horamavu Main Road', '1 km'), ('Elements Mall', '3 km')]"
VM Meridian,"[('Shree Vijayalakshmi Hospital', '1.5 km'), ('Good Shepherd Hospital', '1.8 km'), ('Yuvalok School', '2.0 km'), ('Thanisandra Railway Station', '2.0 km'), ('Bhartiya Mall of Bengaluru', '2.0 km'), ('Elements Mall', '2.5 km'), ('Hennur Main Road', '1.0 km')]"
VMaks Chalet,"[('Bommasandra Metro Station', '2.0 km'), ('JJ Hospitals', '1.8 km'), ('Apollo Pharmacy', '0.8 km'), ('Ebenezer International School', '1.8 km'), ('Ritz Electronic City', '1.2 km')]"
VNR Landmark,"[('Mysore Road Metro Station', '1.5 km'), ('Unity Hospital Bengaluru Urban', '2.0 km'), ('BGS Global Hospitals', '2.0 km'), ('RNS Institute of Technology', '1.8 km'), ('JSS Academy of Technical Education', '1.8 km')]"
VR Tower,"[('Jayashree Multi Speciality Hospital', '2.0 km'), ('St Pauls School Begur', '1.8 km'), ('Yelenahalli Bus Stop', '1.5 km'), ('St Anns School Begur', '1.8 km'), ('Government Primary School Yelenahalli', '2.0 km')]"
VR Towers,"[('Jayashree Multi Speciality Hospital', '2.0 km'), ('St Pauls School Begur', '1.8 km'), ('Yelenahalli Bus Stop', '1.5 km'), ('St Anns School Begur', '1.8 km'), ('Government Primary School Yelenahalli', '2.0 km')]"
VRL Happy Homes,"[('Azim Premji University', '4.9 km'), ('Oakridge International School', '5 km'), ('Sarjapur Main Road', '1 km'), ('Karmelaram Railway Station', '10.9 km'), ('Spandana Hospital', '3 km'), ('Forum Mall The Prestige City', '4 km'), ('Beratena Agrahara Metro Station (upcoming)', '5 km')]"
VRR Fortuna,"[('Gear Innovative International School', '2 km'), ('Karunalayam Hospital', '2 km'), ('Dr Mohan Nursing Home', '2 km'), ('Carmelaram Railway Station', '2 km'), ('RGA Techpark', '2 km'), ('Sarjapur Main Road', '1 km')]"
VRR Nest,"[('Springleaf Hospital', '2.0 km'), ('Silicon Valley School Konappana Agrahara', '1.5 km'), ('Hebbagodi Metro Station', '1.5 km'), ('Infosys Office', '2.5 km'), ('ISBR Business School', '2.0 km')]"
VRSP Vijaya Homes,"[('Akshaya Nursing Home Yelahanka', '1.5 km'), ('Omega Multispeciality Hospital', '2.0 km'), ('N4 Srishti Institute of Art Design & Technology', '1.0 km'), ('Poorna Prajna Education Center', '1.5 km'), ('Yelahanka Junction', '2.0 km'), ('The Galleria Mall', '2.0 km')]"
VSPL Vaishnavi Mandara,"[('Goraguntepalya Metro Station', '1.5 km'), ('Peenya Metro Station', '1.5 km'), ('People Tree Hospitals', '2.0 km'), ('Lourdes High School', '1.8 km'), ('Kanva Hospital', '2.0 km')]"
VSS Enclave,"[('N.R.V Hospital', '1.5 km'), ('Lakshmi Hospital', '1.8 km'), ('Dodjala Railway Station', '2.0 km'), ('Adyar Ananda Bhavan', '2.5 km'), ('The Galleria Mall', '5.0 km'), ('Yelahanka Junction', '6.0 km')]"
VV Hamilton Bliss,"[('Apollo Hospital', '2 km'), ('Nelivigi Eye Hospital', '2 km'), ('Bellandur Road', '1 km'), ('Soulspace Spirit', '2 km'), ('Hosa Road Metro Station', '3 km'), ('Ecospace Tech Park', '2 km')]"
Vaastu Greens,"[('Kengeri Metro Station', '1.5 km'), ('BGS Global Hospitals', '2.0 km'), ('Shreya Hospital Bengaluru Rural', '2.0 km'), ('SJB Institute of Technology', '1.8 km'), ('R.V. College of Engineering', '1.8 km')]"
Vaastu Hill View 3,"[('Rajarajeshwari Nagar Metro Station', '1.5 km'), ('Rc Hospital', '2.0 km'), ('Vasan Eye Care Hospital Rajarajeswari Nagar', '2.0 km'), ('Global Academy of Technology', '1.8 km'), ('Carmel School Ground', '1.8 km')]"
Vaishnavi,"[('Icon Hospital', '1.5 km'), ('Navya Hospital', '2.0 km'), ('Kensri School', '2.5 km'), ('Yelahanka Junction', '3.0 km'), ('The Galleria Mall', '3.5 km')]"
Vaishnavi Nakshatra,"[('Yeshwantpur Metro Station', '1.5 km'), ('Fortis Hospital Rajajinagar', '2.0 km'), ('Columbia Asia Referral', '2.0 km'), ('Yeshwanthpur Junction', '1.5 km')]"
Vaishnavi Oasis,"[('Rajnandini Hospital', '1.7 km'), ('The Mutha School', '0.5 km'), ('Doddakallasandra Metro Station', '2.5 km'), ('Royal Meenakshi Mall', '5.1 km'), ('Dayananda Sagar University', '6.4 km')]"
Vajram Essenza,"[('Regal Hospital', '1.5 km'), ('Karnataka College', '1.0 km'), ('Golden Chariot Public School', '1.0 km'), ('Tanisandra Railway Station', '2.0 km'), ('Bhartiya Mall of Bengaluru', '2.0 km'), ('Elements Mall', '2.5 km'), ('REVA University', '3.0 km')]"
Vajram Esteva,"[('Government Higher Primary School Devarabisanahalli', '2 km'), ('Apollo Hospital', '2 km'), ('Bellandur Road', '1 km'), ('Hosa Road Metro Station', '3 km'), ('Soulspace Spirit', '2 km'), ('Ecospace Tech Park', '2 km')]"
Vajram Newtown,"[('Regal Hospital', '1.5 km'), ('Karnataka College', '1.0 km'), ('Golden Chariot Public School', '1.0 km'), ('Tanisandra Railway Station', '2.0 km'), ('Bhartiya Mall of Bengaluru', '2.0 km'), ('Elements Mall', '2.5 km'), ('REVA University', '3.0 km')]"
Vajram Newtown 2,"[('Sai Hospital', '1.5 km'), ('Navya Hospital', '1.8 km'), ('Samar International Islamic School', '1.0 km'), ('Tanisandra Railway Station', '2.0 km'),('Bhartiya Mall of Bengaluru', '2.0 km'), ('Elements Mall', '2.5 km'), ('Kensri School', '2.0 km')]"
Vajram Newtown 2 Thanisandra Main Road,"[('Federal Public School', '1.3 km'), ('KNS Institute of Technology', '1.5 km'), ('Regal Hospital', '950 m'), ('Elements Mall', '4.1 km'), ('Manyata Tech Park', '5.7 km'), ('SH 104', '110 m'), ('Bhartiya Mall of Bengaluru', '1.6 km')]"
Vajram Tiara,"[('Omega Multispeciality Hospital', '1.5 km'), ('Vidyapeeth School', '2.0 km'), ('Yelahanka Junction', '2.5 km'), ('The Galleria Mall', '2.0 km'), ('Presidency School', '2.0 km')]"
Vakil Whispering Woods,"[('Athreya Hospital', '1.5 km'), ('Hebbagodi Metro Station', '2.0 km'), ('Narayana Hrudayalaya Hospital', '2.5 km'), ('SBR Lucky Mall', '3.0 km'), ('Bangalore College Of Engineering And Technology', '3.0 km')]"
Vanani Apartments,"[('BGS Global Hospitals', '2.0 km'), ('R.V. College of Engineering', '1.8 km'), ('Pattanagere Metro Station', '1.5 km'), ('SJB Institute of Technology', '2.0 km'), ('Global Village Tech Park', '2.0 km')]"
Vandana Apartments,"[('St George High School', '2 km'), ('Chaitanya E-Techno School', '2 km'), ('Orchids The International School Horamavu', '2 km'), ('Koshys Hospital', '2 km'), ('Horamavu Main Road', '1 km'), ('Phoenix Marketcity', '3 km')]"
Vandana Enclave,"[('Greenview Medical Center', '2.0 km'), ('Carmel Garden Public School', '1.8 km'), ('Koramangala Bus Stop', '1.5 km'), ('Devi Eye Hospital', '2.0 km'), ('Kripanidhi Cambridge Public School', '2.5 km')]"
Vandana Homes,"[('South India Shopping Mall', '2.0 km'), ('Aditi Maternity and General Nursing Home', '2.0 km'), ('Aecs Magnolia Maruthi Public School', '1.8 km'), ('Aradhana Academy', '2.5 km')]"
Vandana Vayu Shakti Phase 6,"[('Chaitanya E-Techno School', '2 km'), ('St George High School', '2 km'), ('Koshys Hospital', '2 km'), ('Health Plus Multi Speciality Hospital', '2 km'), ('Horamavu Main Road', '1 km'), ('Phoenix Marketcity', '3 km')]"
Vandhana Jasmine,"[('Vijayashree Hospitals', '1.5 km'), ('Narayana Nethralaya', '2.0 km'), ('St Anns School Begur', '1.8 km'), ('Cinepolis', '2.5 km'), ('GHPS Venugopal Nagar', '2.0 km')]"
Vario Homes,"[('Navya Hospital', '1.5 km'), ('Icon Hospital', '1.8 km'), ('Kensri School', '2.0 km'), ('Elements Mall', '2.5 km'), ('Thanisandra Railway Station', '2.0 km'), ('Manyata Tech Park', '3.0 km')]"
Varthur-Sarjapur Road,"[('Government Hospital', '2 km'), ('Varthur Main Road', '1 km'), ('Global Indian International School', '2 km'), ('Virginia Mall', '3 km'), ('Whitefield Metro Station', '4 km'), ('RGA Techpark', '3 km')]"
Vasathi Avante,"[('Navya Hospital', '1.5 km'), ('Sai Hospital', '2.0 km'), ('Kensri School', '1.8 km'), ('Tanisandra Railway Station', '2.0 km'), ('Elements Mall', '2.5 km')]"
Vaswani Exquisite,"[('Euroschool Whitefield', '10 m'), ('Sri Sathya Sai Institute', '2.7 km'), ('Vydehi Hospital', '2.8 km'), ('Hoodi Halt Railway Station', '2 km'), ('NH 75', '4.4 km'), ('Reliance Smart', '3 km'), ('Bagmane World Technology Center', '10 m')]"
Vaswani Menlo Park,"[('Varthur Road', '1 km'), ('VIBGYOR High School', '2 km'), ('More Supermarket', '2 km'), ('Virginia Mall', '3 km'), ('Global Technology Park', '3 km'), ('Belandur Road', '2 km'), ('Whitefield (Kadugodi) Metro Station', '3 km')]"
Vaswani Pinnacle,"[('Government School', '2 km'), ('Vasan Eye Care', '2 km'), ('Whitefield Metro Station', '2 km'), ('Forum Value Mall', '2 km'), ('International Tech Park Bangalore', '2 km'), ('SH 35', '1 km')]"
Vaswani Starlight,"[('Prajval Vidyanikethan School', '750 m'), ('Garden City University', '12.7 km'), ('Hope Hospital', '12.2 km'), ('SH 35', '1.6 km'), ('Park Square Mall', '2.6 km'), ('Whitefield Metro Station', '2 km'), ('Prestige Shantiniketan Complex', '3.9 km')]"
Vedant Vayun,"[('Vijayashree Hospitals', '1.5 km'), ('St Anns School Begur', '1.8 km'), ('Yelenahalli Bus Stop', '1.5 km'), ('T John Institute of Technology', '2.0 km'), ('Royal Meenakshi Mall', '3.0 km')]"
Veeranna Prestige,"[('Lalbagh Metro Station', '1.5 km'), ('South City Hospital', '2.0 km'), ('RV Public School', '1.8 km'), ('Sagar Chandramma Hospital', '2.0 km'), ('Medikeris Superspeciality ENT Centre', '2.5 km')]"
Venkatadari Palm Groves,"[('Telerad RXDX Kadugodi', '2 km'), ('New Life Hospital', '2 km'), ('Whitefield Railway Station', '2 km'), ('International Tech Park', '2 km'), ('Whitefield Metro Station', '3 km'), ('Forum Shantiniketan Mall', '3 km')]"
Venkatadri Homes,"[('Singasandra Metro Station', '1.5 km'), ('Blossom Multispecialty Hospital', '2.0 km'), ('St Joseph Eng Sch', '2.0 km'), ('Azim Premji University', '2.5 km'), ('Oxford School Beratena Agrahara', '2.0 km')]"
Venkatadri Residency,"[('Pattanagere Metro Station', '1.5 km'), ('BGS Global Hospitals', '2.0 km'), ('Unity Hospital Bengaluru Urban', '2.0 km'), ('RNS Institute of Technology', '1.8 km'), ('JSS Academy of Technical Education', '1.8 km')]"
Venkatas Oakwood,"[('Srujana Hospital', '1.5 km'), ('Hebbagodi Metro Station', '1.5 km'), ('Velankani Tech Park', '2.0 km'), ('E-City Family Dental Centre', '1.5 km'), ('Infosys Office', '2.5 km')]"
Veohm Vigneshwara Cedar Woods,"[('Teresa Bacq School', '2 km'), ('Manasa Public School', '2 km'), ('Bangalore Prime Hospital', '2 km'), ('Medi Derma Hospital', '2 km'), ('Hennur Main Road', '1 km'), ('Manyata Tech Park', '3 km')]"
Veracious Enrica,"[('Marvel Hospital and Fertility Center', '2.0 km'), ('Kripanidhi Cambridge Public School', '1.8 km'), ('Koramangala Bus Stop', '1.5 km'), ('Murthy Health and Research Centre', '2.0 km'), ('GHPS Jakkasandra', '2.0 km')]"
Verdant Apartment,"[('Icon Hospital', '1.5 km'), ('Hebbal Medical Center', '2.0 km'), ('Kriya Preschool', '1.8 km'), ('Hebbal Railway Station', '2.0 km'), ('Elements Mall', '2.5 km')]"
Vibrant Sunrise,"[('Garden City College', '2 km'), ('Cambridge Institute of Technology', '2 km'), ('Seegehalli Government Hospital', '2 km'), ('Health Plus Multi Speciality Hospital', '2 km'), ('Hoodi Railway Station', '2 km'), ('International Tech Park', '2 km'), ('Old Madras Road', '1 km')]"
Victory Brindavana 2,"[('Orchids The International School - Horamavu', '2 km'), ('St George High School', '2 km'), ('Cloudnine Hospital', '2 km'), ('Horamavu Main Road', '1 km'), ('KR Puram Railway Station', '3 km'), ('Elements Mall', '3 km')]"
Victory Conrad,"[('Medi Derma Hospital', '1.5 km'), ('Legacy School', '1.0 km'), ('Thanisandra Railway Station', '2.0 km'), ('Bhartiya Mall of Bengaluru', '2.0 km'), ('Elements Mall', '2.5 km'), ('Bangalore Group of Institutions', '1.5 km'), ('REVA University', '3.0 km')]"
Vignesh Habitat,"[('University of Agricultural Sciences', '2.0 km'), ('Orchids The International School Vivekananda', '1.5 km'), ('The Galleria Mall', '3.5 km'), ('Kodigehalli Railway Station', '2.0 km'), ('Yelahanka Junction', '3.0 km'), ('Cauvery School', '1.5 km')]"
Vigneshwara Cedarwood,"[('Medi Derma Hospital', '1.5 km'), ('Teresa Bacq School', '2.0 km'), ('Manasa Public School', '1.8 km'), ('Elements Mall', '3.0 km'), ('Swamy Vivekananda Primary and High School', '2.5 km')]"
Vihar Heights,"[('Hebbagodi Metro Station', '1.5 km'), ('JJ Hospitals', '1.5 km'), ('Vimalaya Hospital', '2.0 km'), ('Ebenezer International School', '1.8 km'), ('Infosys Office', '2.5 km')]"
Vijaya Enclave,"[('Vibgyor School', '2 km'), ('Comfort Multispeciality Hospital', '2 km'), ('Sree Lakshmi Hospital', '2 km'), ('Mahadevapura Metro Station', '2 km'), ('Phoenix Mall', '2 km'), ('NH 44', '1 km'), ('International Tech Park', '2 km')]"
Vijayasri Eldorado,"[('Kannamangala Primary Health Center', '2 km'), ('Geetha Hospital', '2 km'), ('S.N. Hospital', '2 km'), ('NH 75', '2 km'), ('East Point Hospital', '3 km')]"
Vikas Paradigm,"[('Navya Hospital', '1.5 km'), ('Icon Hospital', '1.8 km'), ('Kensri School', '2.0 km'), ('Elements Mall', '2.5 km'), ('Yeshwantpur Junction', '3.0 km'), ('Manyata Tech Park', '3.0 km')]"
Visalakshi Prakruthi,"[('Elements Mall', '2.0 km'), ('Reva University', '2.5 km'), ('Hegemony Global School', '2.0 km'), ('Cratis Hospital', '1.5 km'), ('Thanisandra Railway Station', '2.0 km'), ('Manyata Tech Park', '2.5 km'), ('Bhartiya Mall of Bengaluru', '2.0 km')]"
Visista by Vista Spaces Oaks,"[('North Side Hospital', '1.5 km'), ('Jnanadeepika School', '2.0 km'), ('Kodigehalli Railway Station', '2.5 km'), ('Orchids The International School', '2.0 km'), ('University of Agricultural Sciences', '2.0 km')]"
Visista by Vista Spaces Okas,"[('North Side Hospital', '1.5 km'), ('Jnanadeepika School', '2.0 km'), ('Kodigehalli Railway Station', '2.5 km'), ('Orchids The International School', '2.0 km'), ('University of Agricultural Sciences', '2.0 km')]"
Vista Visista Spaces Okas,"[('North Side Hospital', '1.5 km'), ('Jnanadeepika School', '2.0 km'), ('Kodigehalli Railway Station', '2.5 km'), ('Orchids The International School', '2.0 km'), ('University of Agricultural Sciences', '2.0 km')]"
Vistar Classic,"[('Jayashree Multi Speciality Hospital', '2.0 km'), ('St Anns School Begur', '1.8 km'), ('Yelenahalli Bus Stop', '1.5 km'), ('St Pauls School Begur', '2.0 km'), ('Government Primary School Yelenahalli', '2.0 km')]"
Vyshnavi Brundavanam Phase 2,"[('Geetanjali Olympiad School', '1.2 km'), ('Patel Law College', '700 m'), ('Bellandur Road Railway Station', '2.1 km'), ('Cloudnine Hospital', '5.3 km'), ('Soul Space Spirit Centro Mall', '5.6 km'), ('NH44', '1 km'), ('Sakra World Hospital', '2 km')]"
Warrior Lakeview,"[('Sapthagiri Hospital', '1.5 km'), ('CyteCare Hospitals', '2.0 km'), ('REVA University', '2.5 km'), ('Brindavan College of Engineering', '2.0 km'), ('The Galleria Mall', '3.5 km'), ('Yelahanka Junction', '3.0 km'), ('Ryan International School', '2.5 km')]"
White Lotus Kala,"[('Sathya Hospital', '1.5 km'), ('Zion Hospital and Research Centre', '1.8 km'), ('Patel Public School', '1.0 km'), ('CMR University', '2.0 km'), ('Kammanahalli Main Road', '1.0 km'), ('Elements Mall', '3.0 km')]"
Whitestone Florenso,"[('VIBGYOR High School', '2 km'), ('Capstone High CBSE School', '2 km'), ('Mission Hospital', '2 km'), ('East Point Hospital', '2 km'), ('PVR Orion Uptown Mall', '3 km'), ('NH 75', '2 km')]"
Wonderwall by B&M,"[('Balaji Nursing Home', '2 km'), ('Sri Lakshmi Multi Speciality Hospital', '2 km'), ('Town Hospital', '2 km'), ('Sarjapur Road', '1 km'), ('Market Square Mall', '2 km'), ('Saandeepani Academy For Excellence', '2 km'), ('Wipro Limited SEZ', '3 km')]"
Woods,"[('Narayana Multispeciality Hospital', '2 km'), ('Telerad RXDX Kadugodi', '2 km'), ('Whitefield Metro Station', '2 km'), ('Whitefield Railway Station', '2 km'), ('International Tech Park', '3 km'), ('Q Cinemas', '2 km')]"
Y Living,"[('Gopalan International School', '2 km'), ('Hoodi High School', '2 km'), ('Seegehalli Government Hospital', '2 km'), ('Hoodi Junction Metro Station', '2 km'), ('Sitaramapalya Metro Station', '2 km'), ('International Tech Park', '2 km')]"
Y at Whitefield,"[('NH75', '1 km'), ('Delhi Public School', '3 km'), ('Agarwal Eye Hospital', '2 km'), ('MedPlus', '1.5 km'), ('Phoenix Marketcity', '4 km'), ('KR Puram Metro Station', '3 km'), ('ITPL', '5 km')]"
YD Exotica,"[('New Baldwins School', '2 km'), ('St. George College of Management Science & Nursing', '2 km'), ('Motherhood Women & Children Hospital', '2 km'), ('Srivijaya Speciality Hospital', '2 km'), ('Channasandra Railway Station', '2 km'), ('Gopalan Signature Mall', '2 km')]"
YMR Lichen,"[('Medi Derma Hospital', '1.5 km'), ('Teresa Bacq School', '1.0 km'), ('Manasa Public School', '1.5 km'), ('Thanisandra Railway Station', '2.0 km'), ('Bhartiya Mall of Bengaluru', '2.0 km'), ('Elements Mall', '2.5 km'), ('REVA University', '3.0 km')]"
Yafa Zaifar,"[('Heritage International School', '2 km'), ('HMR International School', '2 km'), ('Good Shepherd Hospital', '2 km'), ('Medicure Hospital', '2 km'), ('Hennur Main Road', '1 km'), ('Manyata Tech Park', '3 km')]"
Yuva Sunrise,"[('Bommasandra Metro Station', '2.0 km'), ('National Public School', '1.5 km'), ('Sri Sai Hospitals', '1.0 km'), ('Alliance University', '3.0 km'), ('Hosur Railway Station', '5.0 km')]"
Yuva Utsav,"[('Hebbagodi Metro Station', '1.5 km'), ('JJ Hospitals', '1.5 km'), ('Vimalaya Hospital', '2.0 km'), ('Ebenezer International School', '1.8 km'), ('Infosys Office', '2.5 km')]"
Zen Indraprastha by Pratham,"[('Yeshwantpur Metro Station', '1.5 km'), ('Orion Mall', '2.0 km'), ('National Public School', '1.8 km'), ('Manipal Hospital', '2.0 km'), ('Fortis Hospital', '2.0 km')]"
